-5,90,-3,-1375,-8,16,0,1303
-3,88,-6,-1374,108,21,0,-1402
-11,89,-6,-1231,14,72,0,-1245
-14,95,0,-1020,11,98,0,962
-21,100,0,-793,44,52,0,882
-21,105,0,-596,82,42,0,596
-23,106,0,-444,116,42,0,411
-22,104,0,-334,98,29,0,333
-20,104,1,-270,109,6,0,286
-24,102,5,-261,154,-14,0,-486
-52,119,45,-369,250,-87,1,-439
-74,160,115,-713,386,-547,1,-498
-104,205,152,-1352,351,-922,1,-1969
-88,258,156,-2250,113,-1434,1,-3308
-62,268,135,-3104,30,-1386,1,-2270
-53,257,110,-3685,-65,-1372,1,2599
-48,225,72,-3894,-319,-1354,1,3015
-37,188,46,-3647,-449,-1365,1,2591
-13,173,6,-3107,301,-1289,1,-2212
-66,94,-122,-2765,215,-1493,1,4010
-18,27,-174,-2454,1459,-1157,1,2054
-65,-7,-158,-2454,1505,-380,1,-3544
-24,-1,-111,-2851,317,85,1,2608
-6,21,-77,-3386,107,557,1,-3873
24,30,-57,-4031,424,1008,1,3547
20,55,-36,-4243,724,1127,1,5666
18,80,-8,-3792,1108,1242,1,3591
-65,154,28,-2620,1317,1175,1,2892
-124,198,47,-1376,940,1139,1,529
-122,240,66,-73,1145,1154,1,123
-210,259,87,1067,751,1133,1,-816
-238,202,47,1438,1023,387,1,-2026
-186,152,21,1228,259,314,1,-1219
-140,112,-17,623,255,244,1,652
-135,91,-71,-202,-195,460,0,350
-147,106,-97,-1172,-275,977,0,1738
-176,125,-112,-2310,-440,1039,1,3075
-209,115,-117,-3585,-319,1017,1,3091
-179,126,-89,-4860,-604,1044,1,5155
-85,138,-47,-6136,-596,1134,1,4409
-8,129,6,-7411,-435,1025,1,-6595
58,98,42,-8330,-459,265,1,8251
85,61,49,-8572,-328,-71,1,-8225
64,47,49,-8227,113,-278,1,8475
42,36,39,-7536,477,-611,1,7930
18,40,23,-6362,625,-825,1,6590
-8,70,8,-4960,881,-997,1,-4993
-51,92,-30,-3584,1284,-1402,1,3570
-160,145,-95,-2208,958,-1478,1,3767
-150,158,-98,-832,1397,-1269,1,727
-157,195,-102,543,1601,-1419,1,-494
-217,138,-89,1481,982,-1139,1,-613
-212,131,-6,1880,998,-703,1,-1623
-226,153,44,1519,768,-790,1,1453
-232,202,78,587,426,-915,1,19
-179,228,82,-618,-253,-1248,1,1613
-148,220,76,-1698,-501,-1419,1,735
-123,199,49,-2550,-773,-1405,1,3842
-78,152,30,-2844,-968,-1410,1,3477
-45,148,27,-2281,-988,-1349,1,3799
-49,158,-30,-1467,-159,-1351,1,-211
-80,47,-172,-767,132,-1574,1,1175
-91,-15,-158,-456,726,-587,1,-402
-85,-39,-138,-688,567,-232,1,-136
-49,7,-92,-1284,395,361,1,-1423
-14,36,-60,-2104,339,723,1,-2983
-5,60,-36,-2907,814,1120,1,-3085
1,52,-20,-3407,1283,1190,1,3278
-52,79,-9,-3190,1622,1139,1,-3624
-219,142,0,-2371,1716,1047,1,2998
-283,147,12,-1669,1685,1048,1,1423
-287,131,45,-1125,1214,794,1,627
-262,98,43,-917,1004,487,1,208
-201,69,10,-1032,718,297,1,1892
-150,50,-8,-1236,427,587,1,-1937
-126,30,-31,-1468,379,655,1,-1586
-138,12,-61,-1785,87,836,1,-1362
-180,14,-73,-2252,28,931,1,-2947
-213,10,-67,-2948,183,949,1,-2079
-210,24,-34,-3833,-367,941,1,3280
-94,62,-10,-4937,-812,656,1,4762
-1,67,-7,-5919,-703,483,0,5124
45,47,3,-6453,-736,171,1,6978
60,34,22,-6525,-312,-38,1,-6246
51,27,32,-6233,76,-261,1,6427
46,27,34,-5615,498,-494,1,5605
39,31,28,-4564,819,-802,1,4582
8,63,2,-3188,1145,-990,1,3041
-70,109,-36,-1812,1352,-1393,1,1827
-152,146,-107,-436,1353,-1478,1,339
-167,157,-95,939,1034,-1038,1,-971
-196,151,-106,2178,1704,-867,1,-3447
-160,126,-58,2869,763,-687,1,-3004
-112,113,-12,3164,1130,-630,1,-2646
-154,154,42,3015,1368,-798,1,3496
-194,216,74,2359,959,-1133,1,3764
-193,282,92,1367,219,-1418,1,384
-165,296,55,176,-158,-1392,1,-1275
-147,284,7,-872,-517,-1380,1,1418
-108,227,-37,-1552,-645,-1401,1,-349
-53,171,-19,-1471,-648,-1343,1,-650
-37,135,-71,-1248,-99,-1393,1,-300
-34,28,-130,-1125,-557,-1423,1,-890
-19,-2,-133,-876,514,-893,1,-642
-47,-34,-131,-940,533,-412,1,-172
-39,-13,-91,-1178,512,151,1,1661
-33,30,-56,-1737,618,584,1,-1761
-22,46,-32,-2372,736,909,1,-2058
-28,39,-19,-2686,1190,1109,1,-2724
-38,61,-6,-2417,1616,1145,1,-2888
-151,120,10,-1562,1694,1069,1,1101
-231,161,29,-545,1633,1077,1,45
-236,168,69,182,956,1052,1,-1812
-248,131,96,722,493,837,1,-110
-166,105,87,922,327,207,1,-651
-155,68,36,950,440,87,1,-673
-131,52,15,754,429,150,1,-884
-151,30,-19,454,348,250,1,249
-181,24,-49,-81,95,444,1,-301
-177,38,-52,-880,-111,708,1,355
-185,42,-53,-1884,-6,706,1,1337
-193,30,-57,-3065,-81,760,1,2485
-172,48,-46,-4340,-175,708,1,4652
-106,81,-35,-5615,-154,585,1,5927
-23,97,-6,-6891,-2,701,0,6182
44,83,38,-7722,-279,467,1,7862
64,50,66,-7996,-57,161,1,8081
53,26,74,-7766,236,-101,1,7867
27,16,69,-7143,447,-402,1,7045
26,20,51,-6133,537,-657,1,5955
5,55,22,-4757,1014,-730,1,5020
-11,86,-9,-3355,1328,-1017,1,2949
-96,111,-80,-1979,1276,-1463,1,1676
-112,151,-77,-603,813,-1120,1,1439
-126,170,-91,773,1518,-1055,1,-636
-164,200,-91,1970,1664,-1067,1,-1323
-175,149,-58,3122,1198,-629,1,-2794
-149,130,-14,3535,996,-503,1,-4038
-140,156,31,3461,987,-645,1,3281
-167,197,71,2859,897,-667,1,2583
-175,263,77,1813,73,-1304,1,940
-156,277,64,602,-63,-1395,1,-1756
-129,282,52,-458,-549,-1375,1,1822
-72,241,24,-1145,-787,-1365,1,659
-15,196,-5,-1158,-773,-1289,1,-581
7,157,-55,-473,-319,-1348,1,1290
-38,70,-125,327,-132,-1477,1,1052
-72,0,-150,729,941,-725,1,-882
-73,-29,-144,455,256,-529,1,527
-22,-23,-121,-9,-22,-81,1,53
-30,7,-82,-613,385,452,1,-618
-23,48,-36,-1299,612,1119,1,-816
-31,55,-18,-1772,1194,1141,1,-1552
-51,85,-13,-1724,1613,1146,1,-1253
-73,150,-14,-918,1592,1169,1,-493
-149,229,14,446,1271,1142,1,-324
-199,255,74,1753,711,1139,1,-30
-205,225,96,2762,582,550,1,-2789
-213,161,61,3230,697,231,1,-3724
-163,121,38,3234,263,-10,1,3410
-168,81,-30,2818,897,-34,1,-2123
-167,65,-92,2144,151,203,1,2179
-160,77,-120,1173,-52,673,1,-1698
-161,102,-130,65,-168,996,1,-839
-175,115,-145,-1173,-543,1045,1,721
-153,121,-127,-2448,-874,1040,1,3690
-110,119,-54,-3724,-398,1091,1,2921
-30,117,10,-4999,-273,1186,1,-5718
35,93,34,-6101,-473,569,0,5227
73,69,48,-6531,-340,215,1,6201
75,51,59,-6405,-42,-70,1,-6441
58,44,53,-5829,355,-384,1,5880
39,54,39,-4808,690,-593,1,4624
14,83,13,-3432,986,-886,1,3483
-6,122,-35,-2056,1304,-1336,1,2166
-132,165,-98,-705,1116,-1425,1,840
-123,186,-108,696,1410,-1187,1,-817
-200,224,-126,2072,1432,-1070,1,-2549
-203,179,-110,3448,1404,-645,1,-2712
-170,132,-64,4380,585,-348,1,-4640
-101,104,-18,4676,562,-232,1,-4240
-105,112,18,4530,1130,-241,1,5409
-123,151,67,4011,940,-515,1,3752
-177,225,118,3031,656,-781,1,2671
-154,267,109,1731,124,-1391,1,557
-139,258,83,517,-426,-1398,1,-1794
-98,237,57,-269,-614,-1373,1,1667
-74,212,12,-494,-652,-1348,1,1719
-45,157,-3,67,-1011,-1359,1,1615
-20,142,-4,860,-140,-1280,1,1973
-56,84,-97,1230,501,-1482,1,-243
-89,4,-213,1438,546,-1369,1,-624
-72,-14,-178,1243,303,-247,1,1530
-38,0,-106,837,105,316,1,607
-23,37,-49,273,484,853,1,928
-17,73,-26,-325,878,1182,1,-1784
-22,102,-12,-675,1274,1242,1,-762
-52,137,5,-381,1333,1191,1,82
-112,191,23,534,1505,1151,1,-845
-170,224,34,1413,1351,1123,1,-1226
-162,215,38,2263,603,840,1,-2456
-173,204,59,2845,1079,714,1,-3513
-171,166,40,3008,657,-100,1,2325
-138,106,-16,2907,800,-146,1,-2054
-135,94,-28,2876,19,493,1,2562
-119,79,-54,2710,-313,500,1,-2646
-176,67,-101,2226,-357,659,1,-3023
-180,81,-124,1318,-452,850,1,-1838
-188,95,-132,131,-511,1028,1,-1310
-187,94,-135,-1143,-461,1004,1,1591
-115,122,-98,-2419,-897,1070,1,3766
-14,129,-24,-3694,-663,1080,0,2138
43,98,24,-4728,-467,482,0,4628
85,66,47,-5066,-422,104,1,4671
83,48,60,-4782,-6,-194,1,-4662
61,45,50,-4044,427,-473,1,3993
31,60,28,-2845,775,-745,1,2767
6,91,-1,-1469,876,-959,1,-1329
-61,116,-52,-119,1171,-1372,1,454
-125,179,-95,1256,1090,-1403,1,-1347
-142,183,-99,2632,1130,-989,1,-3494
-187,214,-121,4034,1666,-929,1,-2808
-156,163,-92,4918,1308,-626,1,-5180
-141,120,-61,5390,1369,-492,1,-4472
-144,117,-10,5354,1126,-387,1,-4607
-145,171,65,4854,864,-511,1,4113
-191,242,101,3821,604,-936,1,3900
-138,274,90,2593,-163,-1394,1,-3633
-136,284,71,1426,-454,-1384,1,-240
-103,254,40,492,-514,-1389,1,-1587
-90,216,9,16,-740,-1361,1,-1833
-39,163,3,318,-1002,-1324,1,-1914
-16,149,-18,1056,-19,-1283,1,440
-39,70,-133,1371,1473,-1547,1,-1656
-56,2,-181,1305,689,-943,1,-1157
-1,-23,-178,1023,144,-377,1,691
5,-16,-128,810,78,327,1,597
-1,11,-81,617,274,765,1,478
-5,36,-53,405,99,935,1,582
-8,70,-24,324,296,1193,1,1168
-33,114,15,602,883,1202,1,-1478
-86,164,37,1353,1290,1178,1,-1039
-147,230,50,2356,1290,1138,1,-2058
-156,267,89,3346,597,1139,1,-2815
-173,249,123,3963,1126,1112,1,-3945
-188,155,60,4131,1049,117,1,-5201
-178,101,18,4132,473,210,1,-4587
-184,79,-16,3779,-5,241,1,-3779
-195,62,-74,3118,-200,469,1,-3467
-222,86,-127,2038,-412,849,1,-1483
-226,116,-158,763,-438,1006,1,-172
-226,147,-155,-512,-530,1027,1,1798
-139,140,-95,-1787,-572,1073,1,171
-71,148,-40,-3086,-637,1182,1,2585
20,129,0,-4362,-351,738,0,4642
92,94,26,-4955,-568,329,0,4158
101,71,48,-4784,-145,110,1,4672
59,57,45,-4084,246,-115,1,3931
31,56,40,-3126,603,-349,1,3902
9,63,12,-1884,1035,-590,1,292
-22,77,-20,-534,1457,-868,1,1167
-77,108,-60,867,1528,-1300,1,-913
-116,170,-100,2244,1611,-1322,1,-2848
-176,201,-146,3620,1630,-1465,1,-3383
-241,164,-128,4865,1321,-1380,1,-4964
-243,123,-68,5477,1335,-1050,1,-5251
-228,111,-2,5352,974,-920,1,-5184
-231,143,45,4620,662,-1013,1,4905
-230,190,63,3514,72,-1170,1,2308
-200,232,73,2311,-497,-1465,1,-3371
-163,224,53,1278,-694,-1420,1,-949
-120,204,40,732,-936,-1397,1,-1184
-61,172,22,900,-978,-1353,1,-1433
-19,157,-8,1653,-397,-1325,1,606
-29,106,-128,2157,274,-1474,1,-3253
-22,21,-240,2719,893,-1187,1,-3501
-77,-17,-228,2719,306,-187,1,2987
-23,14,-134,2374,-14,472,1,-2062
-13,46,-81,1817,97,925,1,1172
-11,69,-38,1420,229,1155,1,387
-17,94,-10,1357,982,1226,1,533
-72,138,19,1892,1496,1184,1,-1730
-127,217,51,2708,1215,1145,1,-2758
-192,232,70,3469,934,1109,1,-2669
-204,219,106,4176,756,1089,1,-5789
-207,197,129,4505,642,562,1,-4513
-172,114,36,4272,755,-130,1,4668
-147,74,-29,3847,405,131,1,3798
-153,57,-69,3304,140,454,1,3396
-168,71,-79,2625,169,854,1,2323
-196,86,-108,1596,58,913,1,1386
-201,97,-111,403,-175,1007,1,-535
-178,103,-86,-871,-416,1025,1,1656
-105,104,-31,-2142,-590,1089,1,3660
-17,102,9,-3384,-545,759,1,-3485
51,65,16,-4194,-563,344,1,4970
71,45,35,-4401,-428,150,1,4167
68,30,41,-4199,-120,-112,1,-4111
58,31,39,-3607,244,-327,1,4005
40,35,24,-2744,638,-616,1,2750
1,45,1,-1528,838,-697,0,1062
-65,61,-29,-152,1150,-1087,1,181
-160,87,-55,1223,1073,-1162,1,-1155
-177,99,-56,2599,1451,-1108,1,-2873
-229,96,-59,3769,1142,-1381,1,-3863
-221,65,-64,4661,1154,-1154,1,-4760
-191,49,-36,5143,985,-912,1,-5359
-147,67,21,5493,651,-660,1,5546
-184,149,100,5515,478,-877,1,6012
-186,197,118,5239,166,-1313,1,4600
-180,248,114,4922,-234,-1458,1,-5721
-171,256,60,4638,-377,-1412,1,-6001
-143,242,15,4668,-634,-1393,1,-5446
-102,224,13,5094,-377,-1369,1,-5966
-51,191,-51,5204,270,-1378,1,-4232
-24,69,-151,5237,207,-1532,1,-4487
-16,11,-191,5473,730,-1156,1,-4994
-23,-27,-181,5460,-262,-334,1,-5544
-19,-14,-117,5318,84,258,1,-5625
-22,28,-81,4909,105,597,1,4427
-15,56,-47,4500,417,1068,1,5122
-14,88,-12,4463,1066,1225,1,4561
-55,137,19,5024,1261,1205,1,-4952
-81,199,53,6004,938,1170,1,-4334
-144,239,97,7062,371,1130,1,-7822
-152,228,109,7932,-533,1117,1,6312
-139,215,141,8267,-349,1127,1,9635
-113,146,109,8245,76,851,1,-9127
-122,142,167,8043,-111,132,1,8146
-144,102,16,7692,758,23,1,-7192
-225,124,-61,6757,46,271,1,7143
-216,139,-76,5506,-227,374,1,-5123
-217,146,-79,4230,-224,458,1,-4501
-200,137,-79,2955,-457,540,1,-2141
-128,159,-67,1656,-519,537,1,-1735
-30,151,-49,380,-652,516,1,-331
83,105,-6,-861,-616,272,1,-24
125,71,26,-1374,-498,24,1,1175
106,50,34,-1256,86,-185,1,1136
80,33,26,-627,311,-405,1,697
53,43,20,535,627,-426,1,-453
-8,76,5,1911,962,-377,1,1408
-44,100,-16,3313,955,-585,0,-3393
-154,180,-57,4690,1143,-767,1,-5326
-121,181,-65,6066,1365,-611,1,-4108
-150,231,-83,7442,1614,-913,1,-6384
-206,190,-67,8630,1556,-705,1,-9553
-152,147,-15,9407,590,-620,1,-9364
-145,129,1,9573,1308,-675,1,8904
-151,138,48,9173,1180,-724,1,9653
-179,185,104,8355,761,-911,1,8628
-163,233,121,7219,62,-1386,1,6485
-134,239,100,6080,-220,-1410,1,-4760
-124,213,71,5171,-345,-1405,1,-4350
-80,178,40,4697,-641,-1402,1,-5495
-39,146,28,4883,-621,-1343,1,-5355
-31,126,-36,5392,-255,-1353,1,4326
-17,43,-142,5637,798,-1562,1,-5048
-62,-27,-198,5641,928,-921,1,5840
11,-33,-148,5323,-165,-296,1,5619
14,-28,-103,5071,79,163,1,4947
1,10,-69,4833,-39,573,1,4278
-3,52,-38,4571,299,1024,1,5344
-5,79,-20,4506,881,1239,1,5735
-67,122,8,5097,1398,1159,1,-4652
-117,170,26,6043,1437,1134,1,-5808
-159,220,54,7118,1115,1125,1,-7048
-187,242,67,8095,804,1082,1,-6282
-175,210,91,8961,312,916,1,-8586
-148,162,77,9265,700,245,1,-9736
-158,111,10,9264,378,139,1,-9531
-145,104,-10,9030,-18,528,1,-8630
-178,99,-52,8457,-70,514,1,-9133
-188,98,-113,7431,-373,540,1,-7878
-206,127,-145,6156,-527,958,1,-6558
-199,144,-123,4880,-247,1041,1,-6105
-162,142,-102,3605,-453,1061,1,-3006
-109,121,-65,2330,-375,1089,1,-3196
-33,120,-26,1055,-524,1002,1,-1469
41,103,16,-99,-341,767,1,916
80,81,47,-657,-328,330,1,688
91,59,63,-609,-4,40,1,535
75,49,66,-40,314,-298,1,15
46,55,46,881,648,-678,1,-873
18,69,13,2157,1037,-930,0,-3994
-35,90,-23,3533,945,-1286,0,-2838
-95,149,-74,4909,1423,-1387,1,-4938
-157,147,-118,6285,1241,-1290,1,-6437
-202,177,-136,7662,1530,-1259,1,-7171
-212,150,-130,9016,1180,-899,1,-9442
-197,122,-65,9657,1295,-273,1,-8540
-201,141,15,9574,1275,-379,1,8366
-196,174,55,8871,928,-1025,1,9566
-208,218,57,7830,223,-1424,1,7145
-186,266,49,6654,-44,-1414,1,-7634
-184,266,12,5354,-61,-1434,1,-4350
-141,241,-7,4184,-425,-1391,1,5350
-93,179,-20,3542,-596,-1382,1,2591
-61,154,-11,3474,-724,-1359,1,2720
-26,119,-59,3364,238,-1408,1,-2275
1,34,-157,3112,-126,-1580,1,-2755
47,-36,-218,2992,624,-995,1,-2805
33,-48,-188,2904,69,-190,1,-2839
34,-14,-129,2969,-103,517,1,-2391
14,27,-92,3022,-289,981,1,2422
-27,92,-40,3143,134,1162,1,2089
-64,133,1,3210,415,1171,1,-2367
-69,160,34,3401,723,1195,1,-3061
-105,184,68,3724,1084,1137,1,-3671
-117,199,37,4160,1356,1147,1,-4579
-163,216,74,4856,562,1116,1,-5286
-178,186,71,5329,690,692,1,-5273
-195,162,73,5460,275,403,1,-5631
-176,115,0,5173,425,436,1,-5368
-180,102,-64,4643,95,806,1,4531
-195,118,-106,3727,-122,1026,1,-2603
-203,125,-125,2452,-113,1026,1,-3375
-189,124,-123,1177,-402,1030,1,-440
-147,109,-97,-97,-624,1042,1,1665
-63,116,-46,-1397,-966,1162,1,607
4,96,-14,-2557,-623,835,1,-2236
62,74,9,-3260,-609,467,1,3958
87,54,42,-3353,-283,213,1,3231
76,42,50,-3005,205,-151,1,2992
51,44,39,-2264,554,-391,1,2880
32,61,20,-1115,978,-606,1,1503
0,85,0,260,1082,-858,0,-1585
-56,128,-47,1636,1487,-1183,1,-1968
-126,181,-83,3039,1312,-1336,1,-2898
-140,227,-137,4415,1600,-1382,1,-4858
-203,209,-147,5700,1614,-1428,1,-5396
-154,150,-69,6879,703,-943,1,-7047
-174,166,-12,7187,1702,-890,1,-6608
-183,175,18,6609,1575,-1088,1,7105
-209,208,63,5512,937,-993,1,5629
-144,243,69,4237,199,-1403,1,5386
-146,238,56,2973,-300,-1428,1,-3938
-111,222,42,2044,-465,-1383,1,-980
-88,185,20,1626,-630,-1374,1,-396
-66,156,22,1695,-792,-1367,1,-23
-32,143,0,1892,104,-1345,1,735
-36,72,-101,1771,487,-1494,1,-726
18,4,-182,1752,477,-1384,1,706
-22,-37,-217,1659,849,-685,1,1900
12,-29,-160,1487,-31,98,1,-1344
-10,6,-104,1219,120,663,1,1607
-1,53,-76,906,61,1055,1,2005
-7,78,-48,783,535,1146,1,1286
-6,118,-25,1119,1283,1249,1,1493
-56,202,-2,2237,1551,1212,1,2801
-155,292,1,3613,1077,1163,1,-3872
-121,303,46,4989,356,1181,1,-6143
-208,274,71,6178,464,1143,1,-7197
-151,212,81,6505,1023,310,1,-7089
-229,145,-12,6476,693,239,1,7019
-112,148,-3,6126,-182,605,1,-5629
-208,93,-121,5289,-233,597,1,-5886
-175,131,-186,4099,-748,958,1,-4546
-167,147,-177,2824,-511,1039,1,-3712
-163,141,-171,1549,-677,1038,1,-34
-124,137,-113,249,-522,1095,1,-1591
-63,146,-62,-1025,-838,1107,1,900
12,122,-8,-2278,-416,892,1,-2677
60,86,36,-2957,-496,486,1,3016
91,68,56,-3083,-382,188,1,3567
84,58,63,-2824,196,-89,1,3017
71,51,55,-2161,460,-409,1,2148
50,61,39,-1023,788,-689,1,625
0,91,0,378,935,-846,0,-458
-72,145,-56,1728,1289,-994,1,-203
-139,182,-99,3104,1136,-1080,1,-3131
-162,206,-144,4480,1619,-894,1,-5198
-156,185,-157,5883,1648,-1213,1,-5259
-187,156,-86,7055,962,-634,1,-6725
-185,155,-37,7651,1685,-633,1,-6411
-141,122,-14,7524,1154,-760,1,-7146
-159,143,54,6935,1701,-527,1,8088
-186,234,120,5884,667,-899,1,6093
-146,262,91,4608,57,-1403,1,5772
-121,261,68,3623,-507,-1382,1,-2947
-98,243,39,2989,-561,-1389,1,-3144
-87,205,12,2785,-716,-1363,1,-3565
-33,167,21,3083,-508,-1323,1,-2124
-30,145,-36,3302,563,-1318,1,-2909
-23,40,-132,3029,970,-1588,1,-3731
-14,-13,-165,2772,1020,-985,1,2646
11,-48,-173,2533,-160,-423,1,2135
6,-38,-125,2405,0,174,1,2455
0,-12,-81,2295,-58,515,1,-2710
0,23,-64,2226,0,830,1,-2984
-12,68,-50,2170,268,1126,1,3437
-7,135,-43,2350,922,1202,1,3758
-68,238,-24,3384,1552,1207,1,3878
-139,316,19,4768,1134,1202,1,-5083
-125,285,65,5814,566,1169,1,-4403
-209,253,51,6696,814,861,1,-6727
-202,206,39,6944,1070,240,1,-8158
-189,129,-27,6720,603,267,1,6452
-140,141,-30,6583,-746,1020,1,-6331
-105,101,-92,6141,-906,788,1,-5942
-165,92,-156,5321,-578,1002,1,-5379
-178,115,-165,4088,-738,1040,1,-2413
-182,135,-134,2812,-378,1038,1,-3904
-149,128,-85,1537,-546,1061,1,-71
-65,126,-37,262,-633,1073,1,-1879
9,103,8,-969,-135,842,1,97
60,72,26,-1601,-678,273,1,1433
77,58,43,-1658,-319,18,1,1802
73,44,48,-1314,181,-321,1,1154
58,50,38,-530,571,-588,1,588
36,82,19,762,784,-851,1,-735
21,130,-14,2138,929,-1248,0,4028
-83,217,-102,3514,1565,-1395,1,-3641
-198,220,-183,4916,1011,-1497,1,-5556
-223,206,-138,6292,1263,-1074,1,-6353
-202,184,-43,7657,1353,-596,1,-6828
-196,188,5,7794,1673,-854,1,7127
-188,191,36,6901,1694,-830,1,8053
-170,241,60,5626,621,-1244,1,4907
-150,244,34,4351,215,-1399,1,5406
-143,228,25,3109,-536,-1400,1,-2870
-106,202,6,2181,-597,-1381,1,-3860
-92,139,-5,1776,-921,-1405,1,195
-45,119,27,2169,-974,-1224,1,-3889
-16,118,14,2828,-171,-1311,1,-3789
-49,53,-99,3115,400,-1552,1,-3025
-53,-12,-192,3318,109,-1244,1,2243
-70,-28,-179,3406,107,-292,1,3305
-62,-6,-125,3187,-113,196,1,3200
-50,36,-68,2620,604,825,1,2828
-35,89,-40,1946,885,1151,1,207
-6,117,-39,1500,1501,1199,1,1275
-6,156,-58,2052,1497,1191,1,2521
-169,272,-30,3454,1644,1169,1,3621
-189,298,28,4831,603,1144,1,-5494
-217,279,34,5890,836,755,1,-5980
-196,200,23,6537,792,275,1,-7070
-185,144,7,6824,491,228,1,-7052
-151,121,-9,6804,56,435,1,7163
-141,88,-81,6578,-633,260,1,-6730
-182,88,-156,5832,-874,531,1,-6088
-180,121,-157,4622,-783,992,1,-4790
-199,159,-138,3346,-749,1048,1,-2870
-169,155,-112,2071,-559,1065,1,-3664
-71,140,-58,796,-792,988,1,-808
13,109,-28,-503,-467,760,1,-677
47,83,12,-1421,-459,589,1,1656
98,57,47,-1666,-515,272,1,1508
88,50,66,-1352,21,-7,1,1407
64,44,58,-587,360,-315,1,589
33,62,37,596,667,-535,1,-737
8,73,3,1973,1067,-756,1,-301
-55,98,-36,3349,1014,-1228,1,-2653
-113,172,-88,4751,1639,-1232,1,-4272
-148,172,-117,6127,1530,-1187,1,-5888
-194,187,-121,7503,1653,-1169,1,-8108
-174,144,-91,8663,1127,-689,1,-10085
-134,119,-50,9423,751,-370,1,-10130
-92,104,-26,9903,538,-313,0,-9638
-80,124,21,10053,1023,-258,1,9630
-104,158,68,9678,1344,-619,1,8794
-169,203,98,8835,1163,-784,1,9477
-160,255,97,7560,422,-1248,1,6387
-153,270,75,6285,-32,-1399,1,-7227
-121,275,69,5118,-361,-1378,1,-5851
-107,247,35,4280,-505,-1368,1,-5291
-56,207,8,3940,-817,-1356,1,-2541
-10,173,-20,4043,-67,-1300,1,2606
-23,85,-115,4051,445,-1487,1,-2963
22,19,-160,4126,642,-1329,1,5941
-16,-39,-204,4230,653,-715,1,4128
-10,-35,-156,4268,-280,-13,1,-4357
-15,-8,-101,4127,11,440,1,-4547
-29,37,-70,3785,-46,773,1,-3487
-24,70,-39,3383,422,1165,1,2152
-26,102,-9,3242,684,1213,1,2767
-29,141,19,3705,1314,1218,1,-3865
-101,216,52,4816,1159,1163,1,-4696
-122,242,78,5943,727,1151,1,-4442
-130,234,69,7032,877,1146,1,-7235
-133,220,69,7890,606,609,1,-7924
-124,159,19,8249,1395,213,1,-9580
-161,133,-13,8327,972,126,1,8991
-182,100,-47,8201,-175,330,1,-8466
-108,111,-64,7866,-895,582,1,-8123
-156,109,-99,7178,-644,776,1,-7447
-136,115,-109,6214,-769,820,1,-6378
-129,111,-100,4989,-630,794,1,-4766
-119,88,-89,3713,-451,707,1,-3574
-117,59,-92,2438,15,647,1,2841
-176,29,-113,1139,-109,969,1,-1816
-69,94,-35,-112,-894,1094,1,1903
27,98,47,-1180,-415,737,1,1969
56,73,57,-1784,-207,217,1,1707
58,63,64,-1874,-14,-8,1,-1822
69,46,64,-1568,-40,-350,1,-1870
65,42,53,-846,356,-528,1,123
46,52,33,307,704,-731,1,-274
15,89,-2,1709,1171,-977,1,442
-40,133,-62,3085,1168,-1236,1,-3283
-121,187,-115,4461,1234,-1424,1,-4227
-147,219,-138,5838,1607,-889,1,-4915
-170,201,-144,7240,1460,-888,1,-6760
-139,172,-90,8523,1024,-473,1,-9456
-146,145,-41,9437,948,-316,1,-9850
-108,135,-18,9659,717,-402,1,-9754
-86,130,13,9496,928,-326,1,10020
-113,160,57,8901,1071,-416,1,10143
-134,229,106,7811,845,-754,1,7990
-125,271,95,6536,247,-1252,1,7347
-107,261,63,5236,-116,-1397,1,-4129
-93,233,39,4239,-335,-1364,1,-5124
-82,197,16,3627,-498,-1363,1,-2576
-65,151,7,3460,-556,-1364,1,-2608
-30,125,8,3632,-357,-1352,1,-2681
-24,100,-45,3768,452,-1379,0,-2628
-9,19,-124,3819,377,-1594,0,-2506
4,-27,-169,3963,966,-1102,0,-2117
-41,-49,-181,4090,-421,-510,1,-3853
-27,-26,-119,4086,-408,151,1,3712
-38,14,-76,3751,40,411,1,3959
-23,49,-44,3166,157,787,1,4063
-16,83,-23,2679,686,1199,1,3135
-35,108,-7,2619,1219,1223,1,2676
-33,175,1,3174,1532,1231,1,-3545
-159,272,21,4459,1445,1152,1,-4567
-131,266,42,5559,544,1165,1,-4796
-150,276,72,6614,1315,935,1,-7833
-169,211,40,7345,939,255,1,-8118
-179,158,10,7633,1076,272,1,-6353
-168,132,23,7722,-336,226,1,8112
-153,96,-66,7378,-396,76,1,-7600
-180,98,-163,6593,-882,395,1,-6988
-163,130,-173,5372,-875,819,1,-5163
-158,158,-157,4097,-825,1015,1,-4179
-125,136,-127,2798,-615,1085,1,-3133
-121,89,-88,1522,-291,1038,1,-172
-107,87,-56,247,-512,1058,1,-1316
-35,114,-7,-1019,-589,1040,1,1523
31,100,35,-1940,-450,639,1,1142
80,77,46,-2261,-484,201,1,2510
88,62,49,-2098,-7,-65,1,-2084
71,57,42,-1542,400,-292,1,1761
56,63,32,-639,845,-562,1,806
30,85,4,581,1169,-881,1,-1513
-14,115,-45,1957,1401,-1322,1,-1957
-119,189,-126,3333,1599,-1441,1,-3632
-148,192,-141,4735,1100,-1279,1,-4626
-172,239,-184,6111,1607,-1030,1,-5486
-165,182,-133,7416,1439,-789,1,-6887
-158,159,-75,8123,1426,-707,1,-6305
-133,120,-50,8150,1508,-617,1,-6293
-126,133,6,7785,1397,-500,1,6674
-172,163,39,6992,1159,-584,1,7612
-188,228,50,5716,624,-804,1,5993
-163,254,36,4417,173,-1001,1,4735
-123,241,28,3166,-548,-1261,1,-2566
-91,204,21,2090,-666,-1368,1,-3941
-69,164,9,1551,-911,-1362,1,-59
-48,139,14,1686,-785,-1374,1,-115
-36,127,-13,1961,168,-1338,1,-620
-35,54,-96,1783,705,-1517,1,-403
22,-19,-163,1467,865,-1378,0,-800
14,-57,-183,1390,57,-614,0,-1969
20,-43,-127,1468,-306,131,0,-1101
-1,-14,-79,1513,-94,457,0,1084
-13,21,-59,1375,140,679,0,1877
-20,58,-42,1264,110,1091,0,223
-3,98,-18,1414,984,1231,0,738
-64,169,6,2277,1572,1191,1,-2806
-119,221,31,3611,942,1158,1,-2437
-138,257,58,4824,802,1176,1,-5332
-179,224,69,5858,688,1019,1,-6078
-154,201,62,6471,1066,399,1,-7312
-169,144,22,6796,802,95,1,-6621
-155,116,0,6826,493,234,1,-6977
-130,101,-37,6586,-413,257,1,-6629
-118,86,-73,6184,-769,563,1,-6516
-156,86,-107,5452,-600,659,1,-5421
-177,99,-124,4399,-531,987,1,-4174
-208,121,-125,3123,-388,1020,1,-3718
-196,133,-107,1848,-350,1037,1,-584
-152,126,-75,573,-481,1009,1,-141
-74,117,-57,-726,-487,844,1,120
-5,104,-21,-2001,-181,952,1,1191
58,84,18,-2795,-520,639,1,2797
87,65,54,-3012,-223,407,1,2729
79,51,71,-2738,-64,108,1,2778
54,41,69,-2082,386,-168,1,2397
31,55,57,-1037,490,-473,1,1068
14,72,22,339,878,-734,1,-180
-17,105,-18,1715,1129,-1090,1,-1777
-91,169,-64,3117,971,-1252,1,-3019
-141,191,-94,4493,1259,-692,1,-6073
-187,214,-102,5869,1601,-566,1,-4756
-196,200,-90,7245,1655,-273,1,-7036
-153,162,-42,8362,1483,-178,1,-9665
-124,141,-33,8610,1650,-492,1,-9967
-98,127,-13,8239,1609,-588,1,-9277
-101,136,30,7566,1330,-571,1,6775
-161,159,60,6527,1037,-739,1,8080
-179,193,74,5251,718,-880,1,5400
-188,201,56,3976,56,-1017,1,3073
-164,201,63,2727,-686,-1170,1,-3278
-109,199,68,1959,-965,-1426,1,-287
-87,177,48,1825,-954,-1387,1,-295
-35,182,44,2226,-225,-1340,1,-3539
-49,130,-68,2147,869,-1402,1,-3726
7,33,-125,1879,586,-1451,0,239
1,-29,-159,1692,487,-914,0,-1132
26,-51,-145,1582,-132,-382,1,1899
13,-44,-106,1522,73,72,1,1471
-9,-15,-77,1467,137,348,1,-1064
-3,35,-62,1290,140,728,1,1857
-13,65,-49,1241,768,1118,1,1017
-25,100,-41,1564,1007,1171,1,311
-96,191,-8,2649,1244,1190,1,2759
-148,253,38,3840,906,1150,1,-2240
-154,268,82,5036,827,1142,1,-5414
-149,251,82,6122,926,1011,1,-6074
-149,219,86,7002,961,456,1,-6474
-147,147,26,7358,1030,-92,1,6395
-178,127,15,7685,-124,278,1,8106
-113,100,-25,7516,-723,-49,1,8113
-131,82,-74,7065,-329,140,1,-6856
-171,94,-125,6270,-389,347,1,-6187
-177,121,-145,5188,-687,750,1,-5215
-179,158,-132,3913,-771,1010,1,-3862
-188,175,-110,2614,-562,1093,1,-3129
-128,146,-69,1338,-602,1016,1,-1074
-61,119,-38,63,-700,861,1,-437
0,95,-4,-1211,-409,799,1,-1635
52,77,21,-2047,-650,415,1,1159
82,57,49,-2406,-351,125,1,2079
99,45,63,-2231,-192,-161,1,-2268
83,42,59,-1557,289,-393,1,1788
61,57,40,-392,640,-590,1,357
27,93,7,983,1168,-748,1,-1519
-22,135,-43,2359,1279,-1052,1,-2409
-103,192,-94,3735,1186,-1254,1,-3625
-160,218,-140,5112,1615,-944,1,-5846
-182,196,-149,6488,1564,-934,1,-7176
-173,168,-119,7531,1385,-705,1,-6836
-144,137,-54,8313,956,-289,1,-8918
-126,120,-10,8441,1364,-358,1,-9416
-124,120,26,8058,1579,-450,1,6282
-153,144,58,7248,1328,-765,1,7085
-210,183,63,6093,862,-855,1,6047
-202,221,52,4793,220,-1049,1,5726
-175,224,29,3518,-324,-1198,1,-2049
-134,208,29,2243,-496,-1347,1,-3110
-104,167,19,1409,-802,-1375,1,-815
-58,141,20,1204,-837,-1365,1,-520
-33,118,1,1277,-579,-1358,1,-935
-10,71,-69,1371,188,-1448,0,-73
-6,7,-140,1359,460,-1276,0,-244
-10,-40,-164,1357,772,-717,0,1034
-10,-46,-151,1315,18,-127,0,1535
-25,-12,-99,1282,-90,511,1,1238
-23,35,-63,1051,-99,923,1,-2027
-26,82,-23,826,439,1183,1,1612
-22,105,-1,834,1019,1250,1,1060
-48,139,1,1383,1529,1197,1,-1174
-88,200,21,2471,1316,1176,1,-2195
-143,233,28,3643,923,1146,1,-2467
-118,225,38,4699,468,747,1,-4566
-105,218,42,5509,976,485,1,-5932
-128,182,18,5939,1382,-27,1,4759
-154,135,-10,6204,806,11,1,6917
-139,129,32,6474,-890,156,1,6791
-124,105,-32,6237,-425,-54,1,6606
-142,89,-94,5633,-426,114,1,-5969
-150,93,-122,4699,-456,399,1,-4770
-163,112,-124,3472,-593,704,1,-3499
-164,129,-108,2197,-533,818,1,-2554
-157,115,-93,922,-356,873,1,-289
-156,98,-80,-353,-501,911,1,942
-88,94,-51,-1652,-555,866,1,1795
-24,95,-15,-2927,-275,896,1,2489
34,89,32,-3850,-389,610,1,3255
83,65,54,-4278,-355,125,1,4493
84,49,71,-4186,-17,-8,1,-4208
62,36,70,-3778,448,-338,1,3599
39,34,57,-3016,641,-609,1,2841
15,48,22,-1795,957,-762,1,1644
-16,50,-9,-392,1190,-896,1,1640
-72,122,-52,983,1193,-1153,1,-1012
-128,143,-100,2359,1634,-1047,1,-3028
-160,167,-117,3735,1313,-1119,1,-4008
-151,152,-101,5000,1515,-760,1,-5374
-136,152,-88,6032,1375,-657,1,-4117
-145,128,-71,6631,909,-471,1,-7146
-97,96,-45,6849,680,-410,1,-6624
-55,90,-19,6872,853,-251,1,-6411
-73,118,28,6745,1102,-280,1,7969
-121,164,59,6134,1313,-778,1,4410
-185,217,73,5095,882,-906,1,4919
-168,256,61,3796,480,-1282,1,2988
-146,254,32,2521,-132,-1392,1,-3194
-115,236,13,1282,-293,-1374,1,-492
-95,194,-5,445,-672,-1375,1,1767
-61,152,-2,110,-772,-1382,1,1710
-30,119,-23,-211,-31,-1340,1,-1417
-27,46,-100,-578,296,-1533,1,1729
36,-6,-153,-889,769,-1268,1,1072
12,-41,-171,-970,322,-570,0,62
8,-28,-114,-980,-159,201,0,996
-3,0,-69,-1079,-121,532,0,1566
11,27,-48,-1293,223,767,0,1809
8,63,-29,-1225,477,1194,0,406
-1,113,-11,-581,1056,1251,0,-767
-34,183,13,672,1211,1229,1,-591
-136,253,41,2048,841,1157,1,-3997
-127,258,66,3382,904,1147,1,-3065
-168,256,72,4459,1116,553,1,-5875
-152,177,23,5105,1019,14,1,-4151
-144,137,5,5601,641,168,1,-6089
-124,121,11,5813,73,269,1,-6140
-111,111,-21,5702,-89,73,1,-5698
-115,105,-84,5317,-726,235,1,-5809
-120,116,-111,4553,-579,613,1,-4481
-137,125,-132,3544,-621,864,1,-3234
-145,139,-122,2255,-646,998,1,-2510
-155,141,-103,980,-600,984,1,-554
-166,123,-76,-294,-679,836,1,81
-137,119,-42,-1570,-786,622,1,1931
-52,102,-19,-2869,-589,452,1,2296
5,81,0,-4144,-210,533,1,4796
70,61,29,-4892,-433,265,1,5063
103,43,51,-5116,-258,18,1,4756
91,29,57,-4870,169,-167,1,4982
64,29,51,-4185,374,-313,1,4219
38,34,33,-3128,644,-442,1,3884
1,58,6,-1752,928,-397,1,1221
-63,91,-25,-350,1061,-530,1,1815
-123,137,-54,1025,1547,-560,1,-225
-156,160,-87,2401,1650,-769,1,-3198
-160,143,-105,3771,1629,-927,1,-2820
-156,148,-101,4901,1576,-1006,1,-5769
-160,124,-74,5733,1036,-687,1,-4207
-132,110,-27,6166,1116,-458,1,-7544
-153,144,40,6032,1336,-583,1,4301
-197,185,78,5199,1301,-928,1,4853
-196,230,92,3948,577,-1173,1,2499
-170,252,68,2673,26,-1414,1,4092
-162,249,43,1398,-293,-1406,1,-352
-131,234,27,305,-309,-1414,1,-1521
-102,207,-3,-526,-231,-1375,1,-1823
-50,141,-41,-1111,-347,-1368,1,-205
-16,89,-67,-1403,-8,-1421,0,-232
-13,29,-120,-1715,23,-1349,0,901
47,-21,-180,-1936,251,-964,1,1084
14,-43,-164,-1976,-66,-158,1,-2032
8,-22,-119,-2035,-447,331,1,1903
3,12,-78,-2234,-105,736,1,-2673
-7,39,-48,-2382,292,1070,1,-3147
-2,78,-18,-2348,578,1221,1,-4082
-17,133,3,-1773,1067,1244,1,1678
-57,202,14,-595,1213,1233,1,705
-123,267,43,668,560,1147,1,-1423
-130,271,95,1743,466,1151,1,-689
-145,249,107,2403,1036,732,1,-4019
-173,182,67,2761,993,304,1,-2115
-176,133,15,2773,500,349,1,-2651
-142,119,-29,2493,-686,631,1,-2435
-141,109,-71,1945,-635,787,1,-1621
-182,121,-113,979,-885,828,1,-805
-185,139,-136,-296,-882,832,1,417
-179,153,-125,-1571,-888,876,1,1645
-132,139,-76,-2846,-827,947,1,3028
-109,97,-34,-4146,-508,691,1,4950
-55,104,-9,-5397,-621,565,1,5400
10,97,19,-6616,-641,312,1,6676
79,65,24,-7333,-701,-68,1,-7759
98,49,24,-7492,-412,-123,1,-7403
93,45,27,-7265,214,-174,1,7283
73,46,29,-6651,649,-336,1,6725
57,61,20,-5497,993,-559,1,5284
0,95,-11,-4095,1331,-747,1,-2162
-77,147,-61,-2719,1592,-997,1,4002
-163,165,-116,-1342,1644,-1192,1,1921
-198,191,-156,33,1643,-1323,1,-899
-182,166,-135,1403,1325,-1175,1,-1111
-199,150,-72,2542,1136,-593,1,-4059
-191,121,-42,2868,1142,-514,1,-3503
-147,132,10,2607,1010,-393,1,2122
-163,179,60,1923,837,-630,1,1693
-156,229,57,877,358,-1114,1,1558
-150,257,25,-287,-67,-1392,1,1469
-146,248,4,-1318,-415,-1392,1,442
-123,229,0,-2024,-792,-1383,1,266
-109,198,-10,-2171,-960,-1410,1,-3813
-67,185,-18,-1822,-614,-1353,1,-218
-54,136,-101,-1754,256,-1430,1,662
-39,16,-207,-1585,-385,-1612,1,-257
-32,-55,-234,-1378,-75,-935,1,1614
-42,-65,-185,-1460,-49,-163,1,1523
-24,-33,-123,-1674,147,546,0,1143
-33,24,-59,-2015,344,994,1,-1382
-20,56,-37,-2368,534,1150,1,-3932
-25,88,-23,-2534,639,1165,1,-3907
-32,132,0,-2323,954,1219,1,3827
-65,193,12,-1694,977,1199,1,365
-99,250,30,-782,1101,1207,1,882
-112,271,11,186,1579,1184,1,-858
-148,265,35,1220,567,876,1,-1062
-161,217,42,1603,972,523,1,-2005
-178,210,131,1717,242,357,1,-1986
-118,108,-15,1328,-182,-146,1,1280
-131,70,-102,912,-375,62,1,-635
-135,87,-151,361,-619,406,1,-722
-150,121,-154,-568,-820,630,1,772
-163,149,-147,-1783,-542,839,1,1802
-168,167,-131,-3034,-626,903,1,2734
-154,141,-119,-4310,-391,957,1,4751
-75,148,-77,-5609,-806,1043,1,4687
25,132,-19,-6884,-751,1034,1,-7308
70,108,50,-7684,-644,579,1,7896
104,66,67,-8002,-586,-91,1,-7481
100,44,56,-7814,-102,-329,1,-8156
75,43,46,-7167,174,-461,1,6865
68,54,29,-6088,681,-689,1,6066
31,88,-1,-4712,1021,-894,1,-4772
-36,138,-55,-3310,1185,-1122,1,3249
-140,195,-98,-1934,1228,-1201,1,2011
-181,205,-131,-558,1636,-1111,1,231
-189,196,-126,817,1536,-1043,1,-294
-162,177,-59,2193,584,-559,1,-2271
-154,172,-3,3170,845,-552,1,-3389
-131,141,-1,3085,1342,-766,1,-3011
-116,141,49,2646,834,-851,1,2698
-139,160,106,1900,1060,-1080,1,1852
-152,203,131,844,444,-1448,1,1931
-160,217,130,-350,270,-1444,1,-1336
-155,222,112,-1546,-69,-1433,1,994
-136,187,66,-2555,-245,-1451,1,3289
-97,146,26,-3248,-398,-1408,1,2230
-44,121,2,-3406,-157,-1329,1,2226
-24,71,-63,-3454,101,-1314,1,2132
15,7,-102,-3341,-402,-977,0,3874
29,-33,-129,-3085,627,-696,1,3190
-9,-60,-125,-2847,311,-267,1,-2928
-4,-57,-97,-2666,-296,56,1,-2863
-15,-22,-77,-2629,-425,324,1,-2813
-20,26,-48,-2832,-283,607,1,2159
-13,64,-18,-3237,129,1008,1,-3980
-28,91,-3,-3448,702,1206,1,-2879
-58,131,20,-3176,1014,1197,1,2961
-89,198,48,-2564,997,1166,1,3525
-130,265,70,-1824,1180,1158,1,1736
-125,264,92,-1136,751,1152,1,811
-155,223,90,-478,873,1000,1,320
-149,179,62,-258,528,444,1,695
-143,136,12,-343,179,497,1,29
-129,110,-31,-681,-68,510,1,998
-146,94,-105,-1212,-596,530,1,1118
-160,121,-127,-2093,-717,817,1,2378
-173,140,-140,-3353,-729,823,1,3167
-159,143,-124,-4628,-631,925,1,5009
-128,114,-93,-5903,-326,1015,1,5614
-89,112,-43,-7203,-394,991,1,7797
16,100,-1,-8478,-421,792,1,-9175
31,78,35,-9341,-35,604,1,9843
45,61,56,-9689,-209,250,1,9689
50,44,58,-9676,72,-109,1,9672
44,39,58,-9219,308,-391,1,9346
43,51,54,-8263,364,-679,1,9121
47,82,28,-6887,607,-1066,1,7410
-15,165,-58,-5485,1349,-1347,1,5626
-148,196,-158,-4109,1451,-1462,1,4315
-184,174,-170,-2733,1498,-1431,1,2643
-184,181,-138,-1454,1644,-1202,1,2040
-189,147,-79,-600,962,-863,1,681
-143,133,11,-201,1312,-633,1,-1940
-134,160,56,-568,1642,-958,1,-2047
-158,172,65,-1356,1246,-1183,1,-1401
-168,206,71,-2472,724,-1288,1,-3674
-167,220,55,-3738,248,-1425,1,-3008
-163,211,27,-4961,-162,-1422,1,5669
-136,191,7,-5861,-477,-1388,1,4719
-104,158,2,-6394,-728,-1414,1,8019
-57,129,-5,-6530,-552,-1317,1,-7741
-24,85,-39,-6694,0,-1384,0,7972
13,18,-83,-6943,79,-1446,0,-7868
40,-34,-107,-6976,802,-1149,1,7169
9,-69,-135,-6920,619,-771,1,6822
1,-65,-123,-6773,-14,-176,1,-6895
0,-35,-94,-6633,-245,271,1,6255
4,11,-82,-6525,-212,726,1,-6949
4,57,-62,-6395,411,1084,1,7518
-4,127,-39,-5972,676,1206,1,-4377
-46,184,-34,-5067,1379,1205,1,-4780
-102,263,10,-3737,893,1212,1,2098
-121,294,53,-2522,1013,1154,1,4038
-154,276,49,-1427,968,700,1,1369
-169,220,45,-591,987,420,1,107
-212,157,6,-204,569,110,1,727
-188,120,2,-17,-825,648,1,-355
-124,110,-25,-384,-865,221,1,716
-149,86,-90,-1076,-562,396,1,1814
-164,103,-121,-2057,-675,646,1,2195
-162,119,-115,-3227,-688,809,1,3515
-175,125,-106,-4503,-611,815,1,4194
-179,112,-98,-5778,-365,774,1,5211
-128,127,-78,-7077,-755,819,1,6699
-33,125,-35,-8353,-649,691,1,8423
25,97,3,-9535,-404,578,1,9879
70,74,33,-10330,-154,340,1,10682
79,50,64,-10647,-220,157,1,10734
88,39,79,-10378,65,-29,1,10471
59,37,71,-9762,659,-390,1,9581
42,47,48,-8794,804,-782,1,8774
20,83,-1,-7392,1143,-998,1,-6922
-31,122,-50,-6016,1151,-1073,1,5990
-109,186,-110,-4640,1471,-1101,1,4948
-157,202,-133,-3264,1620,-1074,1,3595
-139,191,-128,-1935,1477,-1315,1,1824
-142,193,-86,-559,1478,-966,1,1079
-113,173,-49,293,1618,-813,1,-1206
-128,141,-54,164,1649,-843,1,-1372
-151,139,-22,-457,1639,-539,1,1470
-184,166,14,-1421,912,-547,1,-1059
-198,201,7,-2697,205,-724,1,-2207
-188,235,23,-3972,-175,-790,1,3196
-147,246,33,-5247,-691,-1165,1,4614
-83,215,23,-6362,-893,-1382,1,7761
-52,169,-1,-6929,-749,-1339,1,-7264
-23,123,-28,-7120,-266,-1336,0,-8070
-6,51,-80,-7422,159,-1500,0,6594
28,-6,-99,-7619,542,-1235,1,7030
22,-61,-140,-7684,589,-904,1,8043
16,-71,-129,-7568,-130,-275,1,-7370
3,-52,-91,-7415,-102,167,1,7261
-15,-12,-68,-7392,-141,441,1,-7600
-4,38,-52,-7592,22,758,1,-8019
3,74,-35,-7755,376,1158,1,7132
-4,111,-28,-7585,924,1216,1,-6793
-36,189,-14,-6635,1509,1251,1,-6269
-137,281,1,-5259,935,1171,1,4653
-155,309,56,-4056,684,1162,1,2149
-200,279,82,-3296,895,658,1,3251
-191,192,41,-3044,1120,297,1,3838
-182,139,-9,-3111,367,396,1,-3313
-114,116,-34,-3380,-559,719,1,3573
-105,100,-55,-3805,-645,771,1,3938
-139,90,-85,-4436,-627,866,1,4292
-167,98,-103,-5376,-519,790,1,5454
-177,106,-107,-6533,-427,867,1,7166
-184,100,-113,-7784,-359,793,1,7352
-123,97,-87,-9083,-649,906,1,8758
-50,94,-45,-10359,-712,835,1,10674
21,82,7,-11316,-512,706,1,12109
53,62,35,-11862,-721,206,1,11360
88,43,49,-11919,-544,17,1,11457
75,33,53,-11521,4,-166,1,11773
57,36,46,-10750,318,-287,1,10733
49,49,36,-9584,637,-464,1,9978
35,88,4,-8182,1132,-741,1,6401
-39,153,-40,-6806,1117,-804,1,7536
-127,225,-118,-5430,1595,-600,1,4528
-168,180,-125,-4054,1227,-531,1,2400
-169,222,-73,-2821,1632,-422,1,3324
-145,182,-17,-2013,995,-661,1,1694
-132,154,29,-1706,1648,-664,1,-586
-174,164,77,-2034,1553,-857,1,-768
-157,189,118,-2840,1319,-1065,1,-2637
-171,225,111,-4053,675,-1439,1,-2255
-141,246,89,-5256,367,-1406,1,-4278
-144,240,52,-6377,-27,-1400,1,7629
-126,206,26,-7232,-513,-1422,1,6936
-70,176,15,-7594,-526,-1359,1,6675
-27,154,-18,-7856,94,-1318,1,6982
-5,56,-102,-8217,18,-1515,0,9659
41,10,-121,-8145,286,-1233,1,-6727
-18,-45,-176,-8056,492,-887,1,-7549
-9,-50,-141,-8009,-312,-106,1,7840
-17,-31,-101,-8028,-68,219,1,-8107
-28,10,-81,-8165,216,694,1,-7625
-19,68,-55,-8428,639,1113,1,-9903
-11,111,-39,-8422,942,1194,1,-10146
-37,163,-15,-7840,978,1219,1,-6405
-64,232,15,-6599,1141,1234,1,6586
-155,284,62,-5223,699,1152,1,5094
-181,261,98,-4131,810,1059,1,5883
-209,228,114,-3484,701,494,1,3725
-177,154,48,-3456,1054,-76,1,-2356
-145,101,-10,-3698,518,4,1,-3213
-114,92,-42,-4048,-305,353,1,3993
-104,97,-55,-4448,-579,706,1,4588
-140,102,-73,-5103,-559,715,1,5037
-167,108,-84,-6072,-465,896,1,5501
-188,112,-83,-7246,-488,927,1,7855
-210,104,-87,-8521,-219,972,1,8882
-173,130,-82,-9796,-862,969,1,9899
-51,136,-29,-11096,-939,730,1,10882
18,106,1,-12371,-577,397,1,13285
81,68,15,-13120,-676,66,1,12743
79,50,32,-13324,-419,-52,1,-13765
74,32,35,-13122,-169,-187,1,-13082
58,20,38,-12552,196,-249,1,12592
44,21,32,-11594,355,-399,1,11710
24,44,18,-10218,701,-430,1,9436
-22,81,-1,-8816,1338,-394,1,9883
-104,147,-48,-7440,1625,-699,1,6452
-159,175,-63,-6064,1456,-611,1,4209
-169,185,-83,-4713,1619,-594,1,5674
-168,173,-69,-3540,1603,-676,1,2430
-125,161,-18,-2762,1639,-650,1,3816
-146,148,12,-2618,1366,-957,1,-3290
-130,142,48,-2819,1194,-904,1,-3092
-141,168,91,-3345,778,-1076,1,-2646
-150,196,90,-4116,540,-1315,1,-5926
-142,215,84,-5017,188,-1420,1,-5795
-119,226,79,-5853,-67,-1400,1,4913
-102,211,52,-6477,-256,-1408,1,7245
-65,177,20,-6810,-372,-1354,1,7749
-41,142,0,-7008,-52,-1336,1,7934
-13,78,-60,-7322,182,-1423,0,6618
23,6,-119,-7522,452,-1514,0,-6442
-1,-46,-191,-7686,685,-1035,0,-6196
12,-50,-168,-7726,-123,-132,0,-7757
-2,-18,-101,-7744,143,471,0,7953
-15,24,-73,-7862,106,797,0,-7583
-9,65,-40,-7946,350,1146,0,-6722
-17,107,-14,-7704,1101,1226,0,-7909
-56,166,9,-6990,993,1199,1,7320
-67,225,18,-5839,1266,1229,1,5699
-157,277,64,-4463,767,1148,1,5671
-150,246,79,-3394,790,960,1,3512
-178,228,89,-2662,763,482,1,2419
-180,157,31,-2426,787,115,1,2603
-147,113,3,-2513,140,246,1,2377
-140,92,-60,-2789,-192,273,1,2981
-146,99,-135,-3347,-833,510,1,4059
-161,141,-152,-4296,-756,968,1,4421
-172,173,-155,-5572,-784,1062,1,4725
-168,177,-135,-6847,-612,1072,1,7294
-122,144,-87,-8122,-789,1090,1,6227
-65,129,-42,-9422,-792,890,1,9291
11,112,-13,-10689,-445,693,1,-10942
51,88,29,-11452,-600,372,1,12269
94,60,49,-11633,-661,45,1,12185
89,46,53,-11347,-75,-104,1,-11327
67,43,46,-10757,379,-319,1,10756
59,51,36,-9847,771,-577,1,10010
53,86,6,-8497,1039,-861,1,9733
-43,167,-76,-7094,1570,-1369,1,6154
-168,190,-147,-5718,1499,-1318,1,5667
-177,182,-143,-4342,1638,-1074,1,4649
-189,177,-117,-3152,1655,-1100,1,3593
-163,158,-55,-2259,1288,-786,1,3778
-167,141,0,-1923,1266,-763,1,-419
-150,148,47,-2233,1076,-994,1,-3905
-159,166,82,-2911,901,-1049,1,-3243
-156,194,89,-3838,346,-1340,1,-2720
-146,215,86,-4791,8,-1448,1,-5899
-136,226,90,-5552,-456,-1389,1,4408
-114,227,85,-6141,-190,-1399,1,4851
-74,201,59,-6480,-305,-1372,1,7580
-26,172,20,-6533,-3,-1338,1,7197
-21,125,-61,-6636,473,-1380,0,7430
1,31,-157,-6741,608,-1584,0,-7836
-25,-25,-208,-6701,371,-945,1,-6180
-8,-50,-179,-6748,-303,-223,1,6956
-3,-36,-116,-6891,-57,273,1,-7059
-4,-9,-81,-7110,120,508,1,6681
-7,25,-69,-7362,25,877,1,-8174
-7,79,-47,-7520,290,1174,1,-6288
-15,134,-21,-7490,934,1230,1,-6839
-39,198,-11,-6856,1404,1228,1,-7071
-110,279,5,-5617,1291,1188,1,5411
-130,292,48,-4429,480,1196,1,5526
-168,273,84,-3566,815,933,1,3206
-163,209,80,-3056,618,440,1,2077
-180,156,41,-2954,790,99,1,2297
-166,116,-13,-3161,-7,291,1,3491
-116,115,-47,-3621,-824,580,1,3962
-136,100,-77,-4328,-624,731,1,4351
-166,113,-104,-5401,-634,743,1,5430
-185,127,-103,-6700,-673,859,1,7026
-165,130,-73,-7976,-680,733,1,7984
-121,101,-37,-9251,-266,570,1,10027
-77,88,-28,-10526,-281,461,1,10692
2,68,-28,-11632,-396,503,1,-11598
18,55,-3,-12347,-287,587,1,-13132
72,41,30,-12617,-479,318,1,12756
74,37,58,-12512,-31,62,1,12457
60,31,61,-12050,246,-280,1,12013
56,39,51,-11191,626,-556,1,11200
20,69,16,-9818,830,-750,1,10184
-49,114,-31,-8442,1152,-888,1,10065
-110,168,-74,-7039,1503,-769,1,7470
-174,166,-110,-5663,1653,-879,1,4960
-186,180,-109,-4287,1566,-912,1,5453
-183,160,-62,-3357,1296,-714,1,2797
-136,133,-15,-2886,1285,-630,1,3130
-119,118,19,-2815,1053,-758,1,-3079
-120,128,52,-2951,758,-996,1,-2644
-158,160,81,-3317,697,-1077,1,-2583
-166,206,105,-3973,45,-1303,1,-2751
