-41,59,62,1172,1,32,1,-1180
-40,65,68,1239,-20,247,1,1042
-37,70,75,1281,90,224,1,-1426
-37,73,80,1317,151,167,1,-1324
-39,78,81,1352,204,104,1,-1495
-41,71,67,1408,226,28,1,-1362
-37,70,66,1532,283,-48,1,1259
-37,74,89,1904,419,-379,1,1949
4,48,62,1999,623,-622,1,-1989
-2,54,24,2311,1275,-234,1,3385
-60,83,-4,2679,1409,-262,1,-3740
-135,91,-43,2624,1480,-335,1,-3635
-191,68,-76,1809,1539,-189,1,-285
-164,41,-71,831,1200,147,1,2003
-167,41,-42,-140,377,259,1,-85
-175,43,20,-1108,-9,26,1,-1236
-153,22,-18,-1970,-595,-354,1,-1055
-100,-5,-47,-2386,-743,-334,1,2736
-79,-5,-11,-2595,-580,-590,1,2671
5,-6,-27,-2428,-673,-936,1,-2150
45,35,-70,-1687,40,-519,1,-1265
-43,48,-126,-920,489,-264,1,797
-111,9,-121,-948,247,-38,1,893
-88,39,-92,-1422,-90,335,1,1203
-55,51,-86,-1885,-546,371,1,1117
-34,21,-42,-2344,-507,318,1,2557
-54,-23,5,-2712,203,2,1,-2684
-88,-28,30,-2878,334,85,1,-2680
-104,-64,53,-2871,552,162,1,-2515
-119,-51,69,-2828,622,214,1,-2482
-135,-108,84,-2799,743,580,1,-2808
-106,-65,-11,-2920,557,383,1,2069
-127,-96,-20,-3170,462,383,1,3297
-87,-99,-40,-3464,566,665,1,3384
-79,-91,-40,-3588,451,771,1,3315
-101,-72,-30,-3713,458,964,1,3251
-96,-41,-18,-3608,830,965,1,3721
-22,1,-8,-3136,594,683,0,-3288
-60,106,-1,-2085,628,320,0,-2884
-146,129,13,-1169,346,2,1,1494
-143,75,14,-1043,343,45,1,1440
-122,94,32,-1407,2,185,1,1473
-94,88,36,-1939,-47,-21,1,1930
-68,61,31,-2364,-179,-487,1,2061
-66,-1,-1,-2478,157,-868,1,-2578
-82,-33,-33,-2393,186,-977,1,-2657
-76,-72,-37,-2273,-29,-1267,1,3109
-73,-112,-17,-1873,-91,-1427,1,684
-108,-121,27,-1385,-102,-1211,1,-445
-136,-35,-1,-1002,270,-1215,1,-1792
-163,-31,16,-1148,-83,-1145,1,-255
-147,-15,40,-1287,-64,-1033,1,-391
-134,-33,29,-1394,-170,-1076,1,-337
-130,-40,22,-1567,-359,-1073,1,-1020
-89,-52,11,-1318,-246,-883,1,-1730
-44,-13,0,-990,-134,-806,1,-90
-25,35,-50,-343,125,-501,1,214
-64,57,-101,442,600,-213,1,-856
-128,30,-107,793,309,-175,1,-651
-122,30,-65,496,233,-39,1,-284
-103,41,-57,72,-67,-50,1,79
-66,16,-52,-407,-96,27,1,435
-75,-14,-28,-835,158,131,1,768
-67,-12,-4,-1212,186,213,1,1181
-89,-47,30,-1501,474,353,1,-1293
-73,-74,53,-1528,468,220,1,-1225
-87,-96,84,-1378,505,116,1,-1203
-93,-87,99,-1280,611,620,1,-1179
-90,-73,-21,-1184,407,214,1,1496
-112,-82,4,-1445,539,397,1,-1548
-97,-78,-22,-1558,643,575,1,1682
-82,-76,-43,-1723,747,765,1,1695
-79,-76,-38,-1735,714,907,1,1956
-82,-74,-34,-1886,440,908,1,1363
-107,-33,-29,-1568,1217,1062,1,1709
-50,9,-29,-1266,585,326,1,-2010
-97,76,8,-735,790,42,1,453
-115,80,7,-87,302,-135,1,-473
-143,58,5,222,225,-1,1,141
-126,70,28,179,-4,128,1,20
-110,76,45,-110,120,-248,1,-238
-104,55,45,-465,-4,-687,1,771
-89,18,-2,-776,225,-809,1,134
-90,-23,-51,-991,-21,-881,1,196
-56,-69,-59,-1116,-427,-1029,1,447
-41,-91,-28,-1013,-406,-1289,1,1795
-88,-100,-4,-613,-66,-1224,1,1750
-101,-76,8,-273,43,-1095,1,1369
-153,-38,5,-110,90,-908,1,775
-123,-42,-1,-153,-85,-973,1,848
-190,-43,6,-527,-93,-889,1,-441
-121,-48,31,-886,-230,-858,1,-131
-112,-43,59,-1135,-297,-1040,1,-309
-60,-54,35,-1107,-474,-1235,1,-376
-10,-53,-4,-586,-510,-1124,0,2027
-1,19,-86,318,-61,-204,0,397
-76,88,-125,1336,393,39,1,1274
-161,42,-92,1787,-13,-116,1,1622
-124,35,-78,1520,26,71,1,1467
-88,44,-79,1054,-238,167,1,-1123
-55,3,-35,532,11,197,1,718
-50,-14,5,173,359,104,1,408
-93,-46,9,-3,472,221,1,-381
-91,-65,78,-67,371,408,1,-255
-96,-89,98,30,593,473,1,1008
-88,-67,90,152,670,566,1,124
-136,-60,-19,287,657,557,1,-271
-125,-73,-8,4,417,593,1,-965
-119,-67,-14,-340,523,719,1,429
-96,-76,-18,-740,493,708,1,460
-98,-73,-12,-1015,709,817,1,547
-52,-69,-25,-1056,371,621,1,1901
-100,-49,-3,-810,672,569,1,994
-25,7,6,-307,540,455,1,755
-65,115,8,575,394,82,1,-992
-156,105,23,1275,385,-278,1,1161
-151,52,16,1423,-67,210,1,1454
-104,87,50,1021,-201,261,1,561
-83,89,62,488,31,-274,1,208
-74,37,45,102,-16,-853,1,-896
-60,-10,14,-54,190,-899,1,822
-85,-25,-14,-55,261,-1011,1,-644
-92,-58,-57,26,-199,-1114,1,-1245
-77,-93,-58,298,-138,-1210,1,-1329
-78,-115,-30,626,-390,-1450,1,-1664
-120,-99,13,932,67,-1319,1,-1755
-143,-66,30,873,-74,-1170,1,1891
-124,-50,52,725,-191,-1017,1,494
-131,-51,42,630,-137,-977,1,439
-76,-69,26,625,-447,-939,1,115
-92,-63,25,1026,-233,-770,1,1940
-52,-25,12,1364,-274,-681,1,1737
-51,36,-27,2222,288,-190,1,-2365
-81,84,-95,3336,485,-290,1,-3478
-113,26,-105,4018,268,-394,1,-3895
-121,4,-71,4036,375,-90,1,-3796
-113,13,-54,3812,217,142,1,3832
-117,26,-74,3580,-183,345,1,-3128
-102,34,-54,3292,-360,537,1,-4052
-70,0,-11,2909,-5,339,1,-2631
-77,1,29,2563,331,342,1,-2638
-119,-21,47,2247,379,467,1,2081
-77,-14,80,1958,349,462,1,1831
-61,-39,135,1732,740,908,1,1842
-55,-42,27,1747,658,47,1,1129
-130,-60,2,1744,947,199,1,1311
-120,-75,-24,1698,544,555,1,-1665
-99,-72,-40,1535,557,724,1,-1288
-97,-85,-44,1255,472,758,1,-2006
-115,-87,-43,993,645,891,1,-531
-130,-64,-33,856,663,983,1,-646
-52,-34,0,935,351,818,1,475
-41,54,14,1667,553,574,1,-1672
-93,127,26,2634,325,-34,1,2836
-120,84,26,3146,57,-238,1,3236
-133,77,44,3100,111,159,1,-3083
-98,99,47,2733,19,-17,0,2689
-91,64,26,2400,81,-436,1,2177
-64,-24,-7,2288,116,-818,1,2968
-84,-38,-19,2410,27,-1021,1,2794
-81,-60,-20,2709,-71,-1298,1,-4026
-88,-64,-11,3162,216,-1558,1,2806
-97,-115,4,3596,181,-1611,1,-2279
-170,-26,-7,3515,54,-1320,1,2079
-141,-27,15,3201,-185,-1116,1,2296
-119,-30,24,2958,-254,-1028,1,3840
-101,-51,28,2902,-371,-1074,1,3676
-90,-53,36,3018,-202,-1035,1,3907
-50,-51,17,3352,-379,-812,1,3928
-57,-5,-7,3889,183,-453,1,3707
-68,64,-72,4821,305,-336,1,-4845
-105,41,-118,5598,208,-483,1,-5340
-130,16,-76,5684,455,-207,1,-6117
-125,15,-55,5484,306,129,1,5273
-109,13,-69,5274,-38,258,1,-5532
-98,21,-40,5009,-117,299,1,-4767
-72,-7,-8,4638,91,218,1,-4827
-66,-17,28,4341,184,187,1,4280
-88,-42,30,4180,350,419,1,4298
-44,-42,64,4103,294,455,1,4263
-124,-33,99,4100,984,1014,1,4113
-119,-44,20,4087,556,497,1,3168
-175,-49,2,3827,767,496,1,3427
-110,-73,-8,3405,427,668,1,-3676
-93,-78,-17,3034,471,816,1,-2368
-69,-86,-15,2731,462,830,1,-2120
-95,-76,-9,2572,371,770,1,-2148
-47,-48,13,2445,411,648,1,2705
-67,26,26,2833,897,447,1,-2415
-79,93,23,3736,486,5,1,-3965
-113,105,22,4537,126,-252,1,4400
-108,62,9,4726,227,-98,1,4779
-131,81,27,4422,202,180,1,-4596
-96,86,33,3948,-10,-131,1,-4045
-80,48,20,3601,-7,-636,1,-3077
-80,-12,-14,3442,205,-1091,1,2487
-86,-42,-47,3505,-134,-1311,1,-2172
-79,-91,-49,3730,-161,-1379,1,-2936
-77,-119,-42,4101,-168,-1571,1,-5777
-98,-126,28,4446,-51,-1176,1,5624
-124,-48,16,4511,110,-1173,1,-5411
-147,-46,30,4275,-254,-1068,1,5319
-125,-46,36,4120,-368,-898,1,4736
-96,-55,33,4219,-335,-874,1,4631
-114,-53,27,4298,-81,-720,1,4616
-75,-36,28,4555,-440,-696,1,4797
-33,9,-15,5133,153,-558,1,-5790
-53,67,-56,6155,564,-207,1,-6835
-121,50,-110,6855,486,-355,1,-6760
-146,14,-86,6880,221,-156,1,-6768
-121,24,-62,6468,-13,65,1,-6488
-96,25,-59,5997,-150,225,1,-5991
-68,-6,-37,5546,25,274,1,-5313
-56,-24,2,5201,286,156,1,5618
-96,-55,44,4943,159,412,1,4618
-65,-41,57,4732,213,396,1,4983
-73,-47,70,4702,674,177,1,4206
-67,-102,124,4735,813,667,1,5009
-110,-55,28,4971,518,215,1,4606
-121,-70,-3,4919,592,282,1,-4162
-105,-84,-14,4774,394,462,1,-4824
-102,-73,-22,4543,529,621,1,-4601
-104,-79,-19,4434,551,781,1,-4161
-101,-76,-26,4175,322,675,1,-5020
-132,-49,-8,3950,435,659,1,-3322
-35,-24,0,3924,512,406,1,3316
-86,31,20,4582,828,202,1,-4686
-108,81,31,5350,324,-74,1,5581
-118,74,26,5821,146,-95,1,5719
-127,57,22,5748,77,155,1,-5873
-97,83,48,5273,-70,209,1,5133
-68,69,56,4753,-6,-119,1,-4832
-53,23,37,4445,-37,-572,1,-4936
-40,0,3,4495,153,-848,1,4734
-84,-24,-35,4799,396,-1223,1,6032
-114,-75,-58,5091,127,-1387,1,5879
-111,-114,-37,5520,-45,-1562,1,-5022
-95,-156,-10,5833,-232,-1331,1,-5076
-155,-52,-5,5949,37,-1138,1,5063
-139,-55,12,5682,-140,-1096,1,4685
-128,-47,22,5317,-394,-970,1,5825
-115,-52,22,5141,-262,-829,1,5752
-104,-56,17,5094,-616,-785,1,4819
-63,-47,30,5400,-301,-727,1,5871
-63,-40,26,5875,5,-602,1,-5296
-20,5,-9,6706,254,-253,0,-6701
-20,40,-61,7610,469,19,0,7289
-118,55,-103,8088,976,63,1,7248
-150,33,-84,7993,70,-206,1,-8023
-105,21,-59,7510,-8,-37,1,7473
-84,24,-59,7022,-108,236,1,-7068
-71,4,-40,6620,-58,402,1,-6162
-69,-19,7,6380,188,195,1,6337
-86,-43,33,6223,105,167,1,6364
-78,-65,73,6172,237,215,1,6241
-60,-110,113,6379,779,204,1,6920
-121,-80,71,6577,596,488,1,6782
-104,-77,-13,6520,383,176,1,-6292
-131,-90,-18,6230,321,369,1,-6320
-88,-74,-32,5884,461,619,1,-5465
-97,-78,-39,5571,590,929,1,-5157
-109,-67,-24,5465,561,1001,1,-5308
-88,-51,-27,5298,700,999,1,-5526
-60,-9,-3,5476,799,649,1,-5313
-75,55,4,6156,577,319,1,-6921
-134,101,29,6898,188,-93,1,6892
-114,70,20,7147,-39,-50,1,-7133
-116,77,43,6863,-39,204,1,6707
-74,108,72,6287,-192,-55,1,-6249
-50,71,72,5771,20,-408,1,5941
-49,18,22,5547,227,-698,1,6086
-59,-28,-31,5718,84,-1110,1,4715
-104,-73,-62,6140,266,-1504,1,4920
-120,-128,-55,6488,-60,-1479,1,-7321
-100,-152,-6,6833,-271,-1587,1,-7552
-123,-80,27,6972,4,-1339,1,-7728
-118,-47,35,6837,-140,-1340,1,8062
-155,-40,42,6819,-77,-1157,1,7935
-108,-48,23,6722,-286,-1089,1,8015
-107,-50,8,6932,-396,-1004,1,6436
-74,-14,10,7302,-193,-836,1,8008
-52,31,-26,7931,329,-345,1,-7901
-19,68,-86,8524,468,-149,1,-8205
-136,37,-123,8977,433,-309,1,-9040
-130,22,-95,8795,241,-149,1,-8949
-116,35,-62,8388,-101,0,1,-8399
-73,18,-71,7979,-386,239,1,-7771
-47,-16,-45,7640,-159,184,1,7664
-66,-28,0,7348,153,104,1,7196
-64,-42,33,7147,325,86,1,6860
-80,-86,47,7089,396,223,1,6868
-63,-77,51,7246,344,524,1,8024
-77,-63,91,7595,815,1017,1,7511
-124,-33,17,7844,539,666,1,7788
-143,-66,11,7721,430,357,1,7717
-130,-88,-9,7372,438,419,1,-7173
-117,-77,-28,7000,344,663,1,-6328
-85,-68,-29,6589,335,800,1,-7131
-111,-58,-30,6396,487,922,1,-6857
-62,-24,-12,6639,545,688,1,-6493
-78,13,14,7190,367,458,1,-7423
-72,57,20,7954,551,331,1,-7192
-107,86,36,8502,380,-62,1,8300
-102,64,38,8732,210,-37,1,8938
-117,68,34,8607,151,296,1,-8242
-94,94,43,8047,192,404,0,-7698
-90,81,55,7319,120,0,1,-7380
-56,25,22,6826,236,-346,1,6948
-60,-29,-22,6561,282,-670,1,6679
-60,-76,-27,6538,-154,-1040,1,-7542
-46,-95,0,6830,-15,-1518,1,7997
-104,-110,-3,7250,284,-1603,1,6919
-131,-93,13,7490,147,-1424,1,-6287
-144,-43,21,7363,65,-1191,1,-6296
-162,-27,23,7057,-90,-1136,1,7944
-135,-35,8,6755,-112,-1141,1,7895
-128,-48,-12,6542,-572,-1134,1,-8065
-85,-31,0,6511,-223,-1090,1,7609
-41,-18,-23,6875,178,-1037,1,7753
-5,35,-79,7493,118,-722,1,-8073
-79,88,-98,8469,647,-285,1,-8955
-126,34,-110,8907,-125,-478,1,9051
-107,27,-86,8683,-99,1,1,-8624
-81,45,-84,8189,-204,278,1,-7694
-68,30,-78,7634,-253,290,1,-7200
-62,4,-37,7238,-95,425,1,-7600
-62,-22,10,7025,96,301,1,6685
-87,-48,38,6875,368,297,1,6878
-100,-68,63,6750,328,313,1,6707
-101,-137,87,6545,423,636,1,6898
-57,-64,41,6773,618,542,1,6700
-132,-72,-19,6818,577,394,1,-6589
-121,-92,-36,6551,461,589,1,-6677
-99,-72,-51,6266,631,920,1,-6530
-94,-78,-47,6094,639,982,1,-5723
-83,-78,-36,6112,743,966,1,-5887
-78,-53,-36,6597,727,1001,1,-6307
-94,1,0,6748,353,643,1,-6626
-67,92,18,7380,858,652,1,-7438
-117,135,0,8172,335,-129,1,7891
-128,79,-8,8319,394,-184,1,-8567
-130,78,28,8083,229,300,1,-7819
-88,108,37,7633,-79,204,1,7502
-66,89,31,7031,-117,-307,1,-6710
-63,18,11,6525,38,-791,1,6761
-65,-25,-30,6413,64,-1113,1,7507
-76,-64,-43,6453,-116,-1284,1,-7193
-66,-84,-44,6627,-242,-1496,1,-7424
-78,-174,-47,7043,-316,-1665,1,-7414
-161,-62,-7,7369,101,-1426,1,6565
-165,-34,7,7136,-98,-1345,1,7744
-150,-21,40,6755,-324,-1206,1,7999
-126,-33,32,6486,-387,-1302,1,7615
-117,-47,24,6445,-161,-1234,1,7453
-127,-26,12,6503,-532,-1151,1,8034
-63,-6,-1,6928,192,-893,1,6292
-14,48,-62,7494,1,-602,0,-7965
-59,81,-112,8367,837,-256,1,-8979
-108,8,-124,8934,239,-140,1,-8858
-89,5,-91,9046,-107,163,1,-9116
-82,24,-66,8730,-42,122,1,-8771
-68,26,-65,8073,12,37,1,8122
-73,8,-59,7531,132,196,1,7506
-83,-7,-40,7317,293,437,1,-7286
-108,-58,14,7295,147,480,1,7507
-81,-72,42,7197,119,478,1,7562
-72,-76,64,7161,302,552,1,6320
-60,-91,80,7372,710,961,1,7673
-118,-52,6,7542,713,680,1,7508
-149,-91,-24,7286,351,631,1,-8069
-97,-81,-32,6827,486,836,1,-6182
-116,-72,-33,6448,730,1006,1,-6164
-77,-70,-21,6259,701,965,1,-6422
-103,-48,-20,6203,649,969,1,-6435
-74,-25,4,6554,900,780,1,6468
-50,41,-12,7230,980,549,1,7647
-90,111,-24,8133,611,-24,1,-7572
-126,99,-6,8617,297,-255,1,-8295
-146,59,4,8434,314,-31,1,8571
-116,90,32,7979,-297,233,1,7904
-75,100,30,7381,-246,-43,1,-7226
-73,64,10,6908,-21,-602,1,-6321
-63,-10,-39,6497,22,-1041,1,7541
-64,-71,-31,6316,-177,-1141,1,-7181
-53,-131,-9,6410,-179,-1059,1,-7464
-20,-146,53,7261,19,-1303,1,-6637
-127,-28,-6,7623,223,-1356,1,6192
-168,-38,-16,7597,135,-1445,1,6144
-159,-47,23,7287,-293,-1392,1,6296
-176,-37,15,6897,-368,-1249,1,8185
-142,-44,11,6505,-620,-1241,1,8052
-84,-69,7,6241,-454,-1110,1,7650
-116,-39,18,6030,-279,-875,1,5558
23,-26,-7,6492,-181,-858,1,6842
-34,76,-61,7163,455,-677,1,-6347
-84,65,-130,8197,348,-482,1,-8233
-101,-3,-110,8523,-120,-501,1,-8385
-92,0,-80,8320,96,106,1,8349
-63,0,-87,7972,-166,376,1,-7827
-38,-13,-79,7661,-377,475,1,7466
-54,-16,-25,7507,5,380,1,-7180
-67,-21,-8,7418,326,235,1,-7430
-107,-32,11,7378,599,299,1,8147
-124,-56,56,7216,418,558,1,8139
-70,-57,61,7086,422,389,1,7118
-106,-76,74,7107,1088,-11,1,-8163
-114,-127,8,7336,899,323,1,7788
-115,-95,-42,7274,693,617,1,-7345
-106,-96,-60,7195,628,976,1,-7602
-79,-70,-51,7060,765,959,1,-6893
-50,-77,-44,7261,582,957,1,-7668
-91,-53,-19,7690,636,1010,1,-8188
-34,-54,-30,8383,837,879,1,-8352
-98,33,6,9150,267,269,1,-9214
-62,107,-17,10144,464,-67,0,-9847
-130,108,-16,10725,230,-336,0,-10413
-131,65,-12,10470,284,166,1,10647
-118,94,14,9901,-150,563,1,9261
-75,96,7,9171,-430,454,1,9110
-50,59,31,8648,-281,123,1,8381
-37,-7,18,8398,-31,-337,1,8627
-25,-40,24,8478,11,-812,1,-8731
-33,-51,33,8725,415,-1243,1,-10081
-88,-63,-15,8899,693,-1558,1,9735
-141,-85,-39,9123,341,-1536,1,10228
-205,-128,-40,9117,71,-1517,1,9889
-155,-61,-15,8682,-165,-1160,1,-9571
-164,-39,16,8172,-352,-934,1,7552
-127,-42,10,7801,-711,-779,1,8171
-108,-52,19,7706,-497,-685,1,7438
-141,-35,22,7798,-82,-557,1,7344
-63,-14,15,8334,-478,-1029,1,9576
-32,25,-25,8622,49,-1262,1,-9584
-1,46,-102,9367,554,-1005,1,-9498
-85,46,-100,10025,68,-870,1,-9235
-103,0,-92,10302,111,-405,1,-10748
-107,0,-79,10096,-24,47,1,-10096
-88,4,-89,9667,-124,299,1,-9372
-71,5,-46,9272,-15,499,1,-9641
-44,-20,-29,8942,-130,287,1,9047
-56,-20,9,8704,114,73,1,8725
-67,-54,39,8552,163,-17,1,-8585
-79,-67,41,8490,540,174,1,9150
-93,-72,48,8742,719,189,1,8316
-154,-138,53,8938,708,445,1,8629
-148,-64,0,8859,774,601,1,9067
-136,-109,-27,8439,447,752,1,-9035
-87,-84,-29,8004,650,983,1,-7684
-57,-90,-31,7725,667,897,1,-8012
-51,-96,-35,7733,682,830,1,-8174
-89,-79,-39,7889,555,801,1,-8169
-104,-21,-6,8161,674,779,1,-7742
-44,42,9,8814,715,678,1,-8713
-58,108,8,9626,933,248,1,-9882
-137,96,-15,10221,681,-141,1,-9518
-142,64,-31,10219,239,96,1,10164
-125,82,-6,9806,-71,345,1,-10106
-82,78,20,9329,-184,288,1,9710
-55,48,23,9034,-223,-153,1,-8991
-44,8,8,8968,41,-810,1,8224
-82,-16,-18,8972,232,-1303,1,9918
-90,-88,-43,9085,68,-1540,1,9501
-128,-133,-58,9411,-107,-1568,1,-8824
-88,-171,10,9617,-464,-1689,1,8754
-183,-49,-10,9531,-56,-1326,1,-8366
-136,-14,19,9180,-466,-1199,1,9785
-132,-21,25,8871,-447,-1223,1,10066
-131,-50,15,8735,-275,-1134,1,10207
-104,-56,12,8827,-418,-944,1,8234
-93,-42,-2,9027,-268,-908,1,-8629
-24,-10,-3,9423,68,-913,0,9989
12,48,-60,10183,195,-650,0,9608
-74,65,-111,11191,637,-372,1,-10461
-139,6,-112,11728,-108,-230,1,11710
-117,17,-81,11582,-131,132,1,-11535
-101,35,-92,11145,-388,293,1,-11057
-61,26,-74,10677,-430,413,1,-10730
-48,12,-5,10282,-144,441,1,-10553
-72,-28,43,9976,336,527,1,9683
-85,-24,50,9845,613,485,1,9607
-87,-45,81,9717,644,142,1,10199
-117,-79,62,9841,760,224,1,9326
-111,-52,59,10047,885,769,1,10030
-142,-74,-29,10186,632,417,1,-9417
-135,-87,-48,9925,294,806,1,-9274
-117,-68,-42,9539,527,974,1,-9376
-102,-68,-36,9214,356,1000,1,-8565
-149,-38,-19,9331,500,1096,1,-8560
-86,-48,4,9448,113,900,1,10080
-49,-2,13,9440,761,828,1,9498
-37,92,13,9950,690,346,1,-9537
-83,118,-5,10698,556,-148,1,-11095
-138,70,-19,11078,416,-30,1,-10790
-125,78,0,10946,-65,273,1,11170
-85,99,21,10458,-267,60,1,10701
-54,66,27,10030,-171,-482,1,-9739
-55,7,5,9734,302,-1202,1,9134
-88,-15,-35,9697,202,-1431,1,8389
-108,-71,-53,9711,53,-1386,1,8361
-97,-99,-58,9828,-123,-1520,1,-9162
-112,-136,-15,9932,-202,-1386,1,-9098
-64,-96,-11,10129,62,-1131,1,9132
-140,-28,3,10253,1,-1095,1,-11483
-153,-29,19,10096,-137,-1140,1,8991
-137,-43,13,9888,-427,-1031,1,9120
-131,-58,22,9624,-459,-902,1,10105
-87,-67,42,9758,-420,-802,1,9377
-102,-36,40,9953,-157,-823,1,9510
-68,-19,20,10190,75,-624,1,-9645
-12,0,-41,10729,-34,-561,1,11224
-9,54,-93,11616,1021,-72,1,-11964
-85,39,-125,12245,792,-354,1,-11681
-138,12,-114,12247,410,-183,1,-11789
-109,26,-99,11938,-330,13,1,-12274
-65,23,-89,11654,-532,268,1,-11926
-52,9,-42,11363,-300,244,1,-11693
-73,-20,0,11078,182,259,1,10923
-74,-43,33,10880,275,355,1,10929
-94,-62,47,10984,539,526,1,10929
-108,-59,70,11358,629,669,1,11426
-117,-28,83,11950,1091,1109,1,11911
-128,-28,-5,12112,183,619,1,-11760
-152,-49,-18,11935,231,720,1,-11294
-100,-55,-18,11439,208,651,1,-11956
-128,-76,-11,11028,327,848,1,-10559
-83,-96,-10,10828,311,934,1,-10459
-80,-40,-14,11104,516,1024,1,-11523
-72,21,-12,11485,666,904,1,11669
-85,80,-4,12147,706,219,1,11630
-93,85,-29,12630,297,-200,1,-12463
-76,73,-4,12758,131,17,1,12614
-97,82,21,12669,92,340,1,-12370
-77,92,30,12304,-30,275,0,12562
-89,88,36,11790,63,-119,1,11872
-81,47,22,11367,67,-548,1,11885
-115,7,-10,11104,158,-914,1,-10257
-93,-39,-36,10892,-85,-1253,1,-11879
-75,-86,-53,10808,-234,-1588,1,-11467
-49,-137,-28,10874,-337,-1686,1,-11552
-80,-97,17,11045,-277,-1310,1,12049
-150,-65,0,11121,26,-1303,1,-11948
-152,-59,33,10909,-546,-1097,1,11387
-126,-53,43,10760,-579,-1075,1,11289
-104,-54,43,10921,-650,-995,1,11192
-95,-46,44,11260,-74,-846,1,10404
-78,-26,37,11589,-92,-798,1,11889
-34,0,10,12309,556,-812,1,12602
-1,51,-87,13182,992,-440,1,-12624
-78,45,-149,13906,898,-524,1,-14125
-121,-17,-134,14362,181,-246,1,14516
-116,-5,-95,14474,-530,54,1,14983
-77,-3,-110,14265,-715,188,1,13807
-55,12,-76,13871,-716,146,1,-13317
-48,6,-30,13438,-231,204,1,-13412
-48,-2,29,13042,0,169,1,12907
-53,-22,41,12744,374,351,1,12778
-92,-28,46,12679,709,510,1,13009
-125,-41,62,12711,817,310,1,13257
-145,-80,69,12878,1091,329,1,14301
-139,-67,14,13166,631,748,1,13104
-131,-62,-32,13086,503,708,1,-12431
-114,-76,-42,12864,256,945,1,-12514
-128,-66,-45,12527,438,1001,1,-12962
-128,-61,-20,12118,425,1028,1,-10921
-77,-74,-6,11788,364,977,1,-11443
-60,-35,13,11916,618,963,1,12082
-38,30,21,12552,695,670,1,-12557
-45,89,-24,13295,871,133,1,12396
-120,114,-24,13950,536,-377,1,-13584
-122,61,-25,13994,436,-134,1,-14277
-140,83,-7,13716,-125,229,1,-13777
-72,95,7,13117,-589,215,1,12730
-60,62,28,12566,-388,-215,1,-12378
-51,-6,22,12292,-259,-847,1,12906
-77,-36,-2,12377,49,-1323,1,13615
-76,-76,-19,12593,-69,-1592,1,-14164
-82,-94,-37,12982,-164,-1577,1,-13335
-106,-111,-23,13442,-289,-1622,1,-13286
-135,-95,4,13757,71,-1340,1,-12319
-147,-41,8,13710,-262,-1348,1,12665
-135,-48,37,13555,-407,-1193,1,12610
-130,-39,35,13395,-458,-1099,1,12631
-120,-59,39,13538,-372,-1006,1,13845
-117,-59,20,13833,-89,-849,1,13656
-88,-13,4,14092,18,-703,1,-13821
-25,19,-41,14660,94,-622,1,-15192
-49,57,-70,15408,637,-470,1,-16344
-90,18,-103,15962,373,-579,1,-15684
-122,-17,-102,16133,-63,-162,1,-16278
-79,6,-81,15904,-467,243,1,-16155
-74,16,-72,15479,-244,473,1,-15681
-59,15,-40,14999,-137,331,1,-15174
-59,-2,7,14596,337,328,1,14626
-90,-39,32,14426,449,444,1,14459
-98,-33,43,14326,341,635,1,13489
-113,-36,68,14210,768,483,1,13685
-131,-49,73,14140,988,360,1,13680
-123,-81,65,14232,977,707,1,14050
-89,-72,-22,14293,600,587,1,-14288
-133,-86,-38,14216,550,898,1,-14044
-120,-75,-50,13980,517,1008,1,-14183
-94,-91,-44,13712,444,988,1,-14304
-121,-59,-16,13463,556,1025,1,-13045
-68,-17,11,13666,981,1073,1,13021
-64,40,-1,14249,913,432,1,13724
-74,102,-36,15005,839,-207,0,-14619
-125,92,-43,15313,186,-653,0,-14832
-109,39,-17,15226,-51,-115,1,15202
-86,67,23,15002,-375,457,1,14887
-56,90,45,14502,-231,234,1,14569
-65,51,38,13948,-88,-398,1,-14321
-51,11,16,13718,39,-842,1,14034
-63,-18,-11,13784,132,-1236,1,12713
-81,-42,-44,14076,183,-1488,1,13269
-130,-90,-75,14458,51,-1540,1,16091
-152,-99,-52,14722,-13,-1542,1,-16207
-135,-105,1,14860,-85,-1498,1,16237
-153,-58,-24,14684,-219,-1341,1,-15376
-144,-46,23,14317,-442,-1071,1,13004
-150,-37,23,13900,-630,-1056,1,12419
-105,-58,35,13803,-709,-1012,1,13485
-80,-57,48,14107,-471,-950,1,13628
-90,-32,30,14683,-97,-749,1,15244
-27,26,-14,15563,88,-628,1,-16111
-30,80,-97,16404,651,-785,1,-16802
-129,26,-117,17099,191,-753,1,-16490
-87,-11,-91,17241,-303,-54,1,-16968
-86,22,-64,16789,30,337,1,16549
-59,36,-64,16075,165,389,1,16329
-53,18,-40,15519,6,298,1,15793
-49,-7,-6,15271,182,343,1,-14967
-71,-17,23,15161,474,402,1,15155
-105,-48,44,15230,731,410,1,14423
-129,-52,64,15277,733,442,1,14394
-149,-131,76,15409,710,759,1,15449
-127,-38,39,15490,592,1025,1,15020
-117,-68,-3,15591,600,561,1,-15545
-128,-85,-24,15457,463,630,1,-16360
-113,-83,-46,15177,442,892,1,-14724
-113,-82,-50,14822,488,995,1,-15359
-104,-79,-25,14667,351,984,1,-15359
-82,-49,-6,14452,376,1005,1,-14983
-57,38,11,14615,856,615,1,-14399
-83,70,-6,15151,831,-103,1,-14437
-103,81,0,15723,488,-176,1,15384
-117,65,6,15974,338,-71,1,16194
-117,56,20,15887,189,77,1,-16037
-108,70,28,15548,39,126,1,-15576
-91,61,16,15171,-45,-163,1,-15290
-70,23,1,14915,-60,-591,1,-14439
-77,-8,-24,14890,-55,-1115,1,-15898
-85,-46,-54,15025,-61,-1513,1,-16171
-91,-90,-74,15179,-160,-1565,1,-15746
-97,-115,-57,15424,-114,-1558,1,-14862
-97,-112,-1,15621,-442,-1381,1,-14805
-138,-53,3,15752,77,-1198,1,-14806
-161,-47,26,15536,-290,-1037,1,14602
-155,-36,34,15335,-401,-968,1,14632
-124,-51,35,15372,-380,-1003,1,16116
-136,-34,27,15423,-272,-870,1,16107
-80,-17,27,15897,-372,-794,1,15412
-18,26,-20,16555,-75,-594,0,17066
-20,80,-75,17305,560,-563,0,-17297
-109,35,-116,17890,681,-380,1,-17936
-118,-4,-98,18042,92,-225,1,18130
-80,2,-64,17859,-173,-5,1,17690
-83,24,-63,17503,-109,254,1,-17595
-71,18,-51,17176,-97,327,1,-16987
-58,17,-14,16846,37,419,1,16494
-74,5,14,16514,290,451,1,-16419
-99,-32,46,16219,312,486,1,16341
-71,-45,76,16145,371,494,1,16297
-99,-61,61,16405,1030,426,1,17881
-146,-104,39,16610,881,485,1,17060
-163,-58,-7,16613,686,876,1,-16826
-139,-78,-40,16246,468,893,1,-15677
-119,-78,-52,15834,404,1005,1,-16297
-94,-81,-49,15445,508,979,1,-15941
-78,-62,-22,15322,434,1003,1,-14822
-51,-28,-12,15641,721,1017,1,-15377
-72,44,0,16398,899,604,1,-16826
-93,97,-15,17182,524,-57,1,-16667
-100,96,-8,17807,254,-293,1,-17491
-112,73,1,17874,316,13,1,-17608
-115,85,13,17542,222,427,1,-17883
-89,90,8,17044,60,602,1,-16636
-63,64,6,16589,-245,407,1,16853
-46,4,16,16185,65,-372,1,15921
-62,-37,10,15801,243,-1134,1,-14648
-56,-62,-6,15545,275,-1605,1,15330
-96,-90,-16,15478,63,-1611,1,14857
-115,-110,-11,15572,-237,-1589,1,-14875
-153,-93,-42,15637,-226,-1438,1,-14472
-159,-59,2,15329,-634,-1252,1,15838
-134,-47,32,14998,-698,-1130,1,15566
-141,-40,23,14787,-726,-1072,1,16262
-107,-39,33,14906,-622,-1019,1,15299
-71,-35,30,15251,-356,-1089,1,16073
-53,-9,-4,15922,-30,-971,1,-15834
-14,39,-65,16820,492,-473,1,-16874
-81,53,-118,17734,786,-403,1,-18390
-123,8,-108,18231,159,-403,1,-17953
-101,0,-86,18154,128,58,1,18018
-83,-4,-88,17849,60,415,1,-17440
-48,-6,-62,17644,-173,705,1,18069
-48,-10,-39,17632,-226,775,1,18181
-47,0,0,17636,-16,588,1,18058
-64,-9,18,17690,359,490,1,17841
-112,-7,48,17760,613,475,1,18052
-161,-18,71,17852,642,481,1,17962
-175,-60,46,17807,684,376,1,18147
-176,-53,0,17449,415,725,1,18427
-119,-64,-10,16935,314,890,1,-16421
-106,-79,-28,16397,367,973,1,-17041
-97,-85,-17,15946,318,966,1,-15510
-108,-63,-3,15719,518,981,1,-15585
-91,-16,3,15816,720,708,1,15753
-66,35,2,16276,479,327,1,-16240
-85,71,2,17009,447,25,1,-17350
-88,74,7,17610,248,-171,1,17537
-103,52,-1,17790,213,62,1,17860
-117,71,8,17463,159,317,1,-17838
-96,89,23,16841,-89,251,1,16760
-62,59,35,16339,-315,-166,1,-15979
-38,0,38,16214,-219,-583,1,-15819
-41,-37,28,16497,-93,-1181,1,17570
-75,-41,-1,17016,190,-1496,1,18288
-109,-63,-33,17621,224,-1556,1,16983
-159,-61,-11,18145,175,-1318,1,17344
-153,-121,-20,18402,-369,-1369,1,-17211
-161,-74,6,18424,-326,-1152,1,16942
-121,-57,54,18309,-676,-1218,1,16786
-92,-57,81,18308,-658,-1106,1,16757
-84,-54,85,18550,-414,-1102,1,19862
-87,-38,74,19085,37,-847,1,-18909
-89,-10,35,19400,0,-734,1,-18789
-63,22,-23,20297,427,-699,1,-19558
-38,46,-95,21355,390,-696,1,-20493
-108,39,-93,22189,502,-677,1,-21997
-116,-8,-93,22460,184,-476,1,22260
-92,-2,-68,22300,-72,58,1,22395
-87,17,-72,21881,-58,331,1,-21513
-85,21,-40,21416,-10,520,1,-20941
-68,7,-20,20947,136,745,1,21478
-70,4,18,20724,153,729,1,-21221
-88,-3,37,20485,217,732,1,21107
-116,-22,74,20251,557,626,1,20331
-106,-34,107,20028,748,512,1,20208
-112,-65,97,20041,939,861,1,20210
-161,-70,19,19689,579,671,1,19648
-131,-81,3,19144,286,845,1,18505
-116,-80,-13,18442,224,877,1,-19381
-89,-83,12,17814,185,860,1,18038
-91,-78,15,17326,340,735,1,16446
-59,-40,26,17156,402,477,1,17231
-55,5,29,17672,725,323,1,-18100
-61,89,-6,18716,764,208,1,19283
-113,108,-13,19727,153,-74,0,-19918
-115,64,4,19852,-112,151,1,19777
-73,80,34,19349,-169,392,1,19084
-44,75,54,18759,-147,358,1,18662
-37,58,59,18502,-87,96,1,18518
-56,23,52,18504,75,-412,1,18831
-84,-7,36,18719,325,-736,1,-19192
-83,-39,16,19085,296,-1105,1,-20371
-100,-52,14,19536,330,-1265,1,-18872
-111,-64,10,20167,309,-1417,1,-18979
-152,-60,36,20653,380,-1525,1,-21679
-179,-88,16,20963,151,-1520,1,-21614
-148,-38,56,20972,-466,-1301,1,21924
-124,-18,77,21073,-375,-1232,1,22476
-111,-13,65,21401,-473,-1078,1,22100
-84,-10,64,21835,-53,-1019,1,22172
-93,-12,42,22287,308,-908,1,-21967
-56,0,0,22827,630,-898,1,22760
-39,33,-46,23382,886,-779,1,-23300
-42,50,-103,24044,829,-789,1,-23996
-123,33,-102,24530,457,-682,1,-23696
-109,8,-81,24584,-234,-397,1,24922
-91,10,-78,24256,-212,52,1,-24122
-95,18,-92,23732,-323,280,1,-23803
-69,12,-53,23159,-330,377,1,-23097
-58,-2,-24,22783,-133,256,1,22871
-50,-26,14,22575,235,112,1,22673
-101,-47,43,22493,523,341,1,21729
-93,-47,61,22485,469,266,1,22342
-88,-59,70,22527,942,192,1,21689
-134,-54,84,22729,908,929,1,22531
-97,-59,-9,22936,463,619,1,-23150
-126,-70,-11,22830,429,679,1,-23062
-97,-75,-25,22737,520,769,1,-23018
-101,-80,-39,22720,578,945,1,-22846
-117,-70,-36,22811,643,1033,1,-24449
-119,-78,-40,22971,815,1002,1,-22882
-58,-24,-24,23278,320,610,1,-23031
-53,59,-32,24024,380,237,1,23642
-83,126,-39,24943,303,-154,1,-24785
-131,75,-62,25329,294,-124,1,-25436
-135,62,-23,25121,137,384,1,25477
-95,101,17,24649,-357,460,0,24777
-61,92,39,23961,-139,291,0,23669
-63,53,45,23444,-96,-102,1,-23436
-50,4,12,23202,54,-485,1,23370
-56,-32,-9,23204,46,-1019,1,22867
-80,-65,-9,23361,149,-1441,1,24176
-93,-96,-12,23547,309,-1598,1,23800
-148,-101,41,23892,242,-1223,1,-22974
-139,-38,-36,23895,102,-1349,1,22778
-151,-27,-1,23528,-245,-1274,1,-24427
-136,-16,20,23222,-310,-1183,1,24450
-142,-28,5,22944,-283,-1165,1,23718
-115,-47,6,22910,-413,-960,1,23300
-96,-42,15,23029,-193,-790,1,23130
-70,-17,9,23540,-14,-767,1,22872
-10,24,-31,24156,46,-598,1,-23596
-51,68,-105,25097,492,-624,1,-24984
-121,17,-124,25674,430,-500,1,-25607
-133,2,-100,25762,-107,-20,1,25661
-99,20,-91,25356,-270,286,1,-25393
-70,17,-73,24804,-355,400,1,-24586
-39,-5,-33,24338,-292,345,1,24425
-47,-9,4,24078,220,283,1,24552
-89,-21,29,23976,371,318,1,23991
-102,-9,54,23805,497,446,1,23786
-111,-39,73,23703,624,393,1,24428
-117,-97,91,23796,754,403,1,24537
-116,-69,38,23962,351,460,1,23835
-116,-60,-35,23958,635,553,1,-23982
-125,-71,-29,23693,420,838,1,-24139
-121,-56,-37,23353,608,950,1,-23176
-107,-68,-30,23142,581,1003,1,-23552
-110,-56,-9,23008,462,938,1,-23510
-97,-50,0,23037,665,923,1,22701
-22,-10,5,23173,765,476,1,22974
-74,99,-5,24031,1034,126,1,22918
-126,127,-21,24898,411,-437,1,-24953
-140,51,-34,25135,124,-359,1,-25520
-117,55,10,24991,-36,285,1,24811
-73,100,28,24556,-378,215,1,24177
-70,77,39,23993,-102,-217,1,-23849
-55,21,13,23540,71,-686,1,22835
-82,1,-20,23335,380,-1043,1,-24074
-99,-52,-54,23119,29,-1491,1,24551
-103,-77,-71,23053,-197,-1541,1,-23715
-70,-103,-58,23144,-380,-1550,1,-23816
-80,-138,-46,23502,-239,-1284,1,-24268
-123,-69,-14,23819,38,-979,1,24271
-144,-41,3,23565,-84,-1165,1,22645
-138,-52,29,23096,-332,-1101,1,24475
-140,-55,20,22692,-286,-921,1,23179
-114,-71,30,22475,-734,-768,1,22467
-96,-55,42,22704,-229,-678,1,23217
-73,-49,25,23265,-477,-915,1,22733
-28,-19,-15,23994,82,-706,1,24365
-1,50,-79,24897,883,-92,0,-25112
-85,63,-114,25803,510,-262,1,-25642
-119,9,-111,26218,-63,-228,1,26277
-120,47,-76,25981,-198,113,1,-26074
-87,60,-66,25347,-308,119,1,-25200
-56,25,-60,24646,-258,225,1,-25009
-55,-10,-23,24148,60,236,1,-24239
-79,-29,42,23796,396,297,1,23594
-91,-87,72,23676,552,293,1,24374
-72,-86,85,23792,457,308,1,23625
-129,-81,67,24195,933,528,1,24486
-114,-47,46,24349,459,553,1,23693
-126,-72,8,24295,489,382,1,24129
-108,-86,-23,24089,377,628,1,-23872
-134,-65,-49,23850,582,867,1,-23802
-97,-70,-36,23648,377,1017,1,-24294
-92,-63,-30,23356,591,953,1,-23218
-84,-73,-16,23253,704,913,1,-23444
-48,-1,0,23168,880,783,1,23251
-64,46,-11,24037,546,245,1,24362
-109,107,-9,25169,448,7,1,25498
-106,78,-16,25637,261,-247,1,-26110
-120,59,10,25513,387,53,1,-25179
-75,88,49,25260,-185,150,1,25250
-65,85,57,24829,213,-137,1,24719
-100,38,20,24406,226,-583,1,23968
-92,0,-17,24140,179,-1079,1,-23170
-112,-22,-44,23984,199,-1394,1,22612
-75,-47,-67,23947,-96,-1415,1,-22648
-67,-62,-55,23976,-77,-1362,1,-22784
-91,-80,-72,24228,-69,-1411,1,-23348
-165,-75,-68,24144,-31,-1432,1,-23416
-153,-78,-28,23719,-230,-1173,1,-22556
-134,-65,2,23116,-445,-938,1,22685
-108,-58,27,22417,-603,-893,1,22269
-87,-83,29,22127,-569,-852,1,22302
-45,-79,35,22219,-409,-824,1,21542
-80,-59,24,22737,-123,-654,1,23112
-43,-22,-12,23582,78,-461,1,23979
-11,35,-56,24845,-60,47,1,-24837
-78,74,-88,26193,584,334,1,25860
-162,31,-97,26725,-10,-92,1,26858
-111,32,-71,26430,-274,-137,1,26284
-69,27,-64,25735,-454,-85,1,25973
-59,7,-57,24888,-85,156,1,-25079
-44,-3,-15,24147,29,97,1,-24076
-41,-36,38,23717,471,123,1,23847
-79,-52,51,23672,797,436,1,24220
-89,-52,57,23895,760,732,1,23842
-119,-16,58,24372,1239,932,1,22535
-179,-39,46,24663,953,644,1,25043
-173,-42,9,24779,587,699,1,24756
-146,-60,-26,24634,210,742,1,-25279
-135,-58,-38,24459,48,958,1,-23709
-102,-51,-24,24041,-69,898,1,24172
-76,-57,-1,23783,132,805,1,-24375
-59,-48,2,23863,194,575,1,24542
-71,0,-2,24355,631,450,1,23762
-103,69,3,25086,405,185,1,-24818
-111,74,0,25663,-139,-52,1,-25762
-81,72,25,25856,-509,-17,1,-25839
-37,79,64,25645,-381,49,1,25928
-24,78,93,25318,113,-74,0,25304
-50,64,76,24950,548,-201,1,25508
-72,52,45,24706,437,-384,1,24597
-95,24,-1,24667,635,-700,1,-24799
-110,-15,-30,24740,485,-1068,1,25879
-91,-46,-40,24892,254,-1515,1,25723
-106,-73,-48,25136,375,-1568,1,25941
-117,-118,-33,25367,273,-1572,1,25607
-174,-71,-29,25384,145,-1126,1,26408
-138,-49,-6,25052,-166,-1169,1,-25943
-148,-44,34,24734,-117,-1009,1,25475
-141,-43,23,24479,-203,-832,1,23768
-106,-39,18,24343,-126,-768,1,24011
-120,-43,4,24417,274,-634,1,-23633
-96,-32,-1,24695,144,-561,1,25236
-50,1,-13,25052,97,-832,1,-25278
-14,23,-50,25545,-131,-870,1,24582
-56,31,-119,26311,358,-486,1,-26138
-110,9,-101,26768,-262,-335,1,26840
-85,6,-63,26641,-124,39,1,-26659
-74,29,-61,26155,-91,270,1,-26389
-49,19,-56,25707,-99,293,1,-25916
-39,0,-12,25291,288,309,1,25328
-83,-17,8,25106,569,350,1,24892
-109,-33,21,25093,803,283,1,24679
-130,-53,38,25132,658,565,1,25115
-101,-55,38,25314,858,607,1,25488
-131,-78,48,25894,1190,930,1,25310
-137,-62,-33,26219,366,835,1,-25809
-151,-77,-40,26178,189,934,1,-26024
-109,-79,-49,25963,247,1019,1,-26231
-99,-84,-50,25753,391,922,1,-26248
-98,-78,-39,25588,392,903,1,-25075
-97,-49,-34,25765,835,1027,1,-25496
-54,20,-5,26295,759,617,1,26127
-67,82,-14,27127,588,51,1,27542
-86,104,-19,27804,291,-360,1,-27893
-108,54,-23,27930,408,-174,1,-27752
-118,56,-5,27765,168,343,1,28096
-90,84,23,27385,-98,357,1,27620
-80,74,36,26816,-51,-55,1,-26855
-68,9,15,26390,128,-426,1,26233
-82,-15,-12,26201,105,-795,1,25981
-101,-35,-35,26053,-22,-1259,1,-24926
-98,-64,-60,26051,-171,-1532,1,-24821
-70,-80,-71,26121,-419,-1570,1,-25030
-81,-134,-33,26236,-350,-1252,1,-25397
-122,-57,-29,26424,8,-1308,1,25205
-151,-57,-12,26141,-160,-1250,1,-25286
-134,-55,22,25794,-414,-1029,1,25085
-117,-55,21,25492,-409,-1029,1,26204
-114,-72,24,25356,-557,-968,1,25290
-99,-64,33,25679,-303,-789,1,26122
-56,-39,14,26192,-208,-681,1,25643
-21,43,-16,26754,339,-545,0,-27588
-58,88,-87,27581,581,-847,1,-27267
-104,29,-116,28085,-23,-769,1,28329
-121,1,-83,28167,-62,-77,1,28254
-102,19,-78,27725,107,330,1,27988
-87,28,-64,27199,-116,413,1,-27560
-72,9,-32,26768,144,545,1,27251
-78,-6,-8,26505,317,666,1,-25699
-74,-12,14,26295,444,714,1,25998
-89,-24,38,26004,371,623,1,26338
-54,-45,60,25786,882,248,1,26390
-95,-174,102,26176,779,528,1,26573
-135,-36,8,26665,779,991,1,26707
-160,-56,-17,26870,879,459,1,-27370
-120,-98,-24,26713,126,390,1,-27044
-115,-83,-46,26398,274,604,1,-25695
-94,-85,-36,26132,411,734,1,-25977
-91,-68,-34,25979,484,888,1,-26589
-70,-35,-12,25947,651,742,1,-25946
-51,-1,4,26495,977,445,1,25894
-70,95,-21,27622,885,-88,1,-26826
-154,105,-19,28390,-66,-732,1,27805
-98,30,-28,28329,102,-56,1,-28320
-111,70,16,28047,11,745,1,-28503
-54,92,52,27549,-258,443,1,27513
-56,56,54,27039,47,1,1,-27020
-58,20,16,26747,255,-450,1,27003
-76,2,-29,26696,401,-1048,1,-28057
-107,-73,-68,26797,279,-1321,1,27888
-92,-124,-59,26996,104,-1634,1,28516
-127,-136,-45,27057,-34,-1597,1,-28539
-108,-63,-21,27051,137,-1112,1,27959
-137,-44,-32,26721,-246,-1281,1,-27948
-132,-39,15,26265,-396,-1082,1,25474
-151,-35,11,25850,-320,-1041,1,24937
-138,-37,13,25675,-479,-944,1,26265
-126,-38,15,25734,-429,-780,1,26229
-69,-22,22,26104,-138,-927,1,26283
-56,-4,-4,26483,90,-887,1,25707
4,34,-45,27226,287,-469,1,27288
-34,81,-87,27980,457,-650,1,-28202
-109,28,-112,28569,390,-592,1,-27725
-120,-15,-105,28684,-185,-106,1,-28880
-93,14,-86,28408,-289,476,1,-28161
-96,29,-78,28045,-118,770,1,-28407
-85,30,-58,27685,-343,770,1,-28162
-82,18,-15,27299,-90,454,1,-27507
-86,-13,39,26918,61,327,1,26657
-83,-42,55,26465,424,384,1,26374
-94,-53,93,26092,713,379,1,26217
-60,-69,112,25902,663,-74,1,-26621
-123,-62,20,26200,978,514,1,26584
-108,-67,-20,26057,664,300,1,-26181
-102,-108,-39,25909,563,561,1,-25885
-89,-89,-53,25774,708,803,1,-25983
-84,-92,-48,25921,548,955,1,-25851
-106,-62,-29,25931,475,1004,1,-26424
-55,-25,-26,26526,1191,796,1,-24594
-85,49,-11,27232,781,341,1,26708
-109,109,-19,28114,320,-289,0,-28068
-141,64,-45,28595,157,-296,1,-28395
-108,43,-7,28440,118,318,1,28181
-99,75,33,27933,-70,500,1,27815
-90,89,51,27347,-75,133,1,27180
-73,52,42,26830,-29,-200,1,-26689
-69,6,7,26502,-7,-604,1,-26014
-77,-15,-34,26377,-126,-1027,1,-25367
-69,-71,-58,26443,-155,-1461,1,-25182
-72,-112,-55,26586,-149,-1619,1,-24834
-91,-132,-24,26753,-316,-1658,1,-28431
-77,-104,-5,26974,-138,-1125,1,-28064
-136,-52,-7,26954,-215,-1194,1,-28037
-138,-61,23,26747,-342,-1039,1,28033
-126,-63,27,26517,-449,-1083,1,25140
-120,-72,26,26567,-301,-878,1,26031
-130,-51,12,26647,-230,-685,1,27362
-59,-28,12,27295,-142,-586,1,26741
-45,2,-18,27794,122,-484,1,-27960
-39,64,-46,28629,246,-517,1,-28016
-70,44,-102,29438,380,-603,1,-29144
-108,-19,-117,29498,344,-375,1,29466
-106,0,-92,29198,-35,107,1,-29303
-85,25,-83,28828,-224,385,1,-29151
-72,26,-47,28444,-226,472,1,-28246
-66,23,-5,28082,-4,496,1,-27665
-86,-20,15,27786,401,429,1,27900
-87,-41,18,27672,631,568,1,27704
-131,-53,58,27633,816,770,1,27468
-87,-55,109,27662,776,649,1,28033
-113,-50,56,27852,895,679,1,28014
-121,-66,-34,27761,540,610,1,-27669
-126,-89,-17,27542,388,725,1,-26866
-101,-87,-21,27195,511,768,1,-26850
-119,-86,-23,27010,434,712,1,-27343
-97,-80,-12,26898,534,810,1,-26634
-50,-50,6,26814,385,519,1,27453
-14,16,4,27522,801,397,1,-26933
-43,108,-25,28556,1018,-44,1,-27649
-129,102,-38,29334,606,-455,1,-29135
-152,32,-42,29261,137,-166,1,-29437
-122,61,11,28995,-265,409,1,29086
-93,89,29,28407,-125,246,1,28262
-69,61,33,27782,-257,-266,1,-27861
-58,6,7,27328,107,-608,1,26831
-79,-27,-37,27104,-35,-928,1,-27183
-91,-101,-56,26890,-349,-1288,1,-27996
-52,-107,-43,26842,-664,-1477,1,-28666
-52,-118,-29,27046,-450,-1594,1,-28168
-35,-140,-1,27322,-414,-1541,1,-28042
-119,-70,-11,27361,-325,-1273,1,-28520
-128,-71,10,27273,-258,-1181,1,28452
-141,-71,15,27141,-451,-968,1,26822
-117,-76,16,27069,-404,-809,1,27434
-106,-75,19,27226,-501,-827,1,26791
-101,-56,19,27487,-148,-724,1,26972
-15,-19,-17,27915,-194,-698,0,-28542
-38,73,-48,28866,565,-312,1,-29569
-94,65,-101,29934,385,-504,1,-29924
-126,-17,-122,30385,-212,-288,1,-30571
-100,3,-71,30308,-176,261,1,-30700
-79,20,-74,29807,-19,419,1,-30159
-73,52,-50,29217,-174,347,1,-29594
-56,17,-8,28576,100,259,1,28389
-64,-26,18,28151,233,350,1,27767
-73,-49,21,27961,420,336,1,28067
-99,-74,58,27821,505,323,1,27653
-80,-81,67,27888,594,405,1,28520
-106,-91,93,28148,1064,905,1,27192
-116,-52,2,28389,631,711,1,28180
-123,-71,-6,28324,800,457,1,-27768
-109,-88,-21,28188,481,566,1,-28136
-109,-99,-39,27863,607,719,1,-27757
-109,-96,-27,27693,480,910,1,-28266
-91,-75,-28,27632,599,873,1,-27335
-96,-25,2,27793,511,549,1,28429
-37,8,-5,28557,743,187,1,28154
-47,91,-16,29545,725,94,1,29083
-114,106,-23,30216,607,-259,1,-30044
-129,53,-15,30336,98,-278,1,-30544
-113,57,22,30100,-38,189,1,30032
-94,84,29,29577,-71,245,1,29485
-78,71,29,28992,-15,16,1,29002
-76,9,0,28531,22,-371,1,28246
-73,-46,-23,28372,-260,-905,1,-27696
-86,-72,-29,28460,-228,-1263,1,-27437
-91,-86,-31,28673,-165,-1535,1,-30026
-81,-82,-25,28926,-154,-1616,1,-30259
-84,-128,-20,29229,-231,-1552,1,-29945
-144,-49,-16,29261,-152,-1442,1,-30665
-144,-45,7,28925,-295,-1460,1,29903
-143,-45,17,28504,-421,-1283,1,27470
-95,-50,20,28197,-493,-1200,1,27422
-95,-69,24,28269,-295,-1029,1,27470
-82,-70,12,28620,-321,-843,1,28125
-60,-23,-6,29199,-14,-512,1,-29655
-6,61,-42,29941,202,-315,1,-29976
-94,74,-93,30780,339,-592,1,-31593
-109,0,-114,31131,312,-443,1,-30984
-107,0,-87,30960,137,-21,1,-30803
-96,7,-81,30590,124,186,1,30643
-82,21,-76,30216,-239,223,1,-30262
-60,16,-35,29927,-211,214,1,-29930
-59,-9,-7,29654,-32,-266,1,-29432
-88,-35,15,29341,450,471,1,29425
-118,-37,41,29030,626,788,1,28795
-95,-67,67,28878,770,740,1,29044
-64,-125,111,28873,723,952,1,29069
-81,-72,7,29067,1039,594,1,30661
-128,-76,-9,28878,482,732,1,-29648
-103,-92,-20,28551,639,815,1,-28411
-85,-105,-32,28238,625,872,1,-28536
-81,-100,-28,28264,945,955,1,-28234
-83,-79,-29,28748,1007,962,1,-28771
-88,-2,-29,29119,797,925,1,-29047
-90,44,-15,29577,888,245,1,28796
-97,91,-22,30010,677,-329,0,-30460
-117,79,-22,30310,48,-438,1,-30671
-103,58,0,30458,-231,54,1,30325
-76,77,25,30200,-270,249,1,29712
-72,84,39,29660,-40,73,1,29573
-65,42,20,29163,122,-258,1,28909
-66,-2,-10,28891,91,-859,1,29584
-71,-36,-30,28833,35,-1432,1,30062
-86,-70,-57,28915,-105,-1576,1,-30360
-88,-96,-58,29027,-138,-1565,1,-30661
-96,-108,-38,29231,-174,-1559,1,-29831
-146,-92,-9,29507,159,-1186,1,30652
-163,-54,-1,29291,-262,-1187,1,-30553
-144,-47,36,28979,-375,-1061,1,29927
-141,-50,23,28745,-386,-974,1,29356
-107,-49,31,28702,-658,-993,1,28969
-110,-59,23,28826,-160,-950,1,29683
-65,-38,3,28883,-445,-940,1,29345
-2,20,-32,29393,168,-666,1,-28906
-68,74,-89,30166,533,-845,1,-29918
-91,23,-108,30884,27,-727,1,-31309
-96,-13,-89,31216,-253,-96,1,-31068
-93,12,-65,30943,115,305,1,31118
-91,18,-81,30563,-164,347,1,-30337
-70,21,-40,30240,-140,462,1,-30482
-72,3,-6,29934,175,361,1,30058
-99,-11,12,29523,463,398,1,29557
-115,-40,59,29001,470,449,1,28979
-65,-69,91,28540,510,464,1,28430
-59,-86,82,28518,807,145,1,27886
-69,-127,31,28778,874,415,1,29369
-115,-68,-7,28908,848,553,1,-29090
-115,-97,-35,28774,626,748,1,-28876
-98,-86,-41,28564,717,888,1,-28223
-96,-89,-30,28444,536,963,1,-28383
-90,-87,-20,28222,614,926,1,-28634
-88,-55,-11,28222,827,931,1,-28367
-44,14,-8,28604,770,499,1,28012
-74,73,11,29256,783,-118,1,28986
-125,97,-8,29962,454,-404,1,-30023
-150,40,-13,30189,81,-57,1,-30007
-125,64,30,29883,65,381,1,-30119
-94,79,52,29353,38,147,1,-29242
-85,45,49,28888,8,-286,1,29062
-72,-3,13,28652,-57,-681,1,27959
-80,-27,-27,28613,-108,-1105,1,-27571
-82,-65,-43,28652,-177,-1330,1,-27222
-59,-101,-54,28944,-261,-1622,1,-30250
-95,-122,-25,29285,-268,-1644,1,-30010
-105,-109,-13,29598,-59,-1343,1,-30354
-143,-63,-13,29397,-358,-1305,1,-30232
-132,-62,29,29019,-459,-1202,1,29824
-111,-64,24,28715,-451,-1050,1,30138
-114,-67,29,28703,-564,-865,1,29025
-103,-66,29,28880,-394,-697,1,29656
