-15,98,6,284,0,1,0,-374
-15,98,7,292,11,6,0,-321
-14,100,10,293,9,10,0,-328
-13,100,12,303,13,6,0,-323
-13,100,12,319,-11,-14,0,-351
-13,99,9,341,-15,-16,0,-305
-21,103,18,377,51,-76,0,354
-77,112,75,542,-27,-90,1,-554
-118,164,124,413,184,-351,1,213
-131,198,88,-116,-188,-783,1,985
-84,214,46,-864,-327,-724,1,98
-47,203,7,-1688,-478,-688,1,1284
-12,164,-4,-2417,-592,-837,1,-2261
12,110,-1,-3028,-298,-804,1,2488
4,77,8,-3536,-183,-913,1,-3756
10,47,2,-4123,-241,-1281,1,-5583
18,10,-6,-4680,-115,-1412,1,6056
7,-9,-4,-5200,155,-1517,1,4407
-5,-21,0,-5574,188,-1444,1,4297
-2,-39,4,-5824,-104,-1167,1,-4727
-13,-39,22,-5755,-55,-496,1,-6045
-46,-33,44,-5353,64,57,1,-5300
-59,-6,76,-5000,134,135,1,-5111
-39,-9,84,-4668,-94,164,1,4795
-56,4,102,-4249,-232,367,1,-4423
-65,16,113,-3825,-99,387,1,-3892
-53,25,121,-3555,-54,393,1,-3082
-55,23,130,-3349,-139,436,1,-3211
-63,32,141,-3105,94,467,1,3389
-79,47,147,-3209,70,619,1,3668
-67,83,187,-3220,-317,-83,1,3412
-67,68,159,-3346,15,-526,1,-3978
-64,64,131,-3611,21,-404,1,-3940
-60,80,118,-3943,163,-246,1,-3887
-57,82,102,-4336,-81,-473,1,4456
-39,71,88,-4702,-128,-777,1,4368
-32,50,66,-4997,-166,-1016,1,4282
-21,29,52,-5233,-109,-1070,0,4110
-11,4,34,-5519,93,-1129,0,-4502
-5,-13,23,-5760,5,-1239,0,4785
3,-28,8,-5900,-167,-1293,0,4787
4,-32,6,-5909,-12,-1101,0,4940
-9,-43,9,-5788,-222,-751,0,-5250
-15,-32,32,-5496,96,-208,0,5611
-23,-18,60,-5134,137,91,0,-5351
-29,22,79,-4807,-17,237,1,-4734
-51,2,67,-4500,58,249,1,4384
-42,14,99,-4182,181,452,1,4451
-47,35,122,-3860,43,522,1,3398
-61,36,147,-3594,-163,513,1,-3107
-57,39,151,-3376,-46,413,1,-3093
-48,31,156,-3290,-166,572,1,-3824
-49,60,165,-2998,-30,405,1,-2712
-54,79,155,-2923,15,417,1,2598
-54,109,150,-2920,91,79,1,3006
-66,112,122,-3306,29,-314,1,-3462
-46,115,111,-3610,3,-639,1,-3159
-45,103,88,-3828,-125,-910,1,3346
-30,82,65,-4047,-46,-1013,1,3098
-25,54,47,-4261,-156,-1076,1,5134
-11,24,39,-4428,-144,-992,1,4653
-5,3,37,-4533,-54,-834,1,4833
-4,-7,42,-4534,-54,-706,1,-4974
-6,-14,41,-4542,73,-701,1,4970
-9,-16,34,-4600,137,-834,1,4633
-20,-24,31,-4617,23,-880,1,4456
-4,-24,40,-4566,28,-607,1,5032
-35,-14,66,-4457,-159,-187,1,-4387
-33,-11,82,-4324,359,-23,1,4585
-22,0,85,-4162,203,-16,1,-4295
-22,10,103,-3917,71,86,1,3878
-58,20,110,-3612,134,154,1,3655
-52,20,109,-3382,179,178,1,3453
-51,23,111,-3192,146,215,1,3195
-60,25,117,-3105,50,260,1,3394
-61,41,141,-3127,177,232,1,3316
-44,28,159,-3067,-115,-138,1,2986
-72,28,160,-2996,29,-205,1,-2971
-68,41,167,-3097,-63,-334,1,3493
-56,46,153,-3252,-11,-540,1,3617
-53,51,138,-3505,119,-698,1,-4081
-51,50,122,-3761,-243,-885,1,3407
-29,32,98,-3965,-173,-951,1,3131
-28,17,85,-4122,-64,-847,1,4916
-23,14,81,-4283,-121,-831,0,5047
-21,1,61,-4391,-49,-935,0,4762
-9,-13,43,-4534,30,-921,0,4638
-11,-25,29,-4689,103,-831,0,4356
-1,-22,28,-4858,44,-794,0,4551
7,-33,17,-4890,126,-891,0,-4138
-12,-44,23,-4765,94,-447,0,4937
-18,-36,48,-4502,146,-159,0,4505
-19,-23,69,-4186,188,-2,0,4263
-38,-9,89,-3878,-62,-7,1,-3946
-57,-12,87,-3578,210,122,1,-3383
-41,-6,95,-3469,112,131,1,-3343
-27,8,97,-3267,64,180,1,3142
-54,18,108,-3126,-69,330,1,-3444
-41,26,118,-2975,57,246,1,2838
-43,26,117,-2855,32,218,1,2970
-42,32,136,-2761,-55,165,1,-2778
-46,30,149,-2758,29,-44,1,-2647
-49,19,146,-2758,25,-167,1,-2761
-49,17,157,-2762,-29,-179,1,2776
-49,16,146,-2767,74,4,1,2609
-66,67,156,-2897,55,302,1,2772
-52,91,143,-2950,-183,-503,1,2593
-38,72,107,-3070,-187,-868,1,2081
-33,59,96,-3240,-153,-933,1,4067
-22,47,87,-3354,-109,-1016,1,3820
-22,25,69,-3450,-16,-1048,1,2347
-16,8,57,-3517,-2,-948,1,3635
-13,-1,48,-3540,81,-871,1,3803
-11,-10,38,-3579,255,-930,1,3714
-13,-21,23,-3681,176,-1094,1,2713
0,-31,13,-3804,-33,-1136,1,2692
-1,-43,10,-3725,-121,-767,1,-3114
-15,-40,37,-3525,-121,-165,1,-3352
-19,-22,67,-3306,164,0,1,-3083
-18,-3,92,-3122,-187,113,1,3254
-44,-19,92,-2918,82,123,1,-2859
-34,-8,101,-2758,150,123,1,-2665
-31,6,124,-2564,-165,399,1,-2896
-54,13,117,-2399,201,156,1,2373
-33,26,108,-2346,176,206,1,2306
-31,25,110,-2266,-60,350,1,-2519
-26,38,123,-2181,286,286,1,2243
-39,33,143,-2155,39,134,1,2112
-44,28,160,-2133,-15,-105,1,2214
-50,19,160,-2133,-89,-171,1,2087
-39,23,139,-2016,-102,44,1,-1840
-57,79,156,-1833,-28,236,1,-1848
-32,88,143,-1931,-216,-615,1,1520
-38,70,112,-2118,-99,-729,1,2799
-25,69,112,-2309,-60,-730,1,3016
-18,58,105,-2439,-124,-960,0,2562
-21,41,77,-2545,128,-1016,0,-2806
-21,24,58,-2653,110,-956,0,-2494
-13,6,45,-2814,181,-874,0,-2309
-8,-9,38,-2969,215,-903,0,2274
-4,-20,27,-3046,68,-953,0,2064
0,-27,17,-3020,126,-880,0,-2260
-18,-31,24,-2835,-11,-639,0,-2420
-16,-27,46,-2631,79,-243,0,2754
-35,-12,76,-2439,-32,-88,1,-2473
-34,-12,81,-2245,125,-59,1,2299
-35,-9,84,-2049,194,-5,1,2235
-30,3,99,-1905,24,73,1,1887
-52,8,102,-1706,28,177,1,1626
-56,18,111,-1663,-127,178,1,-1788
-21,19,114,-1670,-37,39,1,-1777
-45,21,110,-1621,48,187,1,1675
-39,31,115,-1667,-6,174,1,-1633
-25,23,129,-1728,-2,166,1,-1686
-31,23,164,-1814,-148,8,1,-1825
-25,20,181,-1763,-71,-196,1,1757
-35,23,159,-1721,55,-125,1,-1627
-41,57,163,-1677,-87,-145,1,1787
-38,64,138,-1763,120,-512,1,-1930
-45,55,108,-2040,216,-344,1,-1549
-48,80,121,-2178,20,-593,1,-2753
-31,59,91,-2331,-226,-1060,1,3493
-20,32,71,-2454,72,-1081,1,-3475
-29,15,61,-2539,15,-951,1,-2687
-10,0,50,-2555,-52,-900,1,2674
-15,-12,36,-2506,188,-913,1,2759
-20,-20,23,-2489,190,-892,1,2665
-26,-24,18,-2532,169,-837,1,2577
-12,-34,20,-2599,-224,-821,1,-2545
-14,-38,39,-2529,-197,-444,1,-2196
-12,-29,65,-2404,76,-106,1,2323
-21,-25,83,-2217,22,-34,1,2243
-21,-15,99,-2071,76,110,1,-2127
-31,-4,101,-1897,24,175,1,-1957
-35,0,98,-1787,2,261,1,1982
-26,15,102,-1668,-202,309,1,-1805
-19,30,120,-1554,-214,400,1,-1828
-45,39,119,-1469,-57,364,1,-1176
-14,40,141,-1551,-99,310,0,-2033
-17,30,155,-1597,207,286,0,1914
-33,51,163,-1753,593,598,1,1644
-44,87,158,-1731,390,105,1,1996
-54,78,126,-1870,285,-238,1,-1724
-52,83,120,-2044,0,-322,1,-1698
-53,85,118,-2105,-253,-752,1,2623
-37,71,99,-2180,-243,-924,1,3049
-34,57,91,-2217,-174,-852,1,2838
-31,49,81,-2221,-54,-930,1,2885
-27,30,63,-2234,-51,-1011,1,2881
-23,8,48,-2317,103,-949,1,-2803
-17,-3,42,-2459,218,-933,1,2783
-23,-13,34,-2713,274,-846,1,2300
-4,-18,39,-3010,222,-764,1,2514
1,-31,32,-3204,90,-829,1,-4058
10,-33,34,-3198,-76,-644,1,3774
-10,-30,43,-2902,-42,-314,1,-2682
-19,-16,65,-2472,-6,51,1,2510
-36,3,78,-2030,75,68,1,1935
-54,18,98,-1686,-233,289,1,-1819
-44,14,95,-1412,54,239,1,1315
-41,30,118,-1265,-2,362,1,-1497
-47,32,133,-1141,-122,379,1,-1535
-45,36,136,-1059,363,319,1,1269
-53,35,143,-1095,126,282,1,1465
-55,43,152,-1369,265,435,1,1380
-47,60,167,-1394,107,-42,1,-1414
-65,54,136,-1524,75,-295,1,-1124
-57,60,119,-1617,-227,-304,1,2029
-55,61,108,-1680,-148,-383,1,1798
-51,64,112,-1827,-283,-441,1,1921
-31,63,123,-1894,-365,-681,1,1272
-23,58,118,-1961,-177,-835,1,1027
-19,51,98,-2017,-32,-973,1,1139
-15,41,67,-2118,220,-1037,1,-3315
-14,20,36,-2385,645,-1084,1,-4049
-19,-3,25,-2742,767,-1094,1,3077
-15,-30,20,-3076,325,-1100,1,2313
-2,-42,15,-3224,24,-998,1,3918
-13,-51,19,-3090,-77,-704,1,-3789
-15,-40,45,-2814,-343,-264,1,-2732
-26,-30,64,-2504,-82,-140,1,-2395
-42,-19,74,-2191,-6,-41,1,-2258
-39,-10,80,-1964,-25,-19,1,-2014
-44,0,90,-1751,-128,130,1,-1626
-50,0,85,-1562,83,190,1,1683
-46,10,107,-1487,-224,420,1,-1275
-37,32,125,-1386,-152,272,1,-1173
-54,33,103,-1368,104,232,1,1447
-21,43,115,-1476,-309,273,0,-1449
-14,41,116,-1455,94,163,0,1281
-28,43,125,-1393,54,214,1,1502
-46,51,145,-1373,-174,132,1,-1530
-17,52,166,-1451,-107,-96,1,1310
-30,50,159,-1465,38,-348,1,-1143
-25,53,144,-1464,-41,-469,1,1269
-32,62,141,-1467,-63,-656,1,1956
-27,58,124,-1459,-27,-853,1,1699
-29,50,114,-1439,-121,-915,1,1579
-19,41,104,-1379,5,-894,1,-1611
-21,29,81,-1303,191,-857,1,-1707
-22,15,57,-1240,267,-709,1,-1849
-17,4,43,-1166,338,-545,1,-1988
-20,-4,37,-1189,402,-513,1,1792
-19,-9,31,-1305,204,-719,1,1820
-8,-16,22,-1496,7,-897,1,1613
-5,-27,26,-1554,-66,-708,1,-1173
-12,-18,53,-1477,-221,-268,1,-1088
-27,-5,76,-1343,176,-41,1,1527
-31,-6,86,-1242,65,-96,1,1161
-23,9,95,-1082,-52,73,1,-1025
-44,11,101,-902,126,211,1,878
-37,15,110,-714,117,250,1,512
-37,29,112,-439,161,269,1,80
-66,38,120,-283,41,353,1,78
-42,38,137,-187,-11,221,1,-233
-55,31,146,-123,-4,182,1,-120
-49,40,166,-95,-146,78,1,-61
-46,51,171,-61,113,98,1,153
-52,78,167,-116,-74,-145,1,115
-39,83,147,-316,-41,-532,1,997
-36,77,123,-470,-131,-718,1,908
-26,76,112,-549,-55,-768,1,203
-24,74,86,-680,253,-981,1,-391
-32,51,56,-958,468,-1111,1,-1577
-20,21,35,-1212,167,-1144,1,-78
-12,-9,18,-1429,225,-1198,1,458
-14,-24,11,-1620,238,-1071,1,641
-15,-28,11,-1748,27,-1040,1,730
-14,-29,13,-1853,11,-914,1,1209
-9,-39,19,-1881,-128,-627,1,-1388
-19,-36,45,-1752,-34,-278,0,-2046
-34,-27,64,-1507,-76,24,1,1481
-30,-2,96,-1267,-134,214,1,1246
-44,-6,107,-1112,-218,223,1,1047
-46,-7,93,-969,86,170,1,-834
-23,20,104,-805,12,466,1,659
-59,25,119,-684,-111,475,1,-842
-37,39,121,-733,2,367,1,968
-14,36,143,-789,-83,401,1,-627
-25,32,164,-686,-33,280,1,-779
-26,41,171,-505,-12,306,1,-90
-35,71,171,-378,106,91,1,389
-36,79,149,-371,39,-282,1,-183
-34,73,123,-419,40,-380,1,-226
-36,81,110,-548,-27,-345,1,894
-33,82,112,-583,-209,-638,1,234
-20,70,99,-644,-107,-870,1,441
-18,59,86,-700,139,-960,1,-497
-22,41,61,-756,98,-1117,1,-1744
-15,17,37,-867,246,-1146,1,-2005
-18,-9,26,-1008,261,-1118,1,1719
-10,-23,25,-1085,223,-965,1,1826
-10,-31,28,-1099,166,-756,1,1559
-20,-28,31,-1039,252,-580,1,1701
-22,-29,45,-936,-194,-416,1,-735
-20,-24,54,-733,39,-190,1,631
-34,-5,72,-531,107,142,1,-666
-33,11,86,-383,37,51,1,278
-47,1,83,-256,69,87,1,146
-22,29,97,-186,33,67,1,177
-47,27,95,-50,-135,276,1,-459
-29,39,105,82,142,309,1,-441
-50,39,108,238,136,368,1,-368
-63,46,134,263,-231,382,1,10
-32,46,178,150,-323,145,1,453
-24,25,208,36,-404,-200,1,-430
-20,32,214,20,-23,-466,1,-310
-33,50,195,-58,-91,-769,1,945
-20,57,158,-147,-73,-971,1,935
-20,58,126,-195,65,-991,1,-778
-22,46,93,-277,50,-1038,1,-1359
-14,27,69,-355,86,-1024,1,-668
-18,7,49,-438,161,-975,0,-768
-10,-8,43,-449,43,-901,0,584
-6,-19,32,-374,176,-856,0,679
-9,-22,27,-255,129,-740,0,664
-7,-25,14,-110,339,-722,0,1021
-14,-34,15,7,423,-508,0,-123
-21,-25,46,202,88,-259,0,-433
-36,-30,64,414,-123,-147,1,267
-38,-14,76,714,186,-142,1,-667
-51,-2,77,909,-189,41,1,-870
-53,0,73,1091,-126,269,1,1357
-37,6,104,1215,-91,354,1,1486
-39,17,121,1398,-10,333,1,1151
-53,28,129,1505,14,335,1,-1035
-40,29,134,1550,-36,250,1,1640
-37,19,159,1586,31,266,1,-1933
-43,24,182,1652,-101,158,1,1545
-37,37,173,1747,-9,172,1,1752
-53,73,175,1734,-84,-387,1,-1991
-46,65,136,1541,-248,-875,1,-1408
-26,55,129,1382,-262,-936,1,-1897
-25,51,127,1279,-136,-983,1,-2042
-11,43,110,1213,169,-1046,1,77
1,40,79,1149,852,-1050,1,-854
-34,18,33,883,1438,-1142,1,649
-29,-11,14,510,691,-1098,1,-1824
-8,-28,5,289,274,-1057,1,-1034
-22,-36,-1,228,138,-748,1,688
-19,-41,1,235,-269,-535,1,969
-24,-39,22,389,-377,-233,1,49
-22,-25,55,582,-462,-27,1,936
-37,-20,70,846,-106,60,1,-874
-64,-11,84,987,180,236,1,993
-42,4,110,999,-186,247,1,1001
-50,3,84,1151,353,131,1,-1529
-49,30,89,1253,-229,376,1,1293
-47,29,86,1347,-179,499,1,1124
-18,48,125,1397,-306,569,1,1570
-28,49,152,1588,51,335,1,-2042
-47,46,165,1739,71,140,1,-1703
-42,39,178,1784,-29,-109,1,-1592
-39,32,177,1868,-27,-292,1,-1730
-52,45,154,1926,228,-79,1,1963
-62,91,147,1945,-2,-247,0,-1946
-49,92,119,1805,-37,-768,0,-1488
-34,76,100,1524,-14,-927,1,-1646
-22,57,84,1191,248,-801,1,1796
-22,45,68,829,601,-607,1,837
-37,28,60,507,334,-652,1,569
-19,17,51,321,145,-826,1,730
-30,0,30,93,392,-1102,1,1432
-25,-15,15,-208,127,-1239,1,1148
-11,-23,5,-520,104,-1249,1,1685
-10,-40,1,-729,81,-1088,1,1690
-9,-41,18,-602,-306,-619,1,-308
-31,-34,36,-326,-252,-363,1,-205
-30,-27,57,-146,-287,-68,1,-498
-14,-5,80,81,-291,274,1,-60
-41,-8,68,528,316,405,1,721
-53,28,104,985,0,760,1,-355
-63,46,129,1330,51,579,1,-2001
-73,49,126,1559,26,518,1,-1040
-54,49,143,1642,-65,383,1,2013
-54,39,161,1678,2,226,1,-1759
-51,27,165,1694,177,173,1,-1550
-65,58,168,1747,-13,290,1,1836
-59,85,157,1679,-12,-227,1,-1688
-58,77,117,1510,-53,-646,1,-1878
-44,66,110,1378,-182,-684,1,-1913
-33,59,112,1475,-157,-596,1,-1893
-29,69,116,1490,-33,-714,1,-1814
-32,64,101,1466,139,-846,1,1605
-32,55,79,1370,349,-858,1,1850
-38,40,55,1140,377,-956,1,1679
-31,24,33,757,398,-1149,1,1827
-18,-4,16,215,310,-1411,1,-1123
0,-28,7,-277,8,-1476,1,-1217
8,-45,0,-545,81,-1198,1,-1788
-3,-57,7,-505,-109,-721,1,-891
-6,-43,37,-181,-150,-251,1,-211
-31,-19,56,251,-246,-18,1,40
-41,-24,52,564,-196,134,1,-634
-27,-8,77,802,-165,298,1,-768
-30,13,90,1110,-16,483,1,1523
-51,28,100,1411,100,588,1,-2019
-49,41,107,1743,267,559,1,-1435
-60,50,129,1998,-106,616,1,1348
-49,51,133,2255,143,382,1,-2492
-76,42,128,2410,14,388,1,-2051
-47,51,173,2440,-326,211,1,2221
-42,50,183,2453,-119,-224,1,-2452
-52,55,162,2375,-95,-424,1,-2076
-49,72,145,2210,-60,-530,1,-2659
-40,70,126,2031,-139,-725,1,-1454
-30,61,110,1925,-108,-725,1,-1400
-15,55,101,1942,80,-648,0,1311
-29,54,99,1892,233,-704,1,1400
-29,44,95,1771,191,-841,1,1392
-23,27,86,1614,244,-918,1,1399
-23,17,71,1447,366,-1036,1,129
-21,0,47,1225,406,-1118,1,314
-12,-7,38,996,376,-1121,1,-1749
-5,-22,19,773,225,-1308,1,-1791
-12,-40,-18,678,30,-1121,1,1766
-20,-48,-12,725,-389,-458,1,-685
-16,-38,28,847,-302,-131,1,725
-23,-23,55,1127,-38,95,1,-1066
-50,-12,79,1389,-49,228,1,-1488
-53,-11,90,1666,162,225,1,1702
-50,7,97,1938,181,277,1,-1639
-58,18,99,2139,70,356,1,-2355
-62,15,97,2348,120,391,1,-2180
-49,41,119,2599,-28,441,1,3048
-76,36,117,2762,161,448,1,-2995
-61,46,113,2760,251,462,1,-2974
-72,49,124,2636,-12,588,1,2050
-49,66,146,2519,-383,127,1,2101
-38,52,137,2561,-74,-53,1,-2792
-53,69,137,2760,-133,-30,1,-2731
-54,77,135,2895,-132,-361,1,-2649
-69,81,121,2900,-47,-637,1,-2410
-74,80,106,2723,-193,-823,1,-2342
-55,71,107,2421,-208,-880,1,-2765
-36,62,112,2120,-150,-958,1,-2831
-23,50,95,1854,52,-1034,1,891
-19,35,75,1613,182,-1029,1,646
-6,14,55,1412,151,-1111,1,378
0,-1,35,1335,125,-1062,1,335
-1,-13,17,1327,283,-1121,1,-75
-15,-19,5,1277,318,-1073,1,-490
-8,-30,3,1172,-82,-1055,1,193
1,-36,10,1249,-219,-743,1,-1783
-12,-38,31,1636,-253,-91,1,1776
-27,-18,79,2219,-53,347,1,-2436
-54,2,94,2665,-41,352,1,2891
-45,14,112,2951,-253,419,1,2697
-53,16,101,3175,29,338,1,-3435
-40,37,112,3334,-114,414,1,3224
-50,44,111,3386,-135,466,1,3103
-32,56,113,3275,-115,451,1,3375
-33,45,125,3193,-62,528,1,3623
-34,53,165,3136,-14,335,1,3504
-40,48,180,3110,203,141,1,-3265
-53,67,176,3038,164,-116,1,3021
-53,75,151,2880,71,-485,1,2568
-44,68,125,2749,-83,-688,1,-2130
-43,64,111,2609,-118,-704,1,-2302
-43,62,112,2467,-197,-611,1,-2915
-34,70,117,2385,-203,-643,1,-2825
-28,71,109,2327,32,-848,1,2634
-27,57,81,2162,258,-1046,1,3348
-17,38,56,1877,382,-1086,0,538
-15,9,31,1470,597,-1104,0,958
-6,-20,13,1060,113,-1323,0,-359
10,-44,0,895,-232,-1153,0,-1852
1,-47,2,944,-209,-867,0,-46
-6,-39,17,1096,-172,-650,0,1626
-14,-44,34,1266,-231,-352,0,1357
-14,-24,63,1572,-79,-33,0,1645
-26,-17,80,1998,152,216,1,2004
-56,-2,98,2394,338,241,1,2222
-54,7,90,2641,129,140,1,-2616
-43,18,102,2806,-120,199,1,2587
-54,10,93,3037,82,201,1,-2856
-45,32,98,3238,23,371,1,-3504
-57,41,93,3369,-99,550,1,3874
-34,66,126,3476,-122,422,1,3157
-48,53,129,3558,-62,297,1,3178
-49,60,139,3613,13,104,1,-3837
-51,55,148,3594,-8,32,1,3775
-48,66,155,3550,15,-193,1,3556
-49,71,144,3378,314,-475,1,3382
-57,63,132,3103,152,-679,1,3745
-44,57,121,2831,129,-745,1,2318
-49,50,112,2624,-77,-817,1,-2382
-52,40,101,2482,-204,-751,1,-3051
-35,43,102,2450,-335,-592,1,-2816
-33,47,94,2409,-58,-754,1,-3060
-23,27,72,2280,-30,-981,1,-2920
-17,7,52,2123,218,-1052,1,3242
-10,-8,40,1949,172,-1082,1,-814
-10,-23,26,1798,298,-1112,1,-638
-7,-32,10,1718,183,-1058,1,-561
-17,-39,5,1683,143,-784,1,-1316
-6,-40,22,1766,-244,-437,1,1942
-21,-31,51,2020,-51,-233,1,1796
-21,-22,65,2362,316,-128,1,-2107
-63,-9,65,2570,-112,46,1,-2624
-36,-6,75,2695,-217,271,1,-2879
-37,3,83,2887,-135,484,1,2642
-17,35,119,3108,-132,589,1,3757
-57,45,125,3287,40,561,1,-3750
-29,52,132,3430,192,396,1,-3206
-46,48,126,3492,92,296,1,-3249
-42,46,132,3590,250,263,1,-3964
-49,44,155,3644,70,188,1,-3651
-50,39,157,3714,43,37,1,-3589
-56,55,156,3769,96,-43,1,3692
-52,65,142,3733,-104,-378,1,-3957
-53,70,131,3626,-156,-602,1,-3099
-50,77,125,3504,-49,-611,1,-4065
-41,75,116,3368,-11,-623,1,-3929
-49,80,107,3224,-44,-617,1,-3796
-26,70,93,3025,8,-883,1,2218
-31,46,62,2762,86,-1051,1,3723
-6,19,47,2559,30,-1041,0,3530
-19,4,39,2412,115,-964,0,2799
-9,-13,31,2304,58,-979,0,-2802
-7,-24,27,2213,129,-883,0,-2911
-8,-28,22,2118,-24,-808,0,2942
0,-31,27,2148,125,-615,0,2680
-8,-28,42,2321,-54,-354,0,2161
-39,-14,60,2677,166,-129,1,-2632
-30,-5,72,2958,278,-52,1,-2810
-46,-10,79,3229,-62,224,1,-3113
-54,13,95,3600,306,275,1,-3670
-42,23,106,3814,-144,270,1,3888
-54,37,111,4118,32,302,1,-4453
-62,38,109,4261,-9,281,1,4545
-42,37,123,4431,22,315,1,-4119
-69,40,141,4580,8,215,1,-4570
-68,41,163,4531,-77,64,1,4469
-47,37,181,4415,-169,-201,1,-4579
-55,40,168,4246,-125,-455,1,-4506
-48,46,148,3995,-134,-589,1,-3525
-32,45,132,3768,-182,-672,1,-3112
-46,47,124,3577,-207,-613,1,-3887
0,46,118,3500,-536,-809,1,3272
-4,35,102,3519,21,-850,1,3774
-11,31,92,3614,11,-878,1,3378
-23,16,63,3743,145,-998,1,3537
-17,-2,42,3838,105,-938,1,-3335
-25,-13,37,3866,142,-810,1,-3216
-9,-20,37,3899,194,-759,1,-3379
-15,-25,32,3826,343,-758,1,-3430
-9,-41,25,3729,143,-750,1,-3274
-16,-42,42,3696,203,-446,1,-3850
-1,-36,65,3738,54,-212,1,-3615
-37,-20,71,3781,254,-85,1,-3613
-17,-20,72,3992,117,-11,1,-4016
-48,-1,77,4217,281,68,1,4421
-42,5,83,4341,-237,177,1,4308
-43,15,88,4539,190,320,1,-4156
-39,22,92,4782,70,387,1,-4869
-60,34,111,5038,91,439,1,-4664
-44,48,133,5287,45,481,1,-5623
-69,45,143,5462,148,250,1,-5598
-54,34,156,5572,113,115,1,-5455
-66,34,166,5573,-120,-120,1,-5380
-52,35,162,5507,-73,-375,1,-5133
-49,41,159,5370,-137,-597,1,-5796
-56,39,152,5188,-66,-754,1,-5760
-40,44,146,5032,26,-911,1,4262
-37,51,148,4839,-343,-1002,1,-4313
-44,40,117,4684,47,-1067,1,5692
-26,33,90,4538,9,-1097,1,5530
-20,18,65,4378,52,-1061,0,5448
-25,-5,50,4223,153,-946,1,-4987
-18,-17,48,4072,103,-822,1,-3209
3,-25,51,3960,8,-853,1,3087
-20,-39,25,3871,128,-912,1,-3136
6,-47,14,3888,-5,-716,1,-3547
-16,-46,30,3998,170,-382,1,-3703
-15,-49,41,4006,-100,-342,1,3716
-5,-42,50,4147,128,-212,1,-4221
-18,-31,51,4334,101,-134,1,-4146
-22,-21,61,4537,-35,7,1,-4516
-31,-12,61,4828,244,42,1,4649
-18,3,77,5056,-98,224,1,4893
-50,9,87,5289,47,375,1,-5534
-30,23,102,5573,202,441,1,-5338
-61,45,98,5844,66,421,1,-5956
-39,45,109,5951,-114,582,1,5485
-46,57,137,6275,254,430,1,-6478
-60,52,156,6500,54,363,1,-6314
-76,50,171,6691,127,77,1,-6849
-66,48,174,6676,0,-216,1,6687
-65,49,158,6594,-25,-483,1,-6357
-60,55,143,6403,17,-641,1,6930
-51,58,137,6160,-156,-793,1,-6930
-44,55,130,5913,-79,-862,1,-5272
-43,51,122,5668,-70,-885,1,-5494
-32,47,107,5440,-110,-935,1,-5844
-29,26,96,5220,-153,-945,1,-5930
-19,22,81,5079,-17,-976,1,-4191
-12,6,53,4929,-93,-1059,1,-5893
-7,-12,36,4807,40,-995,1,-4392
0,-19,27,4776,192,-905,1,4586
-5,-29,15,4752,290,-935,1,-4097
-11,-46,8,4793,16,-750,1,-4201
-7,-46,32,4903,44,-416,1,-4765
-13,-42,54,5190,161,-240,1,-5145
-39,-27,66,5444,217,-106,1,-5514
-34,-28,59,5758,456,-52,1,-6024
-50,-17,75,6080,423,168,1,5798
-51,-5,80,6356,256,96,1,6609
-63,2,85,6669,104,205,1,-6851
-61,6,100,6956,-11,216,1,7075
-67,23,112,7340,132,265,1,-7432
-68,33,101,7646,39,226,1,-7456
-72,42,104,7874,99,238,1,-7754
-56,41,107,8056,90,143,1,-8156
-79,39,107,8142,-110,38,1,8068
-51,38,122,8178,83,-85,1,8088
-77,36,131,8200,-50,-139,1,-8284
-68,40,146,8090,-106,-349,1,-7766
-64,37,141,7925,-24,-543,1,-7273
-70,41,139,7685,3,-685,1,7246
-54,39,134,7394,-91,-822,1,-7963
-75,35,117,7059,-24,-918,1,-6159
-43,32,112,6691,-183,-951,1,-6491
-55,19,94,6454,-137,-908,1,-6734
-33,3,83,6178,-73,-852,1,-6987
-12,-11,70,5922,71,-871,0,-5191
-19,-10,66,5773,50,-705,0,-5157
-14,-18,49,5774,-51,-800,0,5516
-8,-27,39,5783,150,-763,0,-5316
-14,-35,32,5743,76,-735,0,-5361
-8,-37,29,5657,83,-699,0,-5325
-3,-47,32,5582,-61,-616,0,6043
-12,-46,48,5662,97,-360,0,-5901
-17,-43,62,5919,156,-117,0,-6130
-44,-38,63,6164,146,-173,1,-6169
-19,-29,71,6357,107,-50,1,-6342
-53,-23,69,6631,176,-58,1,-6411
-21,-14,74,6926,148,34,1,7144
-57,3,84,7253,125,87,1,-7188
-60,10,87,7625,197,171,1,-7619
-62,20,100,7977,169,222,1,-7953
-65,35,105,8286,30,321,1,-8457
-71,38,110,8549,81,310,1,-8208
-52,38,123,8829,165,264,1,-9150
-77,36,151,8977,-73,93,1,9208
-67,37,163,9070,108,-162,1,9060
-75,41,146,9021,27,-390,1,8785
-69,43,129,8838,-62,-518,1,-8276
-61,42,123,8597,-71,-641,1,-9022
-53,41,122,8324,-118,-720,1,-8795
-49,42,111,8053,-30,-817,1,-7215
-44,28,97,7744,3,-845,1,7514
-34,11,96,7510,37,-769,1,7738
-40,2,101,7347,-78,-756,1,-7759
-34,-3,94,7268,3,-692,1,-7851
-32,-7,89,7233,-24,-666,1,7820
-18,-9,83,7222,176,-736,1,-7697
-23,-15,66,7140,360,-889,1,-6574
-21,-27,38,6996,313,-982,1,-6548
-16,-32,14,6825,247,-931,1,-6626
-14,-38,-6,6696,161,-844,1,6636
-12,-55,-11,6751,-131,-484,1,-6923
-13,-41,28,6912,75,-124,1,-6924
-33,-31,61,7158,30,46,1,7110
-52,-18,80,7415,129,130,1,7301
-47,-12,94,7669,-34,171,1,-7432
-56,-3,102,7879,22,175,1,7726
-48,4,107,8068,-21,186,1,8041
-47,11,102,8252,134,166,1,-8285
-49,21,97,8461,177,259,1,-8441
-55,32,102,8627,29,240,1,-8494
-50,35,104,8804,86,235,1,-8865
-54,40,113,8987,-10,216,1,9125
-49,40,132,9139,-109,136,1,9160
-55,44,155,9307,21,16,1,-9437
-59,50,157,9379,92,-314,1,9552
-66,51,145,9306,12,-509,1,9546
-60,49,138,9151,15,-647,1,8629
-62,50,131,8897,-65,-794,1,-8472
-50,43,124,8610,-101,-833,1,-8932
-42,30,117,8368,-70,-846,1,-9210
-40,29,112,8172,-160,-861,1,-7271
-27,22,101,8033,-56,-838,1,-7290
-39,17,77,7864,45,-930,1,7501
-17,0,51,7679,93,-971,0,7753
-7,-18,38,7569,31,-917,0,-7722
-2,-29,24,7537,221,-909,0,-7720
-3,-36,12,7511,39,-846,0,-7699
3,-35,12,7503,123,-674,0,8122
-5,-35,18,7422,324,-611,0,-8175
-7,-38,35,7569,23,-418,0,-7206
-45,-27,53,7872,410,-67,1,-7961
-40,-23,71,8217,186,-21,1,-8387
-68,-16,80,8610,282,48,1,8343
-74,-8,88,8937,121,97,1,8932
-52,0,94,9277,196,141,1,-9243
-81,3,104,9559,-59,193,1,9620
-64,11,112,9840,226,221,1,-9737
-60,27,116,10130,294,183,1,-9813
-92,19,88,10344,270,138,1,-10752
-62,36,108,10450,-216,184,1,10443
-71,35,111,10564,-42,45,1,10569
-71,37,107,10578,-227,32,1,10651
-59,44,108,10448,-83,81,1,10410
-58,52,113,10320,-135,-126,1,-10453
-50,45,117,10193,-12,-278,1,-9894
-57,43,131,10066,-107,-408,1,-9789
-52,41,134,9959,-89,-470,1,-10230
-45,44,122,9953,-170,-438,1,-10117
-52,50,106,9948,28,-288,1,10167
-50,62,118,9837,-148,-582,1,-9410
-32,49,112,9729,-184,-913,1,-9596
-38,34,99,9598,-40,-996,1,-9950
-28,24,90,9455,-66,-976,1,-10044
-30,17,78,9286,85,-951,1,10212
-19,1,59,9047,287,-1028,1,9824
-21,-26,35,8836,87,-1097,1,-9911
-2,-36,25,8746,-17,-945,1,8626
-8,-44,18,8698,71,-751,1,-9071
2,-46,23,8732,-20,-564,1,-8200
-2,-50,31,8830,-119,-515,1,8230
0,-39,49,9053,59,-243,1,9088
-29,-29,67,9310,73,-212,1,-9349
-35,-21,69,9611,246,-61,1,-9522
-37,-6,79,9902,53,39,1,9937
-42,2,84,10229,83,96,1,-10171
-51,12,100,10592,261,198,1,-10491
-69,11,91,10823,48,175,1,-10960
-41,29,113,11044,58,299,1,-10867
-72,28,106,11276,216,225,1,-11272
-58,45,109,11513,286,263,1,-11419
-74,41,113,11655,150,188,1,-11712
-62,39,111,11715,191,60,1,-11575
-52,41,124,11748,-79,59,1,11764
-67,45,130,11767,1,-83,1,11594
-58,45,137,11721,-130,-185,1,-11631
-57,48,141,11675,-127,-293,1,-11336
-57,53,131,11567,-72,-398,1,-11369
-56,55,117,11215,-28,-474,1,-10876
-44,64,120,10960,-113,-808,1,-10648
-47,40,107,10838,-35,-886,1,-10608
-54,37,114,10698,-143,-806,1,-10753
-39,37,111,10643,-73,-817,1,-10885
-45,33,88,10577,163,-798,1,10937
-38,19,65,10408,280,-798,1,10969
-26,-1,42,10103,191,-933,1,-9309
-12,-26,21,9784,121,-1054,0,-8794
0,-40,15,9554,-60,-999,0,-9894
3,-44,12,9480,-27,-947,0,-9863
-2,-52,14,9501,66,-741,0,-10118
-6,-42,34,9727,63,-405,0,-9305
-23,-27,58,10040,216,-243,0,-10023
-49,-29,60,10332,36,-154,1,-10483
-45,-16,76,10653,157,-58,1,-10582
-45,-12,73,10964,-32,48,1,-10903
-53,6,89,11301,28,329,1,-11545
-43,21,100,11668,135,278,1,-11358
-57,28,101,12020,107,329,1,-12181
-66,38,108,12323,294,319,1,-12339
-64,45,107,12585,175,304,1,-12493
-79,40,102,12742,182,393,1,-12539
-57,54,116,12851,-177,413,1,13159
-64,59,112,13027,266,190,1,-13089
-67,56,117,13074,-240,62,1,13263
-55,60,130,13121,-64,-117,1,-13186
-60,61,126,13121,58,-217,1,13272
-67,76,124,13115,76,-300,1,12845
-66,82,123,12873,-9,-630,1,-12384
-63,76,117,12591,-94,-768,1,-13194
-58,68,113,12331,-134,-806,1,-13189
-50,65,107,12110,-166,-843,1,-11450
-42,52,91,11892,-38,-919,1,-11651
-33,34,74,11700,111,-910,1,11805
-40,15,61,11532,-2,-830,1,-11815
-30,0,56,11411,111,-701,1,11878
-23,-9,55,11318,-35,-697,1,11910
-10,-16,46,11183,75,-812,1,-10469
-4,-26,30,11036,132,-917,1,-10252
2,-29,19,11005,94,-901,1,10537
0,-28,24,11157,316,-832,1,10646
-19,-34,33,11355,124,-754,1,-11976
-22,-36,43,11646,34,-257,1,-11331
-50,-17,67,12039,177,81,1,12166
-62,-4,81,12401,88,241,1,12468
-64,6,90,12777,-204,361,1,12331
-77,17,102,13056,-180,380,1,13047
-38,32,113,13225,-211,292,1,12840
-57,41,110,13337,-39,355,1,13600
-44,38,103,13444,185,272,1,-13637
-48,38,114,13647,259,395,1,-13760
-71,42,149,13770,-201,346,1,13474
-65,62,172,13771,56,176,1,-13715
-57,69,170,13680,-138,-262,1,-13353
-57,68,150,13543,-4,-383,1,-13684
-46,80,131,13405,90,-477,1,13606
-49,86,115,13177,252,-740,1,12656
-53,79,92,12792,315,-1047,1,13553
-47,45,73,12375,71,-1116,1,13314
-38,22,68,12059,57,-994,1,11447
-38,5,66,11871,-239,-939,1,-11643
-30,-6,60,11751,20,-862,1,-11914
-34,-12,50,11667,-86,-851,1,11919
-19,-24,36,11591,133,-788,0,-12019
-37,-28,33,11478,295,-634,1,-12182
-21,-41,29,11267,67,-679,1,-11973
-1,-51,33,11185,-102,-575,1,10746
-6,-47,41,11319,30,-409,1,-11697
-13,-29,49,11538,-19,-201,1,11754
-33,-10,48,11813,204,-74,1,-11963
-22,-3,67,12107,-23,104,1,-12131
-45,-4,101,12331,-194,83,1,-12529
-59,10,100,12653,443,153,1,-12313
-55,27,100,12840,-179,282,1,13258
-58,45,100,13025,115,278,1,-13304
-51,35,84,13205,306,328,1,-13226
-47,47,110,13324,-20,353,1,13586
-55,47,125,13529,168,321,1,-13656
-75,47,142,13661,-43,279,1,13448
-56,50,153,13735,-98,65,1,13592
-49,49,154,13738,-205,-91,1,-13733
-54,58,157,13690,-66,-310,1,-13472
-53,63,144,13570,26,-456,1,13383
-51,79,139,13368,75,-821,1,14258
-51,53,118,13077,177,-1044,1,14277
-47,50,121,12884,-105,-1032,1,-13918
-41,43,93,12799,116,-976,1,12825
-47,32,79,12666,12,-879,1,12890
-39,22,65,12545,203,-838,1,13053
-36,9,56,12299,40,-929,1,13202
-19,-14,43,12024,-62,-988,1,11561
-4,-28,32,11790,43,-1011,1,-11757
3,-34,17,11593,16,-1038,1,10596
3,-42,5,11490,114,-957,1,12032
5,-46,12,11631,64,-551,1,12078
-22,-33,41,11825,54,-286,1,-12038
-24,-27,51,12092,89,-85,1,-12045
-45,-27,70,12365,28,-8,1,-12326
-41,-15,85,12660,103,150,1,12789
-58,-4,92,12942,-69,174,1,-12802
-53,-1,100,13276,342,246,1,12847
-65,8,103,13613,135,309,1,-13492
-72,17,114,13836,49,315,1,-14114
-55,30,113,14103,357,202,1,-14051
-72,24,99,14237,-47,203,1,14151
-55,34,128,14440,35,234,1,-14391
-77,28,154,14465,-34,136,1,14561
-65,36,177,14469,-228,48,1,14464
-67,52,171,14406,17,-111,1,14567
-64,79,162,14173,-131,-542,1,-13588
-50,63,129,13842,-168,-984,1,-13807
-47,48,116,13606,-173,-947,1,-13906
-31,46,112,13479,-132,-950,1,-14291
-45,37,87,13339,-119,-1060,1,-12308
-29,15,61,13239,134,-1046,1,14089
-19,-6,50,13241,-96,-863,0,12447
-36,-9,42,13208,211,-805,1,-12398
-9,-20,35,13050,84,-900,1,-12567
-14,-28,28,12852,199,-951,1,-12621
-1,-36,17,12664,52,-968,1,-12987
-5,-39,18,12536,-95,-894,1,13288
6,-54,27,12523,-201,-720,1,-13000
-3,-48,41,12773,79,-268,1,-12455
-33,-41,56,13092,244,-12,1,-13289
-27,-27,78,13447,212,150,1,13448
-52,-17,92,13759,64,151,1,13588
-53,-21,93,14060,145,220,1,14047
-45,8,105,14362,210,220,1,-14427
-67,10,100,14582,6,287,1,-14785
-48,25,101,14798,147,235,1,-14823
-48,28,105,15037,114,332,1,-15323
-71,30,119,15239,8,331,1,-15081
-59,27,136,15445,52,346,1,-15762
-69,39,162,15566,-220,192,1,15383
-55,41,147,15545,52,-88,1,15445
-63,50,144,15407,-65,-100,1,-15508
-49,64,140,15104,-12,-372,1,-14984
-56,60,132,14837,84,-560,1,15106
-54,61,126,14622,41,-573,1,15230
-52,64,127,14376,70,-707,1,15011
-54,56,106,14097,-129,-1009,1,-13318
-35,35,85,13868,-117,-1032,1,-12809
-34,20,74,13714,-160,-993,1,-13970
-26,6,61,13600,-55,-1019,1,-14030
-25,-6,50,13489,-65,-1074,1,12524
-17,-20,35,13344,58,-1045,1,-12334
-7,-25,32,13225,202,-936,1,-12538
-14,-41,22,13075,273,-941,1,-12703
4,-63,8,12974,-4,-891,1,-12775
8,-71,12,13131,2,-508,1,13043
-10,-48,34,13445,34,-293,1,-13701
-25,-40,44,13769,17,-286,1,-13526
-45,-30,58,14084,42,-118,1,-14164
-50,-15,70,14312,136,-38,1,-14144
-58,-13,77,14538,86,171,1,14412
-57,-7,95,14793,236,403,1,14548
-69,15,114,14977,264,610,1,-14802
-49,20,119,15089,-17,254,1,14927
-38,21,100,15205,6,209,1,-15334
-56,29,87,15298,12,254,1,-15183
-28,45,100,15307,-407,455,1,15307
-45,54,115,15569,186,436,1,-15798
-57,61,133,15727,-159,361,1,15387
-47,59,156,15812,-43,57,1,15709
-54,58,158,15837,63,-178,1,15809
-42,64,156,15797,19,-482,1,15537
-53,66,138,15697,110,-671,1,16222
-51,65,131,15529,24,-753,1,16050
-53,65,129,15355,-6,-839,1,-14416
-39,57,119,15176,-77,-907,1,-14566
-39,46,97,15030,37,-930,1,14680
-34,33,82,14887,-104,-931,1,-14772
-18,13,70,14820,-41,-902,0,-14866
-21,6,58,14784,179,-894,0,14884
-20,-7,41,14704,154,-1056,0,-15820
-18,-22,20,14546,362,-1136,0,-15814
-11,-36,7,14369,237,-1081,0,-15577
-5,-37,5,14252,83,-957,0,-13413
4,-46,-4,14332,-33,-688,0,13659
-11,-25,9,14748,39,-19,0,-14769
-31,-8,55,15140,236,369,1,14996
-60,-4,81,15304,-125,199,1,-15130
-29,2,107,15521,180,196,1,-15528
-56,7,101,15833,169,223,1,-15866
-60,16,102,16189,109,347,1,-15942
-48,48,121,16601,190,568,1,-16955
-87,52,103,16944,168,396,1,-17171
-57,50,111,17121,-100,481,1,17157
-70,61,129,17320,28,384,1,-17103
-71,61,147,17376,-29,239,1,17400
-61,66,165,17372,-47,-182,1,-17312
-71,58,148,17262,6,-512,1,17020
-60,59,133,17106,-26,-545,1,-16494
-63,68,130,16943,-63,-652,1,-16482
-60,64,118,16749,81,-751,1,17372
-59,61,112,16542,-75,-848,1,-17392
-40,53,102,16300,-30,-988,1,-15390
-48,40,79,16080,42,-1047,1,15015
-34,20,50,15836,120,-1058,1,14721
-23,-1,35,15577,137,-1006,1,-16268
-9,-11,29,15398,171,-971,1,-16220
-8,-24,14,15278,289,-1023,1,-14701
-15,-33,8,15253,225,-819,1,-14436
-18,-37,19,15261,133,-568,1,-14603
-17,-37,36,15336,13,-479,1,-14889
-25,-40,45,15496,-40,-233,1,15446
-42,-15,63,15796,130,-10,1,-15653
-48,-9,69,16079,58,157,1,15881
-61,5,85,16413,135,223,1,-16427
-48,22,95,16800,261,314,1,-16891
-87,25,93,17132,105,311,1,-17316
-61,36,107,17366,33,424,1,-16944
-54,37,121,17610,67,371,1,-17809
-75,44,124,17869,20,347,1,-17564
-67,41,143,17967,-84,259,1,18328
-69,34,158,18033,-168,69,1,18024
-64,41,165,18130,-119,-62,1,-17962
-63,62,163,18176,-74,-335,1,-18088
-67,73,133,18078,-49,-612,1,-17473
-55,72,103,17862,68,-671,1,18182
-50,68,90,17608,206,-619,1,17984
-53,58,97,17302,36,-782,1,16595
-38,43,101,17045,-4,-885,1,-16779
-37,30,91,16824,26,-1010,1,16945
-29,12,78,16626,78,-999,1,17159
-20,2,60,16489,132,-966,0,17159
-14,-10,37,16364,137,-873,0,-15407
-23,-25,17,16234,327,-831,0,-15631
-18,-32,12,16079,144,-749,0,-15540
-22,-35,13,15980,111,-709,0,-15616
-18,-38,19,15928,-32,-625,0,15474
-22,-23,37,15988,150,-466,0,-16152
-22,-26,46,16120,-59,-284,0,16377
-49,-24,58,16361,-15,-74,1,16304
-35,-12,83,16710,208,238,1,16641
-61,0,101,17103,-46,339,1,17387
-68,6,113,17506,157,501,1,-17726
-70,25,122,17826,165,337,1,-17524
-55,29,117,18035,16,271,1,-18226
-64,33,103,18285,179,173,1,-18186
-58,44,114,18413,-102,260,1,18152
-69,41,133,18536,-113,187,1,18504
-63,43,152,18506,-46,31,1,18678
-54,48,160,18439,-58,-282,1,-18818
-60,47,138,18309,58,-496,1,18125
-61,49,132,18107,1,-512,1,18383
-59,51,141,17877,-35,-749,1,-18333
-54,48,138,17646,-105,-870,1,-18288
-54,49,126,17436,30,-891,1,18177
-46,41,99,17193,-15,-940,1,-16617
-40,16,63,16965,260,-718,1,16775
-32,13,55,16856,59,-401,1,16469
-27,3,53,16747,-24,-678,1,-17399
-5,-12,38,16614,59,-902,1,-17267
-15,-25,19,16473,179,-938,1,-17222
-2,-32,17,16373,27,-814,1,-15568
-9,-35,23,16272,86,-740,1,-15644
-2,-37,34,16326,90,-543,1,-15751
-22,-29,53,16477,93,-386,1,-16831
-39,-22,59,16721,159,-250,1,-16701
-28,-12,66,17108,322,-80,1,-17289
-52,3,64,17597,289,62,1,-17874
-82,11,74,17982,151,218,1,-18017
-50,14,110,18373,41,360,1,-18135
-99,27,114,18795,177,274,1,-18625
-83,30,113,19051,76,341,1,-19277
-84,36,120,19320,274,250,1,-19101
-89,35,117,19520,231,145,1,-19516
-80,32,116,19617,29,53,1,-19602
-73,32,123,19685,-12,29,1,19683
-81,47,129,19666,-103,-65,1,-19466
-68,54,131,19616,-144,-228,1,-19514
-66,62,124,19384,-63,-446,1,-19004
-67,62,111,19138,37,-550,1,18642
-63,59,107,18871,41,-584,1,19380
-64,56,117,18690,-172,-657,1,-19273
-57,46,111,18453,-110,-907,1,-19337
-48,29,98,18292,-172,-950,1,-17466
-42,26,83,18257,6,-859,1,17518
-43,20,61,18163,52,-923,1,17757
-30,-4,34,17934,244,-1133,1,-17066
-15,-20,17,17709,145,-1125,0,-16855
-11,-30,8,17510,241,-969,0,-18243
-14,-33,7,17317,174,-823,0,-16406
-8,-45,21,17218,-136,-653,0,16757
-8,-41,47,17346,-59,-403,0,17000
-26,-40,56,17494,-4,-206,1,17565
-45,-33,68,17612,191,-60,1,-17412
-16,-20,71,17735,-2,48,1,-17711
-52,-7,76,18041,189,198,1,18040
-40,5,85,18440,208,257,1,-18862
-28,19,101,18927,116,261,1,-18673
-100,27,96,19401,203,364,1,-19062
-63,45,113,19717,179,352,1,-19640
-90,39,98,19914,135,324,1,-19479
-80,48,112,19991,117,380,1,-20243
-54,46,138,19979,-201,224,1,20145
-61,35,140,19988,-95,8,1,20178
-47,40,143,20040,-27,-145,1,-20041
-65,51,139,20060,-36,-366,1,-20458
-66,56,128,19996,59,-495,1,20275
-62,59,125,19866,-52,-597,1,-20358
-53,67,121,19699,89,-761,1,20063
-47,65,111,19517,204,-901,1,20342
-68,46,91,19233,155,-952,1,18488
-42,24,84,18977,51,-830,1,18761
-56,10,73,18715,78,-859,1,19064
-37,-7,66,18488,40,-827,1,-19274
-37,-12,64,18317,-230,-859,1,17502
-26,-13,52,18206,116,-871,1,-17455
-20,-22,31,17979,-8,-1016,1,17873
-4,-32,18,17795,223,-890,1,-17961
-14,-37,14,17692,68,-587,1,-18231
-4,-38,19,17640,-32,-237,1,17453
-6,-26,46,17758,-53,24,1,-17732
-10,-23,63,17983,-75,84,1,-17923
-35,-12,84,18314,182,147,1,18385
-35,-4,99,18690,239,149,1,18745
-64,12,100,19130,211,274,1,-19248
-56,24,101,19455,261,234,1,-19034
-38,37,101,19807,-71,183,1,19912
-70,50,98,20188,330,269,1,-20110
-57,58,94,20508,97,268,1,-20783
-80,57,93,20748,51,257,1,-20503
-67,57,125,20784,1,180,1,-20865
-67,48,147,20726,-69,-78,1,-20510
-69,42,149,20673,62,-169,1,20655
-64,54,148,20538,-48,-337,1,-20956
-64,58,134,20358,15,-471,1,20191
-56,59,123,20143,-129,-490,1,-20403
-52,62,119,19865,-63,-556,1,-20470
-36,60,119,19661,-186,-581,1,-20060
-51,66,113,19551,-139,-839,1,-20370
-44,47,90,19353,-179,-1045,1,-20323
-26,29,83,19187,155,-904,1,18875
-61,20,72,18848,203,-903,1,19086
0,-4,42,18583,89,-1144,0,19602
-11,-24,21,18559,-142,-1130,0,19601
-6,-25,23,18573,-10,-903,0,19210
-10,-27,21,18581,68,-873,0,-19390
-17,-40,10,18544,173,-798,0,-19456
-7,-52,30,18613,48,-499,0,-18783
-10,-43,53,18670,123,-360,0,-18919
-36,-40,58,18901,88,-151,1,-18727
-32,-24,75,19224,120,76,1,19308
-35,-19,79,19551,-12,94,1,-19575
-59,-2,94,19886,241,206,1,19959
-54,7,90,20068,-118,230,1,20124
-39,21,91,20373,88,364,1,-20171
-49,25,99,20629,66,501,1,-20844
-56,53,114,21013,42,437,1,-21498
-60,51,108,21132,84,259,1,-21437
-36,53,99,21268,-79,240,1,21468
-49,65,107,21456,180,306,1,-21072
-49,65,114,21606,-21,88,1,21546
-57,56,121,21752,179,59,1,-21515
-70,62,148,21769,-114,-126,1,-21994
-60,63,155,21716,52,-366,1,21777
-69,74,147,21563,-69,-501,1,-21782
-55,86,145,21334,-38,-759,1,-20856
-61,81,123,21029,106,-855,1,20748
-52,76,105,20662,-26,-997,1,-21343
-36,57,90,20294,49,-1080,1,19203
-29,40,73,20003,-78,-1119,1,-19023
-41,20,45,19789,444,-1076,1,18640
-32,0,32,19507,-94,-1022,1,-20400
-7,-16,31,19317,18,-954,1,-18636
-6,-25,25,19200,67,-931,1,-18663
-13,-33,18,19103,154,-827,1,-18691
-6,-38,23,19022,-197,-692,1,18445
-1,-52,35,19010,-114,-523,1,18474
-17,-40,60,19183,158,-213,1,-19118
-28,-40,65,19298,-21,-184,1,19391
-22,-25,67,19479,-39,-69,1,19512
-20,-13,71,19735,89,179,1,19878
-42,-2,85,20010,49,265,1,20332
-43,9,94,20365,171,407,1,-20176
-45,36,107,20705,99,367,1,-20878
-68,37,99,21098,307,483,1,-21181
-53,51,115,21444,198,444,1,-21194
-63,45,122,21756,89,414,1,-21842
-64,46,128,22016,128,287,1,-22286
-73,48,149,22192,-33,163,1,22237
-72,51,151,22206,21,-114,1,22074
-71,51,138,22103,-21,-277,1,-22444
-54,59,130,21990,111,-345,1,21598
-59,73,132,21863,184,-380,1,21584
-61,82,125,21581,111,-639,1,22092
-61,79,107,21282,-27,-763,1,-20954
-54,72,102,21009,-153,-862,1,-20941
-54,62,97,20724,5,-951,1,21294
-48,48,72,20394,106,-1021,1,19560
-36,26,54,20079,107,-1007,1,19942
-23,6,49,19804,88,-941,0,20107
-24,-18,30,19501,130,-1096,0,-18675
-3,-35,12,19232,-139,-1123,0,20454
5,-44,6,19210,-148,-834,0,-18675
-6,-40,13,19370,-79,-525,0,18885
-13,-35,38,19577,-134,-255,0,19464
-15,-30,60,19800,-158,-131,0,19818
-28,-20,76,19954,120,-51,1,-19968
-32,-16,75,20094,194,-56,1,-20180
-44,-2,85,20387,172,121,1,20234
-52,6,98,20619,121,197,1,-20580
-54,13,100,20881,224,176,1,-20895
-51,21,102,21133,76,224,1,-21092
-63,31,98,21410,214,256,1,-21045
-47,35,101,21645,48,311,1,-21986
-49,48,115,21948,24,369,1,-21670
-48,56,112,22227,162,264,1,-22302
-63,66,104,22531,172,243,1,-22604
-73,67,114,22731,71,216,1,-22575
-70,61,120,22793,44,15,1,-22826
-65,64,130,22758,-2,-198,1,-22692
-58,68,129,22688,-33,-367,1,-22802
-66,77,115,22547,175,-529,1,23248
-53,75,101,22239,31,-614,1,21692
-61,74,105,22005,-19,-588,1,-22449
-43,70,100,21896,-124,-500,1,-21516
-51,76,101,21871,-29,-414,1,-21751
-42,74,94,21612,-117,-791,1,-22321
-28,47,68,21188,-5,-1054,1,-22191
-19,20,45,20722,78,-1038,1,21657
-12,2,35,20274,358,-840,1,19770
-30,-7,36,19965,388,-761,1,-20158
-14,-21,32,19744,-17,-878,1,20071
-14,-31,30,19618,36,-909,1,-20229
-17,-42,30,19669,-35,-717,1,19999
-14,-36,48,19788,-24,-394,1,19663
-26,-37,57,19957,38,-337,1,-19589
-31,-30,71,20131,47,-160,1,-20053
-36,-21,80,20412,-83,-91,1,20432
-41,-8,84,20730,290,24,1,20920
-55,2,88,21047,30,107,1,-21038
-61,12,88,21376,109,263,1,-21122
-43,33,102,21667,20,349,1,-21893
-62,43,98,21994,131,342,1,-21577
-57,52,89,22306,154,437,1,-22108
-63,63,108,22600,203,581,1,-23209
-68,63,115,22845,57,396,1,-22661
-65,67,128,23012,-26,304,1,22605
-72,72,128,23064,41,41,1,-23189
-60,69,120,23056,-69,-72,1,-23063
-66,84,123,22968,35,-247,1,22784
-61,91,109,22726,70,-564,0,23227
-59,86,98,22396,-2,-765,1,-21901
-59,73,99,22071,-33,-823,1,-21811
-54,61,107,21779,-96,-862,1,-22130
-57,57,111,21544,-182,-912,1,-22400
-42,53,98,21355,-122,-1036,1,-22373
-32,41,68,21102,158,-1118,1,22236
-18,23,43,20799,343,-1158,1,21699
-21,-5,12,20451,553,-1222,1,-18705
-5,-29,5,20285,-44,-1066,1,19233
-12,-34,17,20290,108,-653,1,-19867
-16,-39,28,20309,-156,-529,1,19944
-14,-44,41,20402,-223,-351,1,20030
-20,-33,60,20617,-45,-168,1,20494
-20,-22,68,20849,49,-136,1,-20871
-33,-16,66,21128,382,-95,1,-21447
-40,-7,69,21460,306,27,1,21146
