-21,99,-11,12,15,-2,0,-126
-22,99,-11,19,15,-2,0,-100
-21,100,-11,20,12,0,0,96
-20,99,-12,15,13,-1,0,-124
-21,100,-12,14,14,-1,0,-122
-20,100,-11,14,12,1,0,124
-19,100,-10,16,10,2,0,101
-22,100,-10,19,15,-1,0,-103
-33,102,-5,-3,43,-22,0,124
-98,109,6,-164,141,-122,0,-96
-138,118,16,-550,163,-157,1,-759
-209,124,-17,-1258,211,-187,1,1087
-239,166,-47,-2416,164,-152,1,2361
-235,203,-46,-3643,144,-119,1,3795
-209,209,-57,-4845,111,-116,1,4810
-145,182,-66,-6071,62,-99,1,6030
-77,145,-65,-7298,20,-86,1,7262
14,71,-87,-8500,-83,-151,0,8682
-4,11,-93,-9592,-25,-255,0,-9672
-63,48,-42,-10189,116,-79,1,10194
-66,79,29,-10824,102,-74,1,-10873
-40,108,91,-11734,19,-75,0,-11679
4,121,137,-12889,-46,-131,0,-12802
106,121,185,-14087,-151,-202,1,-14321
208,52,141,-15056,-257,-319,1,-15004
198,0,66,-15272,-318,-377,1,-15206
135,-24,-92,-14624,-211,-434,1,-14517
-38,-79,-227,-13483,-6,-397,1,13737
-158,-73,-174,-12302,97,-337,1,-12616
-231,-4,-25,-11678,269,-238,1,-11396
-177,74,111,-12008,160,-154,1,-11849
-111,136,190,-13072,59,-145,1,-13312
1,170,228,-14273,-64,-153,0,-14123
209,139,200,-15514,-234,-281,1,-15866
260,40,80,-16129,-321,-344,1,-15977
188,4,-32,-15703,-354,-372,1,15840
21,-48,-158,-14629,-61,-423,0,-14364
-107,-98,-180,-13487,63,-402,1,-13756
-214,-102,-98,-12700,188,-363,1,-12448
-223,-39,15,-12639,284,-273,1,12710
-165,38,102,-13347,199,-173,1,-13487
-102,97,166,-14464,75,-153,0,-14349
4,131,234,-15666,-70,-175,0,-15798
115,105,209,-16775,-164,-251,0,-16663
194,48,107,-17559,-277,-328,1,-17504
206,-3,0,-17707,-386,-381,1,17688
166,-43,-125,-17246,-227,-390,1,-17098
5,-76,-211,-16271,-37,-393,0,-16061
-145,-64,-115,-15179,164,-323,1,-14963
-247,-24,41,-14660,300,-255,1,14426
-204,22,120,-14917,223,-221,1,-15074
-128,58,161,-15730,124,-203,1,-15649
-76,64,193,-16738,29,-220,1,-16751
50,74,210,-17741,-115,-252,1,-17773
184,22,101,-18709,-294,-350,1,-18853
288,-27,-37,-19061,-371,-389,1,-19360
169,-69,-148,-18490,-205,-407,1,-18719
14,-66,-146,-17336,-64,-397,0,-17113
-162,-61,-107,-16229,166,-323,1,-15989
-230,-14,44,-15717,275,-253,1,15436
-196,42,161,-16045,180,-215,1,-16006
-123,85,190,-17091,104,-198,1,-17150
-41,109,191,-18318,0,-194,0,-18357
126,79,169,-19520,-190,-265,1,-19730
251,-4,73,-20599,-351,-376,1,20717
222,-49,-16,-20732,-345,-408,1,-20695
96,-56,-67,-20027,-216,-445,1,-20296
-29,-71,-103,-19069,2,-443,1,-19452
-114,-83,-109,-18220,109,-381,1,-18039
-162,-46,-39,-17808,242,-301,1,-17657
-139,11,85,-18061,217,-217,1,-18011
-113,59,201,-18851,83,-212,1,-18852
-3,104,271,-20022,-52,-212,0,20402
95,89,227,-21215,-120,-268,1,-21317
162,38,110,-22230,-253,-309,1,-22517
228,-34,-15,-22705,-365,-403,1,-22663
167,-47,-98,-22270,-257,-399,1,-22169
9,-71,-141,-21363,-35,-418,0,-21041
-91,-84,-101,-20535,110,-399,1,-20921
-159,-57,-10,-20101,260,-326,1,-20074
-148,-15,75,-20250,236,-267,1,20010
-107,26,158,-20888,107,-243,1,-20964
-30,50,233,-21872,-21,-242,1,21839
90,48,219,-22927,-142,-291,1,-22676
103,16,125,-23667,-194,-344,1,-24046
175,-20,24,-24119,-356,-380,1,24201
164,-55,-55,-24064,-295,-411,1,-24037
106,-64,-100,-23469,-197,-425,1,-23286
-15,-60,-122,-22638,-5,-409,0,22975
-126,-69,-102,-21944,149,-369,1,-21518
-155,-39,10,-21738,274,-317,1,21618
-147,3,135,-22200,173,-260,1,-22285
-96,38,218,-23134,70,-231,1,-23134
2,73,280,-24302,-45,-252,0,-24428
96,58,203,-25403,-141,-302,1,-25098
142,11,78,-26078,-285,-361,1,-25954
165,-34,-30,-26222,-339,-413,1,-26170
114,-57,-105,-25797,-197,-420,1,-25987
38,-75,-129,-25100,-82,-423,1,-25364
-47,-75,-101,-24337,49,-418,1,-24196
-137,-60,-34,-23829,230,-337,1,-23604
-172,-25,63,-23884,255,-266,1,23602
-123,23,184,-24629,112,-249,1,-24683
-61,65,241,-25800,21,-233,1,-25782
56,65,221,-27027,-86,-273,1,-26737
109,37,148,-28169,-182,-300,1,-28490
200,0,43,-28903,-351,-377,1,-28705
176,-39,-76,-28912,-301,-410,1,-28805
106,-61,-148,-28239,-169,-405,1,-28597
-29,-90,-134,-27267,2,-420,1,-27617
-117,-89,-60,-26525,149,-409,1,-26246
-148,-59,1,-26313,250,-306,1,26536
-141,0,89,-26680,214,-236,1,-26845
-102,39,198,-27548,81,-209,1,-27550
-1,86,269,-28680,-54,-224,0,29108
84,79,211,-29759,-119,-257,1,-30084
126,39,122,-30556,-219,-318,1,-30365
157,-2,37,-30859,-348,-377,1,30739
138,-35,-66,-30607,-275,-411,1,-30701
57,-67,-160,-29995,-101,-408,1,-29759
-21,-61,-136,-29327,0,-379,0,-29530
-134,-47,-17,-28783,246,-312,1,-28952
-184,-9,121,-28757,199,-243,1,28836
-113,28,182,-29421,103,-228,1,-29362
-66,67,218,-30473,29,-217,1,-30487
46,92,234,-31663,-86,-233,0,-31626
91,73,162,-32693,-149,-275,1,-32386
146,36,77,-33439,-282,-324,1,-33341
165,-13,0,-33776,-381,-387,1,33723
132,-29,-43,-33636,-302,-406,1,-33643
44,-69,-74,-33272,-116,-495,1,-32841
20,-108,-80,-33010,-71,-525,0,-33418
11,-109,-62,-32751,-37,-524,0,-32154
-42,-95,-60,-32479,70,-476,1,-32525
-70,-47,-9,-32362,212,-401,1,-32590
-123,0,125,-32506,179,-232,1,-32426
-47,56,261,-32708,-18,-224,1,32285
11,45,232,-33171,-47,-294,0,-32854
65,-2,136,-33847,-134,-348,1,34083
115,-24,72,-34526,-236,-431,1,34743
136,-47,2,-34988,-300,-438,1,34962
131,-57,-62,-35064,-255,-433,1,-35133
97,-69,-101,-34666,-184,-419,1,-34367
4,-65,-106,-34020,-27,-420,0,-34166
-153,-61,-63,-33465,213,-331,1,-33727
-187,-24,69,-33465,251,-261,1,33708
-142,29,183,-34091,117,-217,1,-34212
-74,65,243,-35089,20,-219,1,-35111
45,95,247,-36219,-82,-242,0,-36190
137,43,133,-37346,-220,-316,1,-36902
193,3,39,-37943,-358,-368,1,-38107
162,-42,-28,-37830,-339,-413,1,-37785
103,-48,-49,-37009,-257,-423,1,-36942
18,-76,-86,-35992,-63,-479,0,-36218
-54,-73,-96,-35019,52,-414,1,-35139
-133,-65,-66,-34309,187,-361,1,-34642
-154,-7,26,-34139,291,-269,1,34291
-149,34,140,-34642,162,-220,1,-34578
-101,79,215,-35561,54,-189,1,-35486
-12,94,234,-36706,-37,-224,0,36647
100,58,163,-37930,-165,-286,1,-38255
163,1,86,-38837,-305,-359,1,-38678
179,-28,16,-39049,-356,-398,1,39133
113,-55,-28,-38710,-278,-444,1,-38853
71,-71,-64,-37999,-184,-472,1,-38196
-29,-73,-71,-37105,30,-473,1,-37160
-128,-77,-50,-36399,184,-386,1,-36631
-164,-44,7,-36120,271,-283,1,36238
-152,14,90,-36435,221,-220,1,-36501
-122,46,149,-37180,118,-196,1,-37200
-44,106,235,-38090,-30,-188,0,38087
60,108,216,-39127,-105,-237,0,-39129
129,44,125,-40155,-218,-293,1,-40437
162,9,58,-40675,-323,-360,1,-40534
160,-41,-27,-40661,-315,-420,1,-40669
105,-68,-68,-40167,-215,-455,1,-40349
16,-95,-91,-39408,-56,-494,0,-38948
-120,-98,-90,-38685,145,-417,1,-38498
-164,-61,-53,-38449,260,-329,1,-38613
-185,-32,-2,-38806,355,-272,1,-38749
-162,73,163,-39437,140,-162,1,-39530
-75,94,263,-40346,9,-186,0,-39993
67,91,235,-41411,-113,-243,0,-41394
150,18,121,-42263,-257,-334,1,-42406
174,-28,28,-42420,-373,-395,1,42471
109,-72,-74,-41967,-234,-453,1,-41636
28,-69,-83,-41205,-104,-456,1,-41310
-91,-53,-58,-40414,160,-385,1,-40106
-141,-24,31,-40072,262,-257,1,39942
-141,15,116,-40305,171,-252,1,-40405
-94,45,155,-41090,81,-213,1,-41197
-24,69,180,-42180,-21,-208,0,42236
40,73,188,-43356,-102,-235,1,-43275
88,53,160,-44393,-157,-278,1,-44080
143,9,135,-45220,-234,-340,1,-45340
158,-2,93,-45616,-250,-382,1,45930
130,-29,22,-45727,-319,-416,1,45748
115,-45,-43,-45442,-270,-426,1,-45396
86,-51,-102,-44762,-171,-397,1,-45054
-55,-43,-125,-43844,69,-348,1,-43583
-180,-14,-24,-43168,303,-252,1,-43490
-221,43,146,-43338,198,-227,1,-43276
-162,85,207,-44286,126,-184,1,-44045
-84,113,214,-45487,35,-198,1,-45504
47,91,179,-46714,-97,-232,0,-46652
150,52,139,-47868,-240,-302,1,-47892
202,3,61,-48439,-336,-366,1,-48612
133,-25,2,-48252,-360,-404,1,48147
100,-43,-52,-47612,-269,-426,1,-47393
62,-48,-93,-46677,-178,-419,1,-46858
-67,-51,-96,-45552,81,-391,1,-45077
-190,-78,-20,-44739,232,-338,1,-44956
-185,-47,92,-44709,226,-302,1,44962
-172,-18,100,-45479,232,-281,1,45195
-132,58,163,-46677,127,-195,1,-46833
-45,112,226,-47879,-4,-185,1,47872
149,102,194,-49106,-200,-244,0,-49111
224,48,111,-50100,-300,-318,1,-49946
227,0,12,-50159,-389,-365,1,-50155
100,-13,-52,-49300,-293,-376,1,-49305
-15,-43,-105,-48098,-17,-401,0,47663
-129,-75,-90,-47118,144,-370,1,-47485
-168,-35,30,-46733,275,-290,1,46630
-165,3,128,-47142,202,-227,1,-47146
-102,52,210,-48085,72,-215,1,-48075
14,113,283,-49300,-78,-229,0,-49501
174,55,156,-50427,-250,-313,1,-50494
202,8,19,-50873,-403,-361,1,-50833
148,-31,-96,-50442,-260,-388,1,-50528
41,-54,-138,-49521,-97,-396,1,-49166
-70,-74,-110,-48522,84,-391,1,-48186
-137,-71,-13,-47881,228,-357,1,-47690
-169,-37,93,-47860,230,-288,1,48088
-125,12,175,-48492,128,-251,1,-48590
-61,41,217,-49563,39,-249,1,-49547
43,60,212,-50790,-89,-267,1,-51192
151,20,133,-51871,-239,-336,1,-52027
197,-8,48,-52384,-355,-393,1,52356
171,-39,-38,-52206,-327,-406,1,-52118
89,-36,-83,-51473,-210,-403,1,-51321
3,-79,-127,-50642,-33,-437,0,-50293
-97,-82,-90,-49840,124,-411,1,-49955
-169,-71,-42,-49486,243,-338,1,-49196
-170,-21,41,-49773,283,-266,1,49897
-141,29,138,-50725,161,-188,1,-50727
-43,49,198,-51884,8,-225,1,-51870
21,60,238,-53000,-71,-247,0,-53107
76,37,182,-53904,-132,-303,1,-54271
120,2,108,-54512,-238,-353,1,-54648
136,-10,55,-54658,-318,-380,1,54642
124,-35,-10,-54265,-343,-409,1,-54115
85,-37,-54,-53435,-252,-412,1,-53662
-12,-28,-72,-52451,3,-393,0,-52541
-45,-69,-42,-51581,81,-481,1,-51344
-165,-84,-1,-50953,236,-382,1,-50798
-171,-64,26,-50920,263,-335,1,50722
-143,-24,74,-51467,233,-285,1,51247
-106,17,152,-52353,112,-227,1,-52466
-40,44,208,-53452,-18,-223,1,53468
62,57,213,-54579,-102,-267,1,-54413
123,19,111,-55587,-234,-332,1,-55429
200,-9,49,-56086,-354,-367,1,56296
144,-29,-20,-55876,-332,-402,1,-55814
115,-36,-71,-55203,-257,-392,1,-55089
-11,-41,-100,-54217,-9,-399,0,53773
-173,-78,-60,-53385,199,-366,1,-53756
-186,-56,73,-53315,227,-317,1,53593
-161,-33,140,-54040,175,-301,1,53915
-46,39,205,-55210,11,-244,1,-55190
51,54,207,-56436,-93,-270,1,-56812
204,27,118,-57566,-292,-327,1,-57371
225,9,21,-57903,-372,-349,1,-58112
147,-8,-40,-57340,-343,-350,1,-57153
59,-36,-77,-56375,-174,-401,1,-56669
-75,-58,-72,-55395,134,-414,1,-55631
-195,-113,-43,-54875,210,-382,1,-55151
-194,-57,69,-55063,247,-309,1,54890
-138,-2,150,-55974,169,-265,1,56089
-77,53,222,-57166,51,-226,1,-57148
83,64,224,-58393,-116,-258,1,-58779
166,23,138,-59459,-238,-325,1,-59860
182,3,57,-59822,-338,-354,1,-59667
138,-11,-12,-59392,-388,-361,1,-59293
100,-21,-65,-58453,-275,-367,1,-58396
-3,-9,-93,-57260,-16,-326,0,57013
-148,-72,-103,-56130,181,-364,1,-55855
-213,-56,-17,-55561,278,-295,1,-55753
-166,-3,103,-55988,217,-241,1,55897
-147,30,169,-57065,140,-237,1,-57007
-31,111,243,-58291,-30,-188,1,58261
148,82,202,-59493,-169,-271,1,-59854
254,21,96,-60567,-315,-346,1,-60542
206,-16,17,-60593,-370,-374,1,60519
88,-30,-45,-59724,-263,-408,1,-59825
-60,-59,-82,-58664,85,-429,1,-58510
-129,-77,-53,-57904,178,-400,1,-58346
-161,-54,16,-57693,258,-344,1,57743
-157,-16,81,-58113,229,-291,1,57862
-111,26,136,-59061,140,-223,1,-58906
-67,64,186,-60248,36,-211,1,-60187
38,88,214,-61500,-87,-221,1,-61467
148,44,152,-62700,-213,-298,1,-62774
206,2,92,-63432,-314,-350,1,-63281
185,-23,3,-63221,-364,-376,1,63047
61,-31,-61,-62185,-209,-394,1,-62382
-64,-71,-79,-61007,71,-423,1,-61340
-164,-42,0,-60162,278,-301,1,60338
-184,-12,47,-60190,284,-258,1,60304
-125,62,154,-60884,122,-181,1,-60871
-74,99,225,-61995,18,-189,0,-62030
65,97,206,-63196,-116,-226,0,-63142
158,27,123,-64376,-240,-327,1,-64036
175,-10,62,-64859,-328,-370,1,65015
120,-40,6,-64584,-320,-441,1,64666
63,-65,-25,-63927,-213,-497,1,-63735
52,-93,-65,-63099,-139,-494,1,-63287
-4,-48,-23,-62049,-15,-537,0,61518
-104,-37,16,-61056,250,-344,1,61314
-207,-7,57,-60576,260,-268,1,60514
-176,36,96,-60934,215,-218,1,-61156
-112,93,148,-62005,90,-164,0,-62058
8,104,176,-63232,-49,-169,0,-63158
161,88,219,-64428,-195,-237,1,-64421
195,43,177,-65080,-211,-307,1,-65422
129,-9,83,-65077,-248,-377,1,65378
43,-31,12,-64543,-243,-501,1,64802
-10,-66,-83,-63887,-12,-481,0,63613
-103,-72,-98,-63279,137,-396,1,-63088
-166,-60,-52,-63066,237,-348,1,-63298
-182,13,55,-63440,266,-217,1,-63122
-116,104,171,-64327,72,-134,0,-64314
-52,116,185,-65548,18,-155,1,-65663
13,104,193,-66750,-54,-192,0,-66706
143,88,207,-67952,-159,-270,1,-67816
224,1,110,-69021,-273,-384,1,-68992
199,-19,39,-69043,-347,-378,1,68960
55,-27,-39,-68169,-213,-430,1,-68410
-84,-59,-93,-67053,97,-413,1,-66600
-162,-50,-58,-66262,218,-335,1,-66540
-205,-3,46,-66211,273,-250,1,66473
-170,44,151,-66874,162,-210,1,-66908
-109,116,211,-68012,30,-177,1,-68046
58,115,198,-69213,-110,-209,1,-69230
237,40,113,-70416,-297,-334,1,-70622
234,2,20,-70856,-376,-368,1,-70689
145,-40,-70,-70374,-285,-405,1,-70302
22,-75,-88,-69395,-86,-468,0,-69278
-91,-84,-64,-68408,121,-435,1,-68298
-163,-59,-15,-67887,254,-308,1,-67703
-187,0,77,-68050,240,-233,1,-67902
-139,84,185,-68818,85,-168,1,-68680
-25,144,259,-69969,-53,-179,1,69726
176,106,201,-71171,-199,-255,0,-71212
228,33,91,-71971,-307,-346,1,-72149
183,-11,-20,-71823,-345,-382,1,-71687
57,-42,-99,-70962,-140,-429,1,-70760
-73,-77,-115,-69925,77,-414,1,-69762
-172,-54,-36,-69300,251,-324,1,-69558
-193,0,63,-69373,266,-241,1,-69627
-156,55,155,-70127,153,-193,1,-70020
-105,111,229,-71266,48,-194,1,-71282
53,113,226,-72493,-109,-229,1,-72450
184,47,137,-73660,-256,-339,1,-73228
234,0,25,-74175,-370,-372,1,-74061
159,-45,-83,-73860,-255,-409,1,-73992
-1,-72,-100,-73016,-37,-454,0,72944
-77,-99,-52,-72324,86,-479,1,-72470
-120,-78,5,-72077,191,-390,1,71818
-117,-36,76,-72325,186,-308,1,72469
-93,26,163,-73069,109,-219,1,-73022
-66,72,232,-74150,16,-231,1,-74162
55,87,222,-75376,-106,-260,1,-75705
167,61,128,-76465,-254,-310,1,-76642
251,40,9,-76910,-370,-341,1,-76946
206,19,-92,-76361,-300,-335,1,76456
41,-22,-116,-75166,-120,-363,1,-74957
-90,-68,-83,-73965,100,-384,1,-74173
-206,-73,-19,-73245,261,-330,1,-73413
-209,-15,101,-73271,246,-251,1,73346
-184,46,212,-74044,148,-219,1,-74044
-52,95,246,-75225,5,-217,0,-75166
87,68,173,-76427,-149,-263,1,-76710
197,31,100,-77354,-303,-325,1,-77567
198,-18,-4,-77470,-375,-394,1,-77494
133,-41,-97,-76848,-223,-398,1,-77235
-12,-79,-146,-75949,-4,-414,0,76260
-109,-89,-99,-75222,118,-400,1,-74874
-175,-39,34,-74958,274,-283,1,74860
-166,6,179,-75351,155,-238,1,-75316
-107,57,251,-76234,59,-241,1,-76202
-19,73,211,-77455,-23,-256,0,77549
91,44,125,-78608,-188,-290,1,-78493
133,-1,59,-79359,-314,-363,1,79120
166,-37,-12,-79589,-349,-408,1,-79526
141,-65,-79,-79256,-252,-425,1,-78917
81,-72,-109,-78556,-162,-420,1,-78753
-30,-82,-90,-77736,21,-449,1,-77413
-100,-68,-23,-77129,181,-362,1,-76962
-134,-33,47,-76968,255,-294,1,77300
-142,23,160,-77297,137,-213,1,-77205
-91,58,237,-78128,50,-225,1,-78196
-17,84,238,-79280,-34,-238,0,79307
89,64,162,-80481,-152,-278,1,-80731
177,18,74,-81431,-318,-345,1,-81562
178,-8,-4,-81565,-387,-390,1,-81455
94,-43,-74,-81029,-220,-420,1,-81347
25,-68,-90,-80299,-92,-453,1,-79926
-17,-65,-51,-79619,35,-478,0,-79517
-128,-73,-22,-79128,258,-384,1,-79180
-182,-46,36,-78922,285,-293,1,79055
-195,5,144,-79176,207,-240,1,-79156
-151,53,193,-79912,111,-218,1,-80113
-59,60,191,-81021,21,-238,1,-80959
53,40,155,-82223,-125,-271,1,-82138
169,11,109,-83135,-282,-336,1,-82981
188,-7,22,-83340,-375,-368,1,83261
116,-43,-68,-82912,-250,-415,1,-82599
43,-79,-83,-82159,-122,-471,1,-82294
-62,-81,-51,-81313,90,-450,1,-81000
-102,-69,-6,-80801,195,-394,1,-80590
-135,-27,74,-80729,215,-310,1,80495
-122,-1,149,-81150,137,-263,1,81309
-88,24,203,-81889,59,-258,1,-81502
-31,39,194,-82915,-9,-277,1,82438
10,16,145,-84071,-55,-319,0,-84456
93,20,100,-85194,-226,-341,1,-85331
167,-2,25,-85944,-372,-365,1,85780
167,-29,-72,-85986,-302,-384,1,-85837
122,-66,-108,-85431,-220,-400,1,-85170
42,-75,-91,-84452,-119,-429,1,-83969
-58,-50,-67,-83375,127,-371,1,-83179
-165,-9,9,-82572,352,-247,1,82875
-213,36,124,-82251,221,-200,1,-82400
-180,54,192,-82469,135,-230,1,-82433
-136,63,198,-83180,87,-238,1,-82989
-38,48,174,-84262,-1,-261,1,84121
120,11,108,-85477,-244,-333,1,-85064
203,-18,10,-86144,-395,-368,1,86089
122,-54,-78,-85811,-256,-407,1,-85595
-33,-83,-74,-84965,12,-462,1,-84510
-133,-72,-13,-84362,214,-368,1,-84221
-186,-8,95,-84493,215,-244,1,84682
-94,63,214,-85326,55,-210,1,-85277
23,112,246,-86542,-81,-224,0,-86546
179,67,154,-87743,-221,-306,1,-87867
209,4,49,-88537,-340,-367,1,-88323
172,-26,-45,-88397,-320,-392,1,-88431
65,-60,-110,-87631,-133,-427,1,-87925
-52,-90,-95,-86696,52,-443,1,-86815
-130,-76,-12,-85991,205,-375,1,-85664
-190,-20,91,-85768,205,-268,1,85559
-94,25,149,-86252,90,-235,1,-86154
-45,67,175,-87207,3,-213,1,-87219
46,75,206,-88379,-98,-242,1,-88323
110,67,170,-89480,-168,-286,1,-89274
178,23,87,-90397,-285,-349,1,-90542
203,-20,-12,-90765,-350,-394,1,-90761
135,-43,-97,-90440,-225,-401,1,-90362
46,-69,-125,-89687,-93,-411,1,-89990
-82,-63,-72,-88805,134,-385,1,-89034
-139,-35,1,-88235,290,-274,1,88115
-165,7,95,-88237,229,-224,1,-88170
-135,52,171,-88734,126,-194,1,-88633
-95,84,210,-89680,61,-200,1,-89711
-22,92,206,-90904,-21,-217,0,90974
89,70,172,-92106,-148,-267,1,-91873
182,9,97,-93126,-289,-332,1,-93044
186,-32,6,-93365,-350,-395,1,93379
74,-52,-48,-92867,-216,-448,1,-93184
-21,-73,-67,-92161,-4,-499,0,92653
-65,-75,-26,-91686,110,-466,1,-92043
-99,-57,31,-91565,198,-376,1,91227
-106,-24,111,-91884,146,-294,1,91982
-64,18,197,-92573,34,-267,1,-92256
2,37,218,-93547,-50,-271,0,-93355
80,42,179,-94443,-138,-297,1,-94594
126,15,94,-95141,-252,-339,1,-94754
166,-13,17,-95424,-365,-376,1,95260
122,-37,-38,-95093,-297,-405,1,-95153
79,-62,-72,-94370,-188,-434,1,-94622
-29,-76,-56,-93487,36,-483,1,-93324
-133,-53,-5,-92740,262,-344,1,-92838
-191,-27,81,-92667,237,-274,1,92400
-148,58,206,-93191,124,-210,1,-93392
-85,93,244,-94235,27,-221,0,-94243
87,64,183,-95437,-135,-262,1,-95725
185,15,93,-96317,-297,-338,1,-96430
153,-21,6,-96344,-356,-388,1,96319
60,-46,-57,-95722,-188,-449,1,-95417
-36,-88,-80,-94981,28,-482,1,-94914
-126,-77,-40,-94418,189,-403,1,-94700
-150,-53,21,-94384,250,-347,1,94648
-123,0,97,-94798,181,-266,1,-95210
-72,20,169,-95536,60,-228,1,-95498
-26,53,232,-96358,-29,-236,1,96341
24,46,207,-97291,-76,-280,0,-97710
66,25,153,-97993,-145,-318,1,-98213
124,15,87,-98316,-264,-326,1,-98415
164,-16,-27,-98273,-358,-390,1,-98227
133,-49,-148,-97832,-180,-400,1,-98111
9,-65,-161,-97043,-49,-384,0,-96951
-68,-64,-78,-96359,93,-374,1,-96637
-142,-17,68,-96107,223,-259,1,95853
-138,25,192,-96410,112,-221,1,-96359
-102,66,262,-97083,29,-230,1,-96993
0,82,242,-98050,-43,-251,0,-98164
84,58,158,-99136,-154,-296,1,-98931
184,19,50,-99968,-328,-331,1,-100073
215,-8,-48,-100092,-314,-377,1,-99911
116,-39,-109,-99506,-189,-383,1,-99663
28,-68,-117,-98580,-72,-420,1,-98528
-117,-72,-78,-97612,149,-367,1,-97486
-213,-45,14,-97133,305,-285,1,97204
-246,7,104,-97357,255,-226,1,-97484
-237,103,189,-98340,175,-180,0,-98316
-133,140,204,-99541,57,-168,1,-99470
123,130,186,-100768,-163,-207,1,-100788
224,73,113,-101816,-297,-297,1,-101741
180,19,18,-101876,-372,-341,1,-101731
101,-33,-65,-101177,-270,-405,1,-101288
11,-76,-112,-100091,-68,-441,0,-100141
-125,-78,-90,-98988,149,-385,1,-99286
-184,-54,-1,-98509,260,-329,1,-98306
-191,0,141,-98868,187,-265,1,-99249
-129,46,234,-99909,86,-240,1,-100027
-14,76,225,-101110,-34,-244,0,100997
138,49,129,-102312,-233,-284,1,-101998
236,13,31,-103070,-382,-352,1,-102979
167,-20,-67,-102773,-300,-377,1,-102867
88,-51,-92,-101880,-203,-400,1,-101505
-47,-81,-93,-100767,41,-439,1,-100385
-143,-62,-48,-99953,230,-330,1,-100161
-225,-8,24,-99853,315,-241,1,100155
-150,75,163,-100529,137,-158,1,-100571
-91,142,277,-101605,-6,-179,1,101777
108,114,221,-102807,-139,-239,1,-102707
185,45,108,-103869,-276,-329,1,-103709
174,-5,3,-104112,-387,-384,1,104184
110,-41,-70,-103595,-251,-417,1,-103921
14,-66,-98,-102674,-70,-446,0,-102598
-64,-56,-65,-101688,117,-409,1,-101522
-177,-32,-3,-101142,313,-316,1,-101306
-211,-29,42,-101206,286,-293,1,101256
-182,29,168,-101771,158,-241,1,-101864
-115,49,220,-102710,60,-232,1,-102771
33,62,216,-103873,-77,-256,1,-103864
160,30,132,-104951,-254,-323,1,-104561
173,1,35,-105292,-359,-365,1,-105422
127,-35,-38,-104848,-309,-408,1,-104792
29,-70,-77,-103947,-106,-480,1,-104364
-87,-88,-83,-103018,101,-440,1,-103404
-145,-97,-56,-102571,183,-389,1,-102750
-169,-33,23,-102554,282,-278,1,102410
-153,21,125,-103090,191,-217,1,-102950
-98,85,214,-103982,50,-203,1,-103989
34,76,232,-105200,-80,-242,1,-105173
187,35,157,-106277,-246,-307,1,-106214
188,-11,37,-106667,-352,-358,1,106496
105,-49,-61,-106243,-249,-424,1,-106044
-20,-85,-112,-105340,-11,-457,0,105107
-124,-81,-76,-104611,170,-392,1,-104941
-197,-63,-46,-104476,262,-310,1,-104701
-159,39,90,-104863,215,-184,1,-104735
-130,83,209,-105606,80,-172,1,-105599
-61,131,275,-106540,-16,-202,1,106818
76,82,179,-107649,-137,-265,1,-107951
126,44,108,-108470,-248,-315,1,-108102
175,-18,0,-108729,-372,-399,1,108792
122,-55,-77,-108344,-242,-437,1,-108146
40,-81,-122,-107541,-98,-440,1,-107969
-60,-76,-112,-106546,58,-394,1,-106911
-153,-32,-31,-105862,265,-311,1,-105761
-206,-4,91,-105825,232,-239,1,105968
-129,45,234,-106335,80,-220,1,-106386
-75,78,261,-107254,3,-237,1,-107289
101,70,187,-108419,-153,-281,1,-108186
214,12,64,-109309,-342,-359,1,-109143
195,-19,-26,-109275,-366,-383,1,-109059
44,-39,-79,-108407,-149,-428,1,-108047
-58,-77,-94,-107434,50,-439,1,-107015
-134,-69,-58,-106835,192,-384,1,-106519
-160,-50,7,-106826,277,-313,1,106958
-129,7,152,-107340,130,-232,1,-107315
-40,73,287,-108281,-28,-227,1,108403
65,52,204,-109443,-98,-297,1,-109170
107,-3,96,-110481,-234,-369,1,110083
173,-26,14,-110915,-358,-380,1,111077
127,-55,-88,-110649,-232,-421,1,-110951
81,-81,-109,-109972,-167,-427,1,-109810
-32,-70,-77,-109156,36,-435,1,-109537
-109,-58,-21,-108573,213,-375,1,-109054
-178,-11,104,-108441,223,-275,1,108165
-161,28,217,-108912,124,-234,1,-108957
-100,61,256,-109852,70,-252,1,-109820
14,51,202,-111047,-50,-287,0,-110621
113,12,105,-112081,-239,-351,1,-111736
143,-21,-18,-112344,-358,-396,1,-112305
55,-51,-115,-111938,-143,-414,1,-111655
53,-95,-156,-111417,-135,-401,1,-111326
-58,-67,-58,-110779,112,-410,1,-110867
-142,-53,40,-110454,249,-316,1,110117
-188,0,198,-110635,160,-271,1,-111099
-125,36,246,-111469,76,-261,1,-111242
-8,49,199,-112638,-20,-269,0,112145
99,19,103,-113842,-215,-323,1,-113970
192,-17,11,-114546,-382,-375,1,114594
161,-54,-66,-114439,-283,-408,1,-114526
49,-77,-76,-113738,-137,-472,1,-113956
-27,-97,-78,-112994,8,-482,1,-112829
-89,-75,-48,-112466,146,-419,1,-112224
-135,-28,47,-112275,244,-302,1,112634
-138,23,200,-112636,129,-235,1,-112582
-120,42,233,-113503,76,-257,1,-113318
-4,58,214,-114575,-38,-274,0,114263
108,22,130,-115699,-203,-332,1,-115337
212,-11,-1,-116337,-386,-381,1,-116305
164,-55,-112,-116209,-238,-400,1,-115821
76,-73,-95,-115494,-162,-423,1,-115324
-38,-74,-51,-114607,56,-479,1,-114198
-121,-55,9,-113933,234,-349,1,113918
-178,-21,75,-113754,246,-272,1,113997
-162,19,150,-114103,170,-233,1,-114132
-126,49,190,-114906,103,-238,1,-114851
-44,63,206,-116069,11,-242,1,-116040
86,39,167,-117270,-142,-283,1,-117592
171,-4,88,-118129,-293,-363,1,118221
153,-37,0,-118243,-330,-410,1,118156
90,-83,-91,-117798,-159,-473,1,-118067
-4,-95,-116,-117127,-12,-453,0,116837
-107,-81,-72,-116535,164,-385,1,-116333
-183,-33,25,-116302,290,-284,1,116472
-184,11,140,-116673,196,-235,1,-116702
-120,64,237,-117575,68,-228,1,-117561
-15,55,212,-118774,-24,-267,0,118279
85,21,128,-120024,-184,-343,1,-120310
149,-18,50,-120827,-324,-367,1,120674
141,-42,-12,-120977,-323,-416,1,-121058
108,-68,-76,-120677,-224,-429,1,-120433
36,-69,-106,-120049,-95,-426,1,-120078
-82,-68,-79,-119333,117,-388,1,-119694
-133,-49,0,-118927,250,-325,1,119175
-168,-4,117,-119091,216,-226,1,119257
-125,32,206,-119792,98,-247,1,-119787
-69,63,248,-120785,21,-243,1,-120760
51,54,179,-121959,-98,-265,1,-122299
129,6,98,-123006,-260,-348,1,-123076
169,-25,31,-123353,-340,-390,1,123299
116,-57,-40,-122985,-256,-443,1,-123206
47,-77,-88,-122224,-118,-466,1,-122109
-65,-93,-94,-121291,66,-440,1,-120958
-143,-39,-18,-120607,261,-303,1,-120720
-166,0,80,-120606,241,-241,1,-120811
-133,36,160,-121149,139,-212,1,-121192
-98,67,219,-122041,57,-226,1,-122011
-9,68,202,-123206,-35,-247,0,123157
77,44,142,-124433,-161,-308,1,-124784
175,10,70,-125529,-316,-357,1,-125672
194,-24,-12,-125879,-367,-387,1,-125832
143,-48,-70,-125381,-277,-402,1,-125352
27,-70,-93,-124386,-92,-449,1,-124028
-79,-75,-75,-123339,99,-401,1,-122997
-176,-45,-18,-122680,273,-317,1,-122764
-162,7,78,-122610,209,-223,1,-122390
-105,65,195,-123133,49,-187,1,-123039
-22,61,213,-123980,-27,-235,0,123972
22,51,176,-124906,-81,-268,0,-124454
92,37,135,-125753,-177,-286,1,-125545
130,5,93,-126359,-262,-353,1,-126251
153,-10,35,-126523,-337,-383,1,126628
104,-46,-56,-126231,-248,-453,1,-126037
57,-62,-93,-125480,-153,-426,1,-125774
-74,-65,-71,-124515,107,-401,1,-124886
-148,-57,-11,-123944,240,-328,1,-124211
-172,4,86,-124001,230,-231,1,-124059
-149,61,173,-124602,124,-206,1,-124432
-55,122,250,-125577,-14,-178,1,125569
56,108,239,-126756,-98,-254,0,-126727
120,54,144,-127865,-191,-287,1,-127494
194,14,51,-128651,-338,-361,1,-128592
177,-24,-45,-128658,-311,-398,1,-128676
92,-46,-108,-128014,-172,-414,1,-128291
-22,-87,-128,-127079,1,-436,0,-127467
-63,-81,-82,-126243,106,-416,1,-126188
-173,-54,-56,-125695,280,-276,1,-125529
-161,4,14,-125651,320,-251,1,-125890
-178,67,118,-126047,174,-187,1,-126158
-112,105,208,-126782,45,-158,0,-126810
-29,122,229,-127730,-49,-191,1,127743
95,86,172,-128841,-165,-240,1,-128934
183,40,98,-129616,-295,-325,1,-129748
186,-1,-9,-129731,-353,-398,1,-129695
67,-28,-64,-129115,-192,-411,1,-129308
-49,-62,-78,-128183,67,-449,1,-128375
-192,-75,-38,-127373,237,-352,1,-127214
-248,-43,55,-127174,273,-292,1,127006
-196,19,125,-127704,181,-237,1,-127521
-72,70,180,-128721,39,-212,1,-128659
33,77,180,-129973,-117,-235,1,-130034
175,40,131,-131066,-279,-310,1,-131038
185,-13,52,-131401,-335,-372,1,131575
107,-24,-18,-130867,-325,-383,1,-130919
-6,-63,-93,-130005,-13,-457,0,129653
-123,-74,-96,-129298,157,-374,1,-129175
-179,-73,-29,-129298,254,-330,1,-129092
-145,12,102,-129842,223,-193,1,-130008
-134,53,203,-130773,109,-202,1,-130569
5,79,241,-131813,-61,-222,0,-131773
111,51,192,-132806,-161,-277,1,-133103
163,5,100,-133327,-273,-353,1,-133248
141,-21,22,-133124,-339,-392,1,133210
99,-35,-41,-132348,-259,-416,1,-132109
7,-44,-82,-131199,-10,-442,0,-131506
-174,-73,-120,-130234,201,-374,1,-130453
-181,-56,-61,-129768,229,-317,1,-129923
-202,-1,37,-129975,293,-237,1,129680
-142,45,103,-130757,164,-178,1,-130582
-105,93,186,-131858,46,-162,0,-131860
98,77,203,-133060,-175,-236,1,-132962
158,23,162,-134036,-220,-324,1,-133668
139,-2,78,-134303,-282,-368,1,134191
88,-50,-3,-133999,-273,-473,1,-134095
-47,-70,-75,-133114,33,-489,1,-132627
-126,-90,-100,-132488,129,-394,1,-132300
-176,-32,-2,-132382,265,-299,1,-132493
-137,16,114,-133007,181,-223,1,-132877
-68,52,202,-134061,37,-227,1,-134102
31,61,222,-135275,-72,-245,1,-135207
112,33,169,-136450,-167,-296,1,-136316
143,4,107,-137373,-241,-355,1,-137710
166,-19,37,-137735,-324,-390,1,137810
122,-33,-38,-137239,-296,-399,1,-137412
8,-32,-86,-136050,-58,-378,0,-135794
-129,-52,-57,-134918,184,-361,1,-134750
-202,-39,8,-134545,292,-311,1,134502
-175,16,87,-134978,222,-223,1,-135084
-124,75,189,-135921,115,-182,1,-135865
-36,102,222,-137147,-36,-195,0,137154
126,83,196,-138348,-176,-268,1,-138534
189,16,95,-139204,-297,-327,1,-139101
169,-17,9,-139215,-363,-387,1,139157
84,-58,-44,-138495,-222,-468,1,-138678
-18,-77,-60,-137456,9,-514,0,-137860
-99,-82,-47,-136605,141,-430,1,-136355
-134,-44,6,-136202,249,-328,1,136476
-136,-8,51,-136483,262,-264,1,136595
-123,45,129,-137183,136,-193,1,-137028
-79,61,190,-138182,46,-201,1,-138222
-10,95,226,-139280,-46,-214,0,139329
91,54,167,-140489,-145,-288,1,-140687
161,0,88,-141419,-288,-344,1,-141529
165,-25,38,-141466,-340,-371,1,141344
99,-41,-14,-140759,-289,-432,1,-140573
-20,-69,-58,-139796,15,-518,0,-139382
-93,-68,-64,-138942,140,-409,1,-139147
-220,-30,-26,-138547,309,-294,1,-138751
-214,33,52,-138762,276,-199,1,-139033
-168,135,192,-139458,101,-122,1,-139327
-50,139,218,-140575,-17,-177,1,140765
112,77,161,-141801,-176,-266,1,-141522
208,7,68,-142952,-335,-377,1,-143042
176,-29,11,-143195,-351,-368,1,143311
90,-62,-34,-142655,-243,-450,1,-142409
-26,-68,-47,-141703,23,-503,1,-141329
-107,-70,-20,-140851,164,-395,1,-141092
-173,-5,64,-140534,239,-252,1,140298
-139,31,143,-141098,148,-223,1,-141179
-90,87,230,-142186,56,-194,1,-142204
12,101,225,-143388,-50,-226,0,-143426
119,41,143,-144603,-193,-310,1,-144894
168,-11,69,-145245,-317,-379,1,145406
122,-46,-5,-145024,-300,-435,1,-145079
43,-81,-74,-144374,-125,-505,1,-143937
-29,-83,-104,-143640,-1,-446,1,143488
-103,-48,-49,-143166,185,-324,1,-143038
-132,3,83,-143214,195,-228,1,-143262
-127,82,235,-143791,76,-205,1,-143851
-45,84,235,-144762,-2,-224,1,144695
7,87,202,-145830,-54,-247,0,-145919
100,37,136,-146940,-182,-300,1,-146608
162,-19,41,-147687,-341,-400,1,147623
143,-46,-42,-147530,-293,-421,1,-147522
53,-71,-95,-146791,-135,-457,1,-146439
-41,-94,-102,-145915,7,-445,1,-145491
-141,-73,-48,-145185,163,-340,1,-144953
-142,24,51,-145023,164,-196,1,-145085
4,80,158,-145632,-46,-140,0,-145586
-7,114,222,-146607,-36,-182,0,146576
94,126,236,-147587,-138,-240,1,-147500
143,105,160,-148486,-171,-273,0,-148988
164,33,33,-149216,-321,-309,1,-149005
152,-22,-50,-149271,-316,-409,1,-149259
98,-64,-96,-148696,-191,-427,1,-148931
21,-78,-74,-147890,-88,-481,0,-147478
-73,-98,-54,-147138,78,-452,1,-147284
-129,-50,26,-146833,206,-323,1,146612
-110,-12,73,-147309,193,-282,1,147096
-83,62,126,-148272,90,-153,1,-148477
-17,111,229,-149317,-34,-178,0,149324
89,139,243,-150256,-143,-222,1,-150175
189,92,130,-151112,-240,-289,0,-151530
193,26,32,-151432,-343,-346,1,-151409
136,-5,-23,-150947,-348,-391,1,-151015
66,-52,-74,-150079,-186,-445,1,-150273
-31,-72,-68,-149142,29,-469,1,-149318
-94,-72,-22,-148487,164,-405,1,-148795
-136,-18,62,-148268,214,-272,1,148057
-89,28,145,-148671,69,-218,1,-148725
-9,86,227,-149558,-25,-213,0,149574
62,90,227,-150722,-102,-256,0,-150751
117,53,151,-151741,-168,-303,1,-152034
128,11,82,-152450,-252,-352,1,-152320
167,-11,22,-152686,-333,-385,1,152601
122,-43,-34,-152301,-278,-429,1,-152104
6,-27,-49,-151204,-63,-430,0,-151327
-101,-55,-64,-150040,154,-391,1,-150374
-194,-68,-26,-149387,217,-316,1,-149233
-152,-23,84,-149618,204,-279,1,149885
-107,31,164,-150524,99,-242,1,-150460
-35,69,204,-151750,-4,-215,1,151736
77,101,205,-152951,-121,-237,0,-152838
197,39,108,-154176,-269,-326,1,-154364
229,-13,39,-154824,-350,-373,1,154659
167,-29,-9,-154421,-325,-403,1,-154451
50,-30,-54,-153345,-190,-421,1,-153089
-5,-33,-55,-152146,-3,-432,0,152556
-215,-66,-45,-151079,241,-349,1,-151348
-170,-41,43,-150775,251,-313,1,150940
-219,-19,78,-151348,257,-284,1,151468
-109,55,156,-152531,101,-204,1,-152505
-52,88,203,-153758,16,-200,1,-153834
81,95,195,-154960,-125,-226,0,-154910
214,25,103,-156182,-310,-335,1,-156358
226,-15,36,-156586,-373,-361,1,156542
136,-15,-13,-155782,-360,-363,1,-155650
21,-33,-58,-154557,-109,-428,0,-154230
-34,-49,-68,-153386,43,-408,1,-153285
-135,-12,-19,-152428,315,-274,1,-152542
-169,-15,22,-152113,284,-260,1,152220
-162,34,129,-152481,183,-207,1,-152537
-138,68,194,-153516,94,-201,1,-153394
-57,119,229,-154718,2,-195,1,-154677
67,119,181,-155920,-115,-210,1,-155951
193,66,85,-157146,-303,-307,1,-156945
211,0,3,-158089,-416,-368,1,-158124
157,-23,-55,-157886,-318,-379,1,-157765
72,-57,-84,-156974,-178,-417,1,-156701
22,-63,-66,-155794,-112,-437,0,-155938
-46,-55,-24,-154658,101,-427,1,-155106
-113,-48,57,-154036,212,-327,1,153668
-149,-18,124,-154126,173,-277,1,154446
-118,28,166,-154813,117,-251,1,-154880
-84,60,162,-155933,77,-217,1,-155976
-19,80,163,-157134,-10,-201,0,157167
74,73,162,-158336,-135,-234,1,-158387
163,31,108,-159462,-273,-321,1,-159335
173,-15,39,-159829,-358,-379,1,159948
110,-29,-26,-159242,-327,-407,1,-159410
-20,-62,-79,-158264,-1,-461,0,158617
-37,-94,-72,-157761,-10,-475,1,158126
-99,-65,13,-157656,178,-375,1,157247
-70,-22,149,-158020,71,-282,1,157915
-54,19,240,-158771,19,-258,1,-159222
33,93,260,-159682,-77,-250,0,-159247
108,64,145,-160750,-173,-288,1,-160481
163,40,63,-161519,-304,-318,1,-161356
181,8,-5,-161659,-385,-350,1,161565
142,-19,-92,-161025,-255,-362,1,-160852
38,-47,-112,-159922,-100,-377,1,-160207
-108,-62,-58,-158891,180,-364,1,-159002
-174,-36,36,-158489,261,-282,1,158637
-151,17,150,-158882,175,-229,1,-158969
-106,59,231,-159848,64,-230,1,-159861
18,110,273,-161024,-62,-229,0,-161098
143,76,161,-162224,-196,-291,1,-161840
191,25,60,-163028,-334,-344,1,-162897
185,-9,-16,-162973,-362,-381,1,-162869
101,-45,-81,-162187,-206,-420,1,-162047
47,-61,-117,-161026,-91,-394,1,-160951
-105,-56,-89,-159922,159,-365,1,-160071
-181,-39,-31,-159321,268,-310,1,-159471
-191,8,62,-159402,263,-224,1,-159739
-155,66,113,-160094,169,-166,1,-160252
-114,92,166,-161201,82,-152,0,-161277
-21,118,220,-162396,-60,-180,0,162415
80,81,204,-163574,-163,-261,1,-163742
144,29,106,-164333,-298,-337,1,-164210
152,-28,14,-164326,-379,-406,1,164228
80,-35,-54,-163634,-257,-422,1,-163793
26,-46,-96,-162785,-94,-405,1,-162371
-67,-46,-76,-161968,112,-371,1,-162187
-138,-15,-10,-161582,296,-289,1,-161705
-137,27,117,-161903,174,-180,1,-161943
-123,73,227,-162742,79,-197,1,-162798
-55,111,271,-163916,-12,-214,1,164288
77,137,219,-165143,-113,-241,1,-165259
151,68,101,-166300,-255,-295,1,-166135
230,3,7,-166795,-413,-372,1,-166789
175,-18,-68,-166213,-301,-372,1,-166374
33,-59,-127,-165028,-87,-410,1,-165131
-69,-61,-88,-163812,77,-375,1,-163573
-142,-30,2,-163173,294,-287,1,163277
-185,10,102,-163404,234,-227,1,-163477
-115,69,241,-164277,73,-205,1,-164341
-40,99,270,-165454,-17,-230,0,165872
91,89,183,-166655,-133,-251,1,-166455
167,29,77,-167823,-290,-340,1,-167689
210,-15,-23,-168268,-366,-394,1,-168295
107,-57,-82,-167760,-234,-436,1,-167445
40,-77,-71,-166784,-143,-482,1,-166450
-66,-75,-75,-165771,88,-415,1,-165391
-141,-33,-43,-165177,240,-316,1,-164983
-136,-7,34,-165227,277,-246,1,164906
-124,39,124,-165926,153,-188,1,-165925
-80,100,223,-167087,25,-169,0,-167146
28,112,261,-168288,-82,-220,1,-168128
91,94,194,-169447,-131,-250,0,-169305
165,37,88,-170427,-273,-331,1,-170300
169,0,6,-170721,-377,-377,1,-170573
123,-49,-73,-170324,-243,-432,1,-169999
34,-84,-108,-169505,-92,-464,1,-169902
-67,-89,-110,-168594,73,-414,1,-168754
-166,-69,-61,-168074,217,-318,1,-168372
-197,19,74,-168040,274,-212,1,-168249
-184,70,169,-168564,149,-170,1,-168469
-128,146,266,-169472,48,-182,1,-169119
37,116,200,-170696,-94,-224,1,-170720
134,39,116,-171772,-245,-322,1,-171929
171,-19,21,-172077,-372,-393,1,172152
96,-53,-71,-171595,-234,-446,1,-171792
13,-94,-127,-170839,-66,-449,0,-170748
-59,-79,-83,-170128,43,-406,1,-170261
-90,-11,19,-169783,264,-262,1,169848
-111,22,132,-169955,121,-209,1,-169909
-90,50,245,-170493,44,-209,1,-170398
-30,75,256,-171249,-23,-253,1,171343
18,57,166,-172166,-65,-265,0,-172355
103,35,96,-173051,-235,-319,1,-172554
150,-14,17,-173504,-371,-391,1,173506
142,-53,-63,-173334,-282,-426,1,-173347
85,-88,-111,-172739,-165,-440,1,-172991
-5,-85,-95,-171941,-40,-444,0,171572
-92,-57,-32,-171221,164,-356,1,-171373
-121,-4,93,-171024,169,-240,1,171116
-106,47,193,-171462,81,-223,1,-171471
-59,91,255,-172351,7,-214,0,-172401
36,107,233,-173502,-76,-249,0,-173483
131,61,127,-174625,-213,-279,1,-174881
168,18,42,-175150,-342,-352,1,-175285
128,-27,-18,-174905,-333,-388,1,-174976
43,-47,-47,-174141,-166,-475,1,-174444
-10,-75,-73,-173294,-14,-473,0,173361
-84,-51,-37,-172658,197,-382,1,-172944
-148,-51,13,-172576,282,-323,1,172776
-123,-10,117,-173000,181,-264,1,172656
-118,11,172,-173815,127,-249,1,-173729
-49,48,242,-174960,17,-246,1,-174971
29,56,212,-176161,-66,-278,1,-176519
140,30,124,-177369,-236,-328,1,-177562
193,-16,21,-178054,-361,-387,1,178103
164,-44,-62,-177904,-288,-402,1,-177873
73,-74,-123,-177227,-136,-423,1,-177427
-77,-76,-111,-176258,74,-385,1,-176418
-138,-49,-13,-175745,244,-342,1,-176024
-168,0,94,-175899,226,-235,1,-176105
-121,49,182,-176624,109,-205,1,-176563
-64,82,227,-177729,18,-212,1,-177677
28,74,211,-178931,-80,-256,1,-178885
122,38,133,-180125,-211,-296,1,-179892
203,6,49,-180880,-350,-363,1,-180808
167,-25,-34,-180734,-335,-372,1,-180574
104,-50,-80,-179926,-225,-411,1,-180155
-7,-60,-87,-178806,-25,-425,0,179116
-132,-55,-45,-177936,220,-346,1,-177681
-205,-30,38,-177609,272,-277,1,177464
-182,19,113,-177938,213,-225,1,-178161
-135,65,172,-178838,119,-175,1,-178725
-46,112,244,-179973,-14,-201,1,180075
77,89,204,-181199,-133,-257,1,-180882
171,39,107,-182259,-285,-327,1,-182093
195,-15,2,-182533,-384,-381,1,182731
120,-26,-48,-181909,-299,-389,1,-181880
28,-58,-85,-180959,-94,-449,1,-181042
-108,-86,-71,-180173,118,-413,1,-179806
-159,-71,-2,-179928,229,-349,1,-180149
-145,-21,78,-180329,226,-282,1,180570
-100,33,150,-181223,108,-234,1,-181173
-28,69,225,-182435,-2,-217,1,182471
51,95,244,-183637,-86,-247,0,-183662
142,70,143,-184864,-201,-295,1,-185270
202,23,44,-185838,-352,-374,1,-185654
178,-9,-34,-185940,-346,-373,1,-186087
125,-56,-84,-185409,-238,-415,1,-185642
59,-78,-82,-184576,-141,-446,1,-184811
-52,-74,-57,-183612,79,-454,1,-183537
-138,-44,-3,-182924,247,-311,1,-183274
-152,7,79,-182934,227,-232,1,-182862
-121,49,176,-183713,116,-184,1,-183706
-54,87,256,-184780,5,-218,1,-184439
45,107,232,-185980,-92,-242,0,-185982
144,66,135,-187170,-220,-302,1,-187010
195,11,39,-187911,-359,-364,1,-188136
161,-27,-34,-187750,-320,-401,1,-187732
59,-48,-80,-186903,-154,-437,1,-187236
-22,-68,-99,-185921,28,-426,0,-186308
-158,-47,-70,-185229,222,-315,1,-184990
-147,-12,35,-185262,281,-251,1,185079
-151,40,164,-185886,143,-195,1,-185930
-48,67,271,-186869,1,-217,1,-186446
20,74,248,-188018,-60,-268,0,-188390
95,33,125,-189108,-188,-315,1,-189235
151,1,45,-189741,-332,-391,1,-189786
118,-47,-19,-189716,-287,-442,1,-189950
60,-63,-50,-189239,-185,-487,1,-189017
32,-78,-80,-188563,-107,-470,1,-188685
-71,-70,-73,-187817,99,-397,1,-187408
-117,-52,6,-187516,242,-339,1,187801
-145,5,143,-187792,153,-238,1,-187875
-69,31,219,-188609,48,-245,1,-188552
-19,24,192,-189705,-11,-285,0,189654
67,23,180,-190689,-121,-317,1,-190792
118,-11,95,-191504,-244,-385,1,191836
142,-32,13,-191769,-345,-410,1,191814
97,-57,-50,-191448,-240,-448,1,-191213
36,-86,-104,-190948,-93,-464,1,-190566
-40,-69,-73,-190389,62,-410,1,-190012
-84,-54,7,-190154,200,-375,1,190229
-129,-5,113,-190253,177,-245,1,190367
-98,30,209,-190796,74,-236,1,-190792
-47,36,229,-191664,8,-263,1,-191822
37,24,179,-192623,-83,-304,1,-192927
71,-3,121,-193501,-150,-351,1,193064
103,-32,66,-194060,-247,-424,1,194403
111,-56,14,-194061,-290,-439,1,194254
54,-55,-27,-193465,-198,-481,1,-193157
-20,-51,-50,-192743,25,-466,0,-192829
-104,-38,-14,-192164,222,-338,1,-192353
-113,0,76,-192151,202,-252,1,-192153
-117,31,137,-192729,140,-223,1,-192620
-71,60,207,-193763,37,-203,1,-193724
23,88,241,-194981,-70,-240,0,-194995
117,62,170,-196183,-164,-299,1,-196414
160,2,75,-197207,-302,-349,1,-197326
175,-27,30,-197493,-344,-397,1,197383
109,-28,-7,-197040,-317,-415,1,-196991
53,-62,-95,-196352,-133,-447,1,-196497
-42,-87,-127,-195435,15,-406,1,-195315
-114,-64,-38,-194720,165,-358,1,-194872
-126,-22,46,-194576,226,-287,1,194998
-116,22,106,-195129,158,-217,1,-195187
-61,58,196,-196079,26,-217,1,-196078
35,90,261,-197136,-95,-237,0,-197572
159,49,174,-198119,-210,-318,1,-197642
170,2,72,-198600,-309,-391,1,-198551
135,-29,-19,-198295,-337,-411,1,-198359
62,-45,-61,-197472,-198,-444,1,-197133
10,-67,-88,-196526,-52,-453,0,-196168
-116,-61,-53,-195596,171,-371,1,-196011
-139,-42,24,-195185,238,-332,1,195437
-144,13,136,-195367,146,-253,1,-195394
-69,37,204,-196105,42,-230,1,-196202
-21,63,233,-197083,-19,-246,0,197117
31,50,171,-198214,-72,-280,1,-198545
60,15,123,-199298,-141,-309,1,-199539
146,1,79,-200172,-267,-369,1,-200015
153,-38,-30,-200505,-314,-410,1,-200507
121,-47,-106,-200037,-228,-388,1,-199738
-11,-56,-86,-199105,-15,-404,0,198711
-95,-59,-20,-198363,178,-374,1,-198506
-143,-21,95,-198278,196,-272,1,198536
-102,14,162,-198842,124,-243,1,-198910
-97,45,199,-199819,85,-222,1,-199820
20,85,236,-200999,-63,-230,0,-201043
133,57,176,-202188,-180,-282,1,-201839
183,4,80,-202919,-311,-385,1,-202993
162,-34,1,-202742,-347,-408,1,202681
70,-58,-41,-201763,-216,-474,1,-202105
-39,-66,-60,-200559,33,-476,1,-200396
-112,-58,-42,-199640,181,-376,1,-199274
-180,-39,8,-199362,284,-309,1,199287
-151,8,91,-199798,213,-242,1,-199832
-127,53,185,-200865,98,-210,1,-200931
-9,93,231,-202067,-40,-220,0,202014
103,67,170,-203294,-150,-279,1,-203540
186,-2,68,-204400,-324,-368,1,204479
171,-30,3,-204610,-356,-377,1,204780
100,-66,-53,-204010,-238,-439,1,-204193
3,-62,-49,-203076,-54,-499,0,-202889
-99,-53,-26,-202295,202,-388,1,-202548
-137,-17,44,-202094,257,-274,1,202186
-133,21,118,-202498,179,-220,1,-202638
155,17,83,-206675,-283,-325,1,-206807
159,-8,22,-206948,-359,-357,1,207084
89,-53,-38,-206567,-230,-461,1,-206725
0,-70,-58,-205879,-33,-516,0,-206444
-66,-93,-60,-205299,65,-462,1,-204892
-84,-44,10,-205010,204,-379,1,205078
-99,-14,100,-205223,154,-293,1,204816
-85,31,196,-205859,60,-228,1,-205938
-5,63,235,-206801,-38,-247,0,206801
54,63,193,-207870,-97,-276,1,-207430
100,39,109,-208940,-200,-315,1,-209404
159,4,32,-209805,-354,-370,1,-209701
171,-34,-21,-209947,-344,-407,1,-209991
139,-54,-57,-209313,-274,-418,1,-209302
50,-63,-91,-208118,-123,-427,1,-208241
-94,-68,-118,-206923,89,-333,1,-207160
-131,-15,-19,-206217,263,-260,1,-206098
-159,41,71,-206249,203,-180,1,-206116
-104,97,162,-206912,78,-131,0,-206934
-43,173,267,-207877,-31,-151,1,208131
100,156,230,-209008,-124,-228,1,-209131
139,73,127,-210177,-193,-292,1,-210014
137,16,40,-210911,-327,-351,1,-210805
111,-43,-33,-210922,-285,-455,1,-210774
40,-77,-86,-210218,-132,-485,1,-210045
-32,-80,-91,-209142,0,-440,1,-209228
-125,-55,-38,-208294,176,-342,1,-207917
-148,6,58,-208100,232,-248,1,-207953
-132,72,134,-208657,122,-155,1,-208831
-83,143,202,-209776,36,-144,1,-209873
-3,166,246,-211003,-53,-172,0,211189
130,146,197,-212204,-150,-242,1,-212058
212,47,89,-213405,-284,-307,1,-213269
220,-11,12,-214076,-376,-366,1,214264
155,-62,-66,-213848,-237,-439,1,-213738
22,-89,-116,-213116,-50,-473,0,-213422
-69,-98,-134,-212355,65,-400,1,-212208
-157,-37,-31,-211910,255,-286,1,-211587
-141,27,104,-212114,191,-197,1,-211991
-125,94,226,-212867,67,-189,0,-212928
-39,117,244,-213956,-9,-204,1,213924
46,90,168,-215157,-93,-244,0,-215046
135,54,105,-216359,-237,-283,1,-216076
226,-30,-3,-217348,-357,-384,1,-217575
169,-46,-71,-217278,-280,-392,1,-217325
44,-69,-121,-216387,-93,-419,1,-216240
-63,-36,-62,-215252,144,-360,1,-215304
-202,-41,-27,-214576,287,-323,1,-214667
-181,9,59,-214436,260,-226,1,-214212
-186,30,155,-214871,170,-242,1,-214835
-116,67,222,-215789,43,-212,1,-215802
34,83,232,-216977,-84,-246,1,-217005
169,31,142,-218158,-260,-331,1,-218208
195,2,54,-218564,-337,-368,1,-218377
127,-26,-58,-218097,-279,-399,1,-217909
36,-47,-120,-217190,-95,-406,1,-217553
-102,-76,-118,-216218,110,-370,1,-216543
-229,-40,-37,-215597,282,-283,1,-215753
-167,7,66,-215621,259,-224,1,-215929
-176,47,156,-216180,155,-197,1,-216116
-67,84,231,-217145,18,-207,1,-217111
37,79,204,-218366,-96,-243,1,-218358
189,27,122,-219519,-274,-328,1,-219640
201,-23,25,-220109,-349,-392,1,220114
151,-55,-40,-219853,-300,-410,1,-219900
30,-78,-98,-218938,-91,-470,1,-218760
-110,-80,-101,-217935,115,-382,1,-217606
-174,-24,-11,-217432,288,-275,1,-217559
-168,23,74,-217724,241,-205,1,-217792
-124,71,169,-218561,106,-173,1,-218513
-51,107,242,-219721,-16,-187,0,219732
100,96,211,-220945,-146,-255,0,-221099
160,24,113,-221950,-259,-342,1,-221793
149,0,45,-222274,-323,-377,1,-222401
120,-52,-32,-222058,-283,-451,1,-222183
57,-73,-75,-221268,-147,-483,1,-221468
-50,-102,-113,-220267,25,-445,1,-220649
-134,-56,-55,-219424,183,-332,1,-219237
-151,-20,32,-219359,280,-269,1,219244
-149,51,152,-219781,135,-183,1,-219786
-85,85,241,-220616,36,-192,1,-220592
19,84,219,-221692,-66,-233,0,-221645
101,36,144,-222707,-177,-310,1,-222374
145,4,82,-223241,-272,-361,1,-223404
136,-39,1,-223150,-308,-428,1,223129
59,-73,-69,-222397,-146,-488,1,-222719
-76,-97,-115,-221355,65,-436,1,-221443
-155,-48,-60,-220672,206,-300,1,-220312
-190,19,44,-220784,280,-211,1,-220965
-157,75,136,-221572,155,-154,1,-221662
-94,109,219,-222707,42,-179,0,-222596
-1,109,225,-223959,-65,-219,0,223938
109,64,157,-225158,-181,-290,1,-224932
168,4,62,-226028,-324,-372,1,-225867
155,-27,-8,-226047,-347,-405,1,-225974
91,-58,-70,-225300,-209,-449,1,-225576
12,-65,-84,-224163,-70,-458,0,-223796
-105,-56,-64,-222999,158,-365,1,-222856
-139,-27,12,-222318,282,-281,1,222448
-215,3,66,-222277,262,-241,1,-222503
-149,33,138,-222866,158,-215,1,-222950
-121,86,202,-223975,64,-191,1,-224000
51,81,200,-225177,-112,-245,1,-225195
131,27,138,-226340,-226,-330,1,-226715
147,-14,57,-226798,-319,-370,1,226566
85,-30,-31,-226191,-297,-426,1,-226139
-36,-65,-99,-225075,11,-443,1,-224898
-110,-79,-73,-224118,129,-405,1,-223753
-147,-45,17,-223790,256,-339,1,223955
-157,-4,68,-224148,238,-273,1,223925
