-16,100,1,-80,6,-5,0,-38
-17,101,1,-99,8,-7,0,-27
-19,101,1,-117,11,-10,0,-3
-19,101,1,-140,11,-10,0,-254
-18,101,2,-168,8,-8,0,-221
-17,101,3,-196,7,-8,0,-184
-16,101,2,-220,4,-5,0,-178
-17,102,3,-240,5,-8,0,-155
-16,103,4,-254,3,-8,0,-152
-19,113,26,-294,14,-41,0,-377
-79,136,51,-537,113,-127,1,-738
-138,151,58,-1374,199,-187,1,-1288
-234,169,35,-2620,246,-209,1,-2686
-236,176,15,-3849,203,-182,1,-3874
-193,197,8,-5104,149,-130,1,-5110
-120,206,3,-6359,57,-87,1,-6145
-24,173,1,-7614,-49,-24,0,7459
58,100,-9,-8843,-179,-123,0,8726
84,30,-22,-10123,-308,-297,1,10189
86,-11,-30,-10994,-325,-392,1,-10865
96,-40,-57,-11264,-252,-444,1,-10948
52,-83,-121,-11025,-102,-476,1,-10932
6,-99,-160,-10382,-32,-449,0,-10668
-54,-100,-160,-9696,61,-401,1,-9401
-101,-63,-72,-9134,199,-363,1,-8735
-181,-27,44,-8906,311,-290,1,8798
-159,-14,92,-9246,205,-305,1,9516
-56,-1,95,-10206,64,-323,1,9908
46,-8,72,-11326,-205,-369,1,11747
104,-24,39,-12189,-344,-411,1,12042
115,-54,-4,-12471,-326,-465,1,-12390
95,-75,-54,-12226,-236,-500,1,-12027
-48,-82,-126,-10122,46,-417,1,-9736
-114,-71,-50,-9643,211,-392,1,-9468
-144,-58,29,-9646,250,-367,1,9361
-91,-52,80,-10121,156,-386,1,9903
-35,-39,105,-10942,35,-392,1,11127
51,-37,96,-11883,-164,-416,1,12066
89,-41,58,-12526,-266,-444,1,12311
90,-52,12,-12752,-298,-484,1,12643
83,-73,-43,-12570,-230,-514,1,-13264
60,-91,-102,-12126,-140,-502,1,-11812
34,-95,-138,-11526,-78,-466,1,-11376
-11,-88,-144,-10824,-8,-428,0,11067
-56,-69,-101,-10151,91,-377,1,-9874
-116,-41,10,-9713,263,-362,1,9676
-148,-44,103,-9681,185,-353,1,9429
-86,-44,128,-10233,91,-378,1,9767
0,-41,107,-11131,-57,-426,0,10922
68,-46,69,-11934,-203,-452,1,12219
77,-51,23,-12414,-275,-498,1,12533
103,-61,-40,-12502,-293,-499,1,-12413
92,-79,-116,-12224,-184,-468,1,-11962
57,-81,-158,-11559,-109,-425,1,-11286
-25,-72,-136,-10692,11,-413,1,-10384
-85,-78,-51,-10067,156,-431,1,-9801
-136,-72,39,-9769,218,-403,1,10116
-148,-59,85,-9897,196,-369,1,10211
-81,-37,96,-10577,102,-378,1,10328
14,-42,88,-11549,-90,-436,0,11403
80,-48,73,-12362,-233,-448,1,12587
114,-52,27,-12764,-313,-461,1,12662
104,-65,-40,-12701,-259,-492,1,-12666
78,-86,-99,-12342,-173,-494,1,-12559
52,-88,-129,-11723,-101,-460,1,-11398
-30,-80,-134,-10897,28,-425,1,-11249
-82,-73,-85,-10235,127,-408,1,-9821
-120,-59,16,-9971,239,-378,1,10042
-121,-61,93,-10180,164,-375,1,9739
-35,-53,127,-10850,14,-402,1,11156
35,-53,105,-11650,-114,-444,1,11318
57,-51,64,-12180,-189,-482,1,11910
65,-53,20,-12432,-253,-516,1,12818
76,-68,-26,-12405,-253,-535,1,-12940
53,-72,-72,-12169,-155,-514,1,-11558
34,-84,-113,-11855,-99,-487,1,-12233
0,-93,-132,-11435,-23,-465,0,-11698
-39,-102,-120,-10929,30,-456,1,-11103
-59,-95,-60,-10555,90,-471,1,-10475
-96,-74,25,-10396,195,-421,1,10736
-115,-62,89,-10556,168,-392,1,10241
-52,-39,128,-11248,50,-374,1,10814
26,-44,105,-12021,-107,-431,1,12139
62,-42,57,-12656,-236,-466,1,12408
106,-59,-2,-12994,-309,-482,1,-12871
92,-64,-60,-12910,-225,-481,1,-13111
64,-79,-112,-12514,-151,-474,1,-12749
30,-88,-128,-11898,-81,-458,1,-12246
-21,-78,-104,-11178,10,-454,0,-10843
-67,-84,-61,-10595,107,-470,1,-10483
-120,-74,23,-10269,221,-406,1,10622
-147,-63,78,-10329,212,-374,1,10520
-86,-47,98,-10916,119,-395,1,11076
21,-47,98,-11853,-101,-434,0,12226
106,-57,71,-12630,-255,-451,1,12415
106,-62,30,-12937,-271,-479,1,12818
85,-69,-15,-12747,-237,-506,1,-12484
58,-80,-69,-12361,-151,-526,1,-13026
36,-93,-118,-11896,-105,-494,1,-12285
2,-90,-128,-11323,-41,-456,0,-11764
-51,-74,-105,-10771,64,-420,1,-11234
-89,-66,-38,-10411,171,-430,1,-10644
-119,-54,49,-10387,217,-351,1,10596
-106,-47,110,-10737,141,-361,1,10303
-41,-46,122,-11470,33,-399,1,11550
32,-46,100,-12353,-116,-438,1,12780
86,-59,70,-12976,-228,-472,1,13234
104,-65,27,-13152,-271,-477,1,13245
82,-78,-39,-12918,-226,-529,1,-12479
60,-78,-95,-12432,-161,-491,1,-12778
-2,-81,-129,-11751,-26,-457,0,11492
-41,-79,-123,-11175,32,-432,1,-10807
-52,-72,-78,-10780,88,-430,1,-11221
-93,-60,3,-10597,232,-406,1,10366
-141,-65,77,-10569,209,-368,1,10356
-97,-54,118,-10983,102,-380,1,11227
0,-61,109,-11721,-54,-445,0,11282
48,-59,82,-12418,-166,-474,1,12710
73,-65,39,-12864,-237,-499,1,13068
94,-71,3,-12917,-267,-508,1,12957
58,-81,-44,-12620,-163,-540,1,-13233
32,-95,-101,-12213,-97,-514,1,-11725
7,-98,-135,-11720,-38,-465,0,-11473
-28,-88,-123,-11129,20,-439,1,-10992
-85,-43,-23,-10476,253,-352,1,-10531
-153,-54,79,-10279,212,-348,1,10568
-108,-42,132,-10659,120,-368,1,10352
95,-60,38,-13010,-275,-476,1,12889
95,-65,11,-13091,-267,-480,1,13280
59,-76,-22,-12761,-199,-560,1,-13144
41,-96,-55,-12244,-125,-559,1,-11715
6,-108,-85,-11673,-40,-539,0,-12191
-24,-103,-96,-11157,16,-503,0,-10847
-53,-91,-75,-10755,84,-476,1,-11179
-98,-77,-15,-10545,199,-437,1,-10340
-114,-65,60,-10614,192,-397,1,10295
-89,-56,101,-11054,135,-388,1,10784
-29,-47,99,-11798,19,-422,1,12273
31,-48,81,-12616,-121,-453,1,12441
75,-57,52,-13258,-239,-479,1,12989
87,-62,21,-13499,-270,-497,1,13371
73,-69,-9,-13385,-235,-535,1,-14003
56,-81,-54,-13125,-158,-537,1,-12704
53,-104,-111,-12776,-139,-513,1,-13139
36,-101,-147,-12215,-78,-447,1,-11925
-27,-67,-107,-11442,29,-403,1,-11536
-110,-63,-28,-10885,216,-394,1,-11167
-123,-62,45,-10762,209,-383,1,11215
-105,-58,94,-11091,145,-383,1,10929
-40,-43,109,-11800,40,-400,1,12243
23,-49,93,-12641,-104,-446,0,12482
95,-50,68,-13353,-259,-446,1,13502
101,-61,27,-13586,-276,-482,1,13730
81,-67,-8,-13330,-248,-518,1,-14069
53,-75,-39,-12801,-171,-551,1,-12503
14,-86,-68,-12167,-75,-559,0,-11769
0,-94,-104,-11587,-34,-502,0,-11439
-71,-84,-137,-10922,71,-426,1,-11226
-95,-81,-93,-10474,121,-406,1,-10581
-108,-62,-6,-10371,224,-411,1,-10665
-123,-59,55,-10588,203,-388,1,10343
-69,-35,103,-11243,97,-360,1,10990
-4,-41,112,-12108,-30,-403,0,-11934
51,-38,109,-12927,-151,-415,1,13070
83,-37,70,-13474,-243,-446,1,13788
81,-50,3,-13677,-284,-508,1,13804
71,-76,-63,-13578,-206,-526,1,-14329
73,-89,-102,-13209,-162,-497,1,-12991
18,-96,-132,-12602,-64,-474,0,-12308
-25,-89,-132,-11917,3,-437,1,-12284
-61,-78,-94,-11387,83,-416,1,-11674
-89,-63,-18,-11058,201,-404,1,-10784
-128,-53,71,-11090,193,-337,1,10959
-81,-48,119,-11575,93,-376,1,11287
-20,-44,118,-12349,-5,-409,0,-12781
49,-36,88,-13186,-181,-431,1,13010
109,-49,37,-13744,-294,-458,1,13624
91,-64,-13,-13764,-262,-503,1,-13660
74,-70,-66,-13439,-195,-501,1,-13574
49,-100,-127,-12955,-122,-487,1,-13099
3,-89,-130,-12255,-30,-442,0,-11939
-71,-79,-87,-11602,105,-424,1,-11459
-94,-63,-9,-11269,211,-405,1,-11564
-123,-53,65,-11285,204,-365,1,11704
-84,-48,120,-11706,105,-371,1,11429
-9,-45,133,-12470,-29,-405,0,-12703
52,-50,102,-13222,-140,-442,1,13047
74,-57,48,-13745,-226,-490,1,13561
85,-76,-3,-13913,-248,-540,1,-13484
71,-83,-48,-13730,-186,-529,1,-14130
40,-89,-91,-13343,-109,-510,1,-13735
5,-83,-122,-12786,-46,-468,0,-12324
-26,-80,-122,-12262,9,-435,1,-11891
-51,-69,-79,-11901,81,-428,1,-12222
-77,-66,-1,-11764,184,-423,1,-11492
-95,-74,81,-11870,149,-408,1,12058
-62,-66,116,-12278,83,-414,1,11824
-39,-65,100,-12861,53,-451,1,13258
17,-48,98,-13596,-78,-447,0,13494
69,-59,71,-14233,-182,-486,1,14067
78,-67,26,-14558,-234,-529,1,14897
84,-75,-34,-14615,-239,-546,1,-15334
83,-73,-86,-14484,-199,-487,1,-14847
56,-76,-124,-14050,-131,-456,1,-14256
9,-67,-133,-13349,-49,-426,0,-13681
-24,-69,-111,-12621,3,-411,0,-12523
-72,-48,-38,-11986,182,-388,1,-12203
-156,-57,42,-11683,256,-350,1,11637
-155,-58,92,-11972,189,-361,1,12266
-51,-39,101,-12905,59,-389,1,13221
20,-52,82,-13983,-91,-458,0,14202
80,-45,75,-14893,-232,-436,1,15180
110,-54,35,-15337,-303,-464,1,15218
112,-68,-18,-15364,-286,-490,1,-15575
92,-72,-59,-14979,-225,-489,1,-15273
49,-68,-94,-14319,-129,-476,1,-13978
12,-77,-115,-13523,-55,-460,0,-13600
-32,-74,-107,-12727,45,-440,1,-12308
-101,-87,-82,-12112,149,-434,1,-11788
-121,-72,-16,-11860,219,-404,1,-12073
-113,-62,41,-12021,210,-390,1,12228
-93,-45,87,-12558,143,-374,1,12499
-28,-41,97,-13361,22,-402,1,13798
20,-41,93,-14215,-109,-428,0,13858
76,-47,82,-14900,-213,-433,1,15204
88,-47,62,-15179,-251,-458,1,14898
64,-37,34,-15041,-254,-471,1,15278
63,-61,-67,-14731,-195,-518,1,-15120
68,-78,-157,-14306,-134,-462,1,-13888
42,-87,-187,-13749,-84,-427,1,-13449
-22,-79,-158,-13046,5,-391,0,-13235
-59,-61,-85,-12417,89,-392,1,-12560
-106,-51,-5,-11958,234,-369,1,-12148
-142,-49,63,-11814,212,-362,1,12057
-92,-45,118,-12218,97,-368,1,11957
-22,-50,117,-12970,0,-418,0,13147
27,-45,92,-13756,-125,-450,1,13422
79,-55,46,-14315,-256,-489,1,13993
85,-65,0,-14453,-268,-518,1,15212
89,-64,-44,-14213,-232,-501,1,-14042
69,-72,-88,-13651,-154,-495,1,-13428
36,-72,-128,-12839,-86,-458,1,-13222
-22,-71,-142,-12008,3,-422,0,-12190
-70,-64,-103,-11255,92,-395,1,-10816
-132,-57,-35,-10766,233,-368,1,-11026
-166,-51,18,-10622,266,-346,1,10664
-143,-42,63,-11009,204,-351,1,10761
-43,-41,102,-11860,33,-397,1,12185
73,-59,-11,-13768,-259,-535,1,-13994
86,-76,-74,-13658,-211,-490,1,-13366
60,-82,-120,-13179,-130,-476,1,-12858
7,-73,-140,-12451,-43,-435,0,-12797
-38,-68,-138,-11691,20,-401,1,-11459
-63,-56,-87,-11014,101,-383,1,-10819
-128,-49,-11,-10527,265,-351,1,-10512
-168,-49,61,-10333,223,-344,1,10621
-105,-49,117,-10659,119,-378,1,10370
-73,-50,92,-11277,109,-424,1,11744
-36,-50,63,-12035,56,-476,1,11983
23,-46,49,-12838,-147,-520,0,12473
79,-64,3,-13369,-273,-528,1,14167
83,-75,-46,-13460,-220,-508,1,-13701
60,-84,-80,-13189,-157,-510,1,-12999
55,-68,-103,-12652,-137,-471,1,-12325
-31,-54,-144,-11852,25,-411,1,-12144
-64,-47,-141,-11125,62,-367,1,-10939
-91,-46,-83,-10555,151,-354,1,-10475
-159,-42,-4,-10219,283,-348,1,-10014
-186,-45,50,-10285,250,-331,1,10552
-121,-43,90,-10978,151,-359,1,11035
-14,-43,102,-11986,-11,-415,0,-12039
23,-54,85,-12844,-95,-465,0,13264
78,-56,51,-13510,-237,-473,1,13752
88,-67,-1,-13745,-261,-521,1,-13990
69,-82,-58,-13631,-183,-523,1,-14253
64,-81,-94,-13294,-158,-493,1,-13011
6,-75,-128,-12684,-47,-454,0,-12370
-19,-63,-126,-12005,-3,-414,0,12072
-60,-59,-103,-11380,79,-405,1,-11725
-106,-54,-39,-10883,215,-377,1,-11093
-158,-59,37,-10701,251,-359,1,10448
-154,-51,72,-10922,225,-358,1,11213
-109,-47,72,-11596,178,-383,1,11406
-33,-40,82,-12523,42,-418,1,12599
16,-45,90,-13479,-90,-442,0,13602
87,-51,77,-14220,-238,-442,1,14068
115,-59,24,-14469,-302,-476,1,14368
74,-66,-51,-14205,-235,-516,1,-13744
50,-74,-112,-13687,-134,-482,1,-13318
-7,-83,-146,-13072,-35,-452,0,12841
-29,-84,-141,-12540,8,-435,1,-12674
-60,-76,-103,-12025,66,-408,1,-12089
-125,-50,-1,-11621,248,-358,1,-11448
-155,-48,71,-11613,225,-329,1,11268
-117,-41,98,-12187,164,-368,1,11884
-27,-34,107,-13170,30,-389,1,12984
36,-49,98,-14159,-115,-437,1,14077
99,-55,78,-14878,-235,-449,1,15151
96,-57,36,-15120,-267,-482,1,15259
76,-71,-5,-14966,-233,-543,1,-14479
64,-74,-53,-14555,-182,-548,1,-14963
22,-72,-114,-13977,-79,-486,0,-14098
-23,-76,-148,-13334,-12,-437,0,13670
-51,-72,-126,-12800,41,-417,1,-12414
-75,-57,-61,-12426,136,-394,1,-12742
-91,-61,9,-12325,203,-405,1,12567
-138,-58,66,-12426,214,-379,1,12756
-113,-63,98,-12916,148,-380,1,13235
-33,-52,118,-13756,22,-415,1,13397
38,-47,105,-14671,-129,-437,1,14360
70,-49,58,-15328,-233,-475,1,15010
81,-57,5,-15623,-277,-493,1,15761
87,-69,-34,-15528,-248,-509,1,-15774
64,-74,-72,-15115,-166,-496,1,-14862
37,-80,-106,-14488,-101,-486,1,-14615
10,-83,-122,-13781,-60,-454,0,-13322
-38,-68,-106,-13014,33,-416,1,-13160
-96,-51,-52,-12439,185,-377,1,-12555
-129,-65,11,-12331,222,-400,1,12723
-127,-75,68,-12490,182,-409,1,12692
-96,-60,105,-12973,131,-394,1,13224
-43,-55,102,-13703,59,-427,1,13422
-3,-47,97,-14551,-32,-437,0,-14643
66,-44,77,-15312,-206,-447,1,15003
76,-50,38,-15683,-258,-485,1,15871
90,-56,-4,-15691,-300,-497,1,-15869
88,-87,-65,-15339,-198,-506,1,-15004
40,-85,-85,-14633,-115,-506,1,-14473
-20,-68,-92,-13810,0,-474,0,-13346
-54,-72,-111,-13123,50,-425,1,-13000
-97,-67,-84,-12572,141,-398,1,-12394
-107,-65,-32,-12270,203,-397,1,-11933
-123,-62,10,-12189,240,-380,1,11865
-112,-45,58,-12399,198,-355,1,12720
-70,-27,111,-12832,97,-351,1,13075
-57,-33,127,-13452,58,-372,1,13734
0,-38,115,-14264,-71,-425,0,13837
59,-48,76,-15050,-209,-475,1,15256
81,-64,24,-15411,-258,-523,1,16204
84,-85,-38,-15307,-221,-524,1,-14652
68,-94,-81,-14744,-162,-505,1,-14469
0,-87,-97,-13821,-37,-492,0,-13320
-60,-75,-95,-12994,81,-443,1,-13063
-95,-64,-73,-12418,155,-402,1,-12706
-116,-39,106,-12604,153,-349,1,12482
-61,-31,122,-13419,67,-370,1,13571
13,-38,108,-14377,-87,-420,0,14747
50,-46,77,-15154,-173,-467,1,14878
75,-60,36,-15589,-247,-511,1,15803
67,-75,-4,-15600,-218,-557,1,-15892
70,-82,-47,-15290,-191,-536,1,-14635
50,-100,-89,-14734,-112,-523,1,-15331
-6,-88,-100,-13912,-16,-490,0,14210
-76,-73,-101,-13098,103,-426,1,-12932
-93,-69,-71,-12586,141,-407,1,-12400
-113,-54,-19,-12348,228,-374,1,-12799
-131,-38,39,-12411,238,-339,1,12613
-93,-32,100,-12850,128,-342,1,13248
-31,-37,137,-13608,8,-373,1,13547
23,-43,131,-14418,-86,-409,0,14624
58,-52,89,-15011,-171,-467,1,15241
56,-61,42,-15214,-201,-531,1,14746
50,-69,3,-15120,-187,-569,1,14843
47,-89,-42,-14837,-152,-596,1,-15214
32,-106,-81,-14382,-92,-551,1,-14923
-32,-89,-112,-13761,24,-477,1,-13360
-85,-78,-108,-13181,104,-421,1,-12994
-89,-64,-49,-12892,169,-409,1,-13119
-106,-50,15,-12846,246,-376,1,13304
-117,-48,86,-13103,175,-359,1,13033
-52,-52,125,-13755,50,-390,1,13427
-23,-54,114,-14559,2,-433,0,14655
26,-50,91,-15361,-124,-466,1,15833
69,-60,43,-15900,-232,-512,1,16213
75,-76,-12,-16041,-229,-532,1,-15448
85,-80,-49,-15802,-216,-501,1,-15540
55,-82,-74,-15227,-148,-504,1,-14899
9,-85,-91,-14433,-50,-497,0,-14757
-39,-78,-97,-13614,37,-456,1,-13512
-66,-65,-79,-12974,115,-418,1,-13108
-117,-54,-26,-12533,234,-379,1,-12608
-154,-58,52,-12427,233,-361,1,12700
-152,-48,105,-12795,177,-356,1,12538
-68,-47,106,-13620,79,-399,1,13558
-8,-43,90,-14615,-27,-435,0,-14540
47,-43,73,-15580,-180,-450,1,15846
96,-49,44,-16112,-286,-461,1,15937
79,-57,8,-16084,-266,-511,1,15960
64,-68,-38,-15767,-201,-526,1,-16247
38,-81,-90,-15259,-105,-508,1,-14886
13,-93,-129,-14712,-61,-483,0,-14459
-22,-83,-133,-14086,5,-435,0,-13940
-66,-75,-104,-13488,82,-393,1,-13595
-103,-55,-34,-13085,215,-377,1,-12994
-143,-54,35,-12971,249,-350,1,13205
-152,-39,101,-13302,192,-329,1,12970
-57,-25,121,-14077,66,-353,1,14212
-10,-28,106,-15003,-24,-391,0,-15218
71,-41,82,-15815,-224,-437,1,15507
105,-64,43,-16242,-281,-483,1,16373
91,-82,0,-16093,-241,-521,1,15405
62,-88,-36,-15564,-178,-564,1,-15873
46,-84,-75,-14908,-120,-520,1,-14464
-16,-71,-122,-14125,8,-460,0,-14046
-63,-64,-130,-13450,66,-409,1,-13777
-96,-72,-85,-12978,137,-417,1,-13272
-129,-56,-10,-12755,251,-356,1,-12536
-154,-60,38,-12894,223,-360,1,13154
-94,-33,100,-13536,96,-349,1,13817
2,-43,112,-14433,-43,-408,0,14727
18,-45,94,-15247,-90,-441,0,14861
83,-44,65,-15878,-260,-452,1,16127
93,-67,17,-16117,-266,-510,1,15885
71,-75,-18,-15884,-223,-562,1,-15612
48,-76,-66,-15457,-125,-527,1,-15916
24,-93,-114,-15092,-60,-507,0,-15110
20,-80,-124,-14644,-60,-457,0,-14563
-4,-76,-121,-14057,-28,-431,0,14191
-26,-63,-88,-13406,21,-430,1,-13719
-84,-36,-20,-12833,241,-357,1,-13270
-145,-48,41,-12568,250,-322,1,12345
-146,-43,113,-12860,162,-341,1,13060
-66,-43,139,-13587,63,-382,1,13491
-21,-53,106,-14481,-1,-445,0,-14693
44,-53,84,-15317,-168,-472,1,15083
92,-63,46,-15753,-264,-489,1,15656
65,-65,7,-15647,-227,-545,1,16345
62,-68,-32,-15271,-197,-532,1,-14609
35,-80,-74,-14728,-106,-540,1,-15316
-7,-71,-109,-14129,-46,-479,0,14061
-33,-78,-128,-13559,16,-442,1,-13647
-71,-75,-111,-13061,76,-408,1,-12991
-57,-63,-61,-12713,107,-438,1,-12368
-89,-45,-10,-12453,257,-374,1,-12463
-161,-43,42,-12323,287,-332,1,12501
-161,-35,105,-12695,200,-325,1,12530
-61,-34,120,-13557,58,-373,1,13788
-16,-52,96,-14438,-22,-447,0,-14737
43,-54,69,-15166,-186,-487,1,14906
62,-65,27,-15514,-235,-538,1,15884
59,-73,-15,-15516,-222,-568,1,-15888
49,-89,-65,-15326,-155,-554,1,-14661
33,-97,-96,-14976,-125,-522,1,-14360
-1,-89,-98,-14491,-36,-492,0,14697
-41,-83,-84,-13960,50,-467,1,-14158
-80,-79,-44,-13560,146,-447,1,-13811
-114,-73,26,-13403,201,-425,1,13595
-123,-66,74,-13550,179,-393,1,13732
-78,-60,83,-14080,120,-418,1,14080
-22,-54,80,-14852,15,-453,0,15290
24,-59,78,-15637,-104,-478,0,15552
70,-51,71,-16289,-210,-458,1,16008
84,-60,35,-16624,-255,-498,1,16815
82,-70,-5,-16611,-239,-516,1,-16928
71,-71,-38,-16361,-202,-535,1,-15633
49,-79,-77,-15963,-131,-524,1,-15588
28,-78,-109,-15358,-84,-476,1,-14924
-25,-72,-127,-14582,7,-434,1,-14690
-71,-74,-107,-13866,91,-408,1,-14212
-99,-69,-46,-13389,170,-402,1,-13696
-116,-65,21,-13257,210,-387,1,12989
-91,-57,79,-13538,138,-388,1,13766
-44,-48,116,-14141,35,-393,1,14052
6,-52,110,-14787,-50,-434,0,14363
24,-52,83,-15287,-104,-474,0,14962
38,-60,51,-15542,-160,-532,1,15892
33,-71,20,-15544,-141,-595,1,15897
24,-74,-9,-15331,-119,-631,0,-14778
16,-87,-47,-14983,-85,-587,0,-14579
1,-95,-85,-14518,-48,-538,0,-14987
-24,-95,-115,-14053,5,-486,0,-14142
-49,-93,-114,-13629,54,-454,1,-13522
-72,-80,-71,-13316,121,-438,1,-13699
-101,-67,-17,-13108,203,-428,1,-12903
-134,-58,43,-13088,223,-384,1,12843
-108,-52,94,-13496,148,-370,1,13655
-35,-48,119,-14266,22,-400,1,13913
24,-50,102,-15051,-100,-445,0,15192
52,-50,65,-15611,-193,-494,1,15760
62,-59,25,-15824,-232,-531,1,16164
57,-73,-7,-15731,-208,-571,1,-16372
44,-84,-37,-15361,-152,-584,1,-16009
3,-89,-74,-14836,-45,-546,0,-15343
-22,-91,-111,-14276,1,-491,0,-13836
-56,-87,-118,-13791,55,-446,1,-13380
-64,-78,-91,-13463,84,-431,1,-13640
-77,-56,-37,-13405,182,-414,1,-13612
-105,-67,16,-13653,209,-427,1,13334
-119,-72,78,-13997,180,-396,1,14319
-74,-54,114,-14629,91,-394,1,14587
-9,-55,104,-15376,-21,-437,0,-15868
55,-54,86,-16037,-177,-455,1,16261
78,-62,51,-16330,-222,-479,1,16009
65,-65,4,-16216,-226,-541,1,15788
56,-85,-43,-15893,-170,-559,1,-15575
33,-103,-73,-15342,-109,-558,1,-14753
-27,-92,-82,-14603,19,-522,1,-15108
-49,-88,-89,-14072,44,-487,1,-14082
-65,-74,-74,-13630,106,-447,1,-13483
-94,-68,-35,-13392,180,-421,1,-13665
-127,-66,20,-13426,234,-394,1,13626
-122,-63,66,-13828,184,-387,1,14143
-55,-50,101,-14589,68,-403,1,14667
-1,-46,105,-15500,-50,-427,0,-15703
61,-47,77,-16253,-203,-459,1,15905
83,-58,30,-16657,-266,-500,1,16797
76,-67,-14,-16613,-247,-526,1,-16928
65,-66,-51,-16214,-202,-510,1,-15953
33,-72,-90,-15561,-102,-494,1,-15741
-25,-76,-108,-14704,12,-463,1,-14487
-75,-94,-101,-14021,88,-454,1,-14122
-105,-96,-61,-13607,153,-446,1,-13323
-123,-95,-20,-13534,184,-449,1,-13714
-123,-78,25,-13781,202,-414,1,13486
-81,-56,62,-14392,134,-400,1,14692
-25,-49,75,-15206,11,-435,1,15036
44,-52,78,-15954,-148,-445,1,16172
53,-47,77,-16353,-170,-441,1,16036
49,-47,60,-16481,-186,-477,1,16677
40,-48,31,-16513,-192,-543,1,16954
44,-72,-28,-16528,-172,-595,1,-16902
47,-91,-73,-16355,-141,-544,1,-15696
27,-85,-100,-15920,-81,-500,1,-16292
-6,-88,-119,-15393,-22,-469,0,15815
-38,-100,-119,-14834,27,-461,1,-14358
-77,-86,-62,-14355,117,-454,1,-14726
-86,-81,17,-14201,159,-444,1,13899
-94,-71,78,-14324,152,-406,1,13992
-73,-58,103,-14745,102,-412,1,14448
-45,-47,102,-15385,71,-418,1,15769
-5,-44,88,-16138,-27,-452,0,-16038
43,-49,67,-16842,-155,-486,1,16621
61,-59,27,-17318,-227,-532,1,16715
79,-75,-17,-17471,-243,-534,1,-18128
63,-81,-51,-17285,-191,-532,1,-16760
43,-78,-72,-16884,-151,-514,1,-17223
11,-81,-86,-16344,-80,-503,0,-15971
-19,-88,-94,-15773,-12,-483,0,15471
-40,-96,-93,-15261,30,-480,1,-14971
-63,-82,-56,-14814,106,-448,1,-14420
-100,-71,1,-14592,198,-431,1,14768
-121,-62,67,-14714,193,-377,1,14533
-76,-47,124,-15266,88,-374,1,14998
-22,-45,127,-15988,12,-410,0,16290
17,-42,91,-16725,-75,-443,0,16581
42,-46,45,-17301,-180,-514,1,16655
55,-61,5,-17612,-220,-554,1,17972
56,-75,-30,-17626,-197,-552,1,-18007
47,-87,-58,-17384,-149,-534,1,-16678
32,-93,-65,-16903,-117,-539,1,-16472
-4,-91,-68,-16287,-17,-534,0,15747
-37,-98,-75,-15737,37,-508,1,-15531
-57,-94,-54,-15299,93,-497,1,-14909
-100,-89,-14,-14970,177,-466,1,-15149
-152,-73,40,-14864,225,-401,1,15242
-137,-53,84,-15168,181,-371,1,14867
-47,-44,103,-15895,38,-408,1,16326
19,-48,83,-16733,-100,-467,0,16512
56,-54,50,-17365,-205,-500,1,17111
69,-59,13,-17678,-252,-522,1,18318
71,-76,-22,-17647,-212,-532,1,-17973
60,-87,-58,-17307,-163,-536,1,-16768
22,-94,-93,-16764,-70,-511,0,-16598
-26,-86,-104,-16123,13,-472,1,-16137
-54,-79,-84,-15597,68,-454,1,-15687
-71,-72,-41,-15211,141,-451,1,-14864
-111,-73,9,-14991,209,-415,1,15341
-143,-54,67,-15020,217,-362,1,15328
-98,-49,104,-15478,123,-390,1,15793
-22,-52,99,-16257,8,-438,0,15994
20,-57,82,-17030,-102,-481,0,17276
69,-63,54,-17587,-218,-502,1,17872
68,-70,12,-17738,-219,-531,1,18319
58,-80,-23,-17512,-191,-562,1,-18057
46,-81,-46,-17031,-150,-553,1,-16492
10,-82,-78,-16362,-58,-526,0,-15818
-55,-84,-108,-15664,67,-465,1,-15538
-85,-90,-108,-15223,91,-437,1,-15101
-87,-75,-56,-15048,147,-440,1,-15308
-114,-66,15,-15055,229,-374,1,15202
-136,-46,102,-15326,185,-347,1,15089
-70,-44,134,-16007,67,-380,1,16213
7,-47,111,-16836,-56,-434,0,16385
42,-53,63,-17474,-157,-495,1,17681
56,-63,21,-17822,-211,-531,1,18253
59,-72,-5,-17823,-214,-556,1,-18204
49,-81,-36,-17507,-175,-573,1,-18098
21,-94,-76,-16956,-84,-541,0,-16502
-32,-90,-96,-16311,29,-493,1,-15966
-70,-91,-86,-15784,88,-470,1,-15460
-87,-89,-51,-15491,135,-470,1,-15856
-94,-88,-9,-15442,170,-460,1,-15666
-117,-84,42,-15570,190,-423,1,15815
-104,-68,88,-16008,146,-394,1,16355
-30,-50,104,-16720,20,-421,1,16568
16,-49,80,-17417,-84,-457,0,17889
47,-42,61,-17866,-189,-457,1,17541
62,-43,42,-18012,-239,-471,1,18270
60,-59,9,-17838,-232,-537,1,18270
41,-83,-32,-17376,-149,-588,1,-16744
3,-100,-73,-16734,-45,-555,0,-17266
-47,-95,-95,-16067,50,-495,1,-16180
-71,-90,-88,-15595,98,-462,1,-15631
-81,-88,-53,-15310,133,-474,1,-15010
-93,-91,-6,-15192,164,-477,1,-14896
-96,-88,50,-15288,160,-448,1,14993
-90,-75,96,-15587,129,-425,1,15803
-75,-56,105,-16066,99,-422,1,16144
-31,-44,82,-16670,33,-448,1,16615
-2,-41,51,-17192,-46,-507,0,-17129
27,-53,24,-17558,-156,-576,1,17925
35,-67,-1,-17634,-160,-594,1,-17998
36,-87,-41,-17480,-126,-579,1,-17954
20,-99,-76,-17138,-83,-555,0,-16567
-7,-102,-104,-16665,-23,-510,0,16629
-100,-60,-12,-15455,214,-404,1,-15692
-131,-69,54,-15477,206,-391,1,15823
-124,-63,99,-15859,157,-393,1,15554
-47,-59,102,-16571,42,-440,1,16726
8,-61,71,-17290,-70,-509,0,16961
38,-64,37,-17780,-169,-560,1,18379
44,-62,9,-17919,-186,-560,1,18291
47,-68,-18,-17786,-183,-554,1,-18329
45,-64,-31,-17340,-179,-540,1,-16670
36,-48,-62,-16581,-114,-469,1,-16725
-59,-77,-118,-15628,81,-448,1,-15590
-125,-98,-98,-14910,146,-436,1,-15204
-146,-110,-42,-14668,175,-440,1,-14470
-124,-93,0,-14840,195,-439,1,14502
-129,-71,26,-15220,217,-404,1,15078
-94,-42,56,-15805,174,-382,1,15392
-47,-30,74,-16574,77,-395,1,16640
12,-28,82,-17377,-84,-414,0,17001
40,-42,53,-18002,-180,-484,1,18230
64,-72,10,-18378,-237,-552,1,17676
59,-90,-24,-18381,-188,-570,1,-17721
28,-94,-73,-18152,-121,-549,1,-17586
28,-131,-123,-17870,-82,-514,1,-18299
-58,-111,-99,-17413,72,-468,1,-17834
-95,-84,-25,-17183,166,-447,1,-16913
-62,-86,29,-17320,127,-495,1,16960
-77,-68,75,-17553,156,-418,1,17898
-75,-54,103,-18017,112,-404,1,18328
-3,-41,107,-18756,-30,-418,0,-18621
47,-44,74,-19464,-153,-460,1,19737
65,-50,30,-19902,-247,-499,1,19668
80,-65,-9,-20016,-262,-513,1,-19762
72,-76,-32,-19759,-222,-522,1,-20454
63,-73,-39,-19208,-200,-516,1,-18834
37,-75,-59,-18416,-116,-526,1,-17864
-37,-87,-78,-17524,52,-509,1,-17800
-108,-102,-94,-16912,126,-463,1,-17392
-127,-104,-71,-16645,154,-450,1,-16388
-113,-97,-19,-16767,166,-449,1,-16410
-87,-71,41,-17196,161,-435,1,16898
-45,-60,77,-17812,69,-439,1,17465
-3,-52,90,-18486,-22,-443,0,-18932
43,-46,79,-19109,-153,-446,1,19403
78,-54,47,-19452,-245,-470,1,19085
70,-64,16,-19369,-240,-516,1,18734
52,-76,-10,-18944,-182,-561,1,-19216
18,-81,-34,-18282,-92,-600,0,-17669
-28,-81,-59,-17542,29,-536,1,-18174
-91,-106,-51,-16522,133,-477,1,-16851
-93,-102,2,-16708,157,-477,1,16442
-79,-85,69,-17093,134,-444,1,17317
-61,-53,115,-17679,82,-400,1,17579
-35,-37,102,-18247,36,-410,1,18072
-15,-37,61,-18776,-15,-469,0,-18585
34,-42,30,-19175,-194,-515,1,18483
32,-63,-1,-19327,-167,-606,1,-18841
47,-83,-32,-19287,-174,-574,1,-18856
37,-103,-69,-19041,-109,-560,1,-18472
22,-113,-97,-18725,-74,-530,0,-19321
9,-110,-99,-18352,-44,-510,0,-18046
-33,-98,-76,-17815,53,-481,1,-17483
-89,-88,-26,-17306,168,-455,1,-17123
-125,-66,51,-17036,216,-397,1,17362
-145,-46,100,-17205,187,-365,1,16953
-63,-35,107,-17771,66,-387,1,17630
3,-38,80,-18458,-54,-443,0,18914
37,-50,40,-19004,-178,-528,1,18618
56,-66,8,-19260,-223,-566,1,18850
51,-81,-22,-19225,-170,-576,1,-18940
35,-103,-58,-18975,-115,-574,1,-18479
22,-103,-78,-18572,-85,-546,0,-19138
-11,-95,-89,-18097,-8,-513,0,17593
-55,-79,-74,-17639,91,-474,1,-17751
-84,-85,-38,-17403,156,-471,1,-17042
-96,-104,-6,-17384,158,-481,1,-17064
-96,-90,44,-17534,169,-452,1,17726
-91,-69,84,-17907,137,-414,1,17583
-34,-51,97,-18510,32,-427,1,18870
30,-44,79,-19172,-123,-450,1,19233
58,-53,52,-19547,-207,-487,1,19787
59,-66,27,-19519,-211,-536,1,20121
26,-85,1,-19141,-130,-656,1,18566
-1,-101,-24,-18640,-58,-657,0,18967
-12,-98,-59,-18121,-20,-579,0,17611
-57,-96,-104,-17663,56,-486,1,-17697
-66,-90,-103,-17385,77,-460,1,-16916
-59,-90,-72,-17325,97,-472,1,-16958
-77,-81,-15,-17353,160,-485,1,-17054
-114,-76,44,-17481,212,-400,1,17670
-128,-50,94,-17852,162,-372,1,17529
-21,-48,98,-18615,-6,-430,0,-18758
24,-55,70,-19338,-109,-488,0,19048
63,-59,38,-19846,-230,-505,1,19640
71,-69,5,-20006,-244,-528,1,19676
65,-79,-25,-19773,-206,-544,1,-20475
40,-83,-49,-19245,-134,-554,1,-18890
1,-81,-75,-18497,-27,-524,0,-19017
-85,-83,-40,-17129,150,-465,1,-17293
-117,-73,19,-17120,216,-412,1,17328
-128,-58,75,-17401,189,-383,1,16949
-52,-52,106,-18094,53,-414,1,18284
8,-52,90,-18888,-54,-461,0,18525
35,-52,53,-19491,-152,-510,1,19822
48,-60,19,-19802,-199,-553,1,20396
46,-72,-18,-19748,-173,-569,1,-20429
42,-98,-62,-19425,-136,-561,1,-18723
30,-98,-81,-18883,-99,-532,1,-19360
-35,-93,-99,-18193,26,-491,1,-18176
-56,-77,-94,-17610,73,-447,1,-17692
-99,-66,-60,-17213,188,-415,1,-16902
-132,-72,-7,-17061,240,-407,1,-17156
-150,-70,38,-17252,233,-392,1,17144
-95,-62,64,-17866,154,-421,1,17623
-29,-58,72,-18685,33,-470,1,18790
17,-60,67,-19486,-97,-500,0,19941
54,-66,44,-20086,-189,-516,1,19602
74,-76,11,-20330,-240,-536,1,19864
62,-75,-27,-20199,-210,-547,1,-19577
41,-75,-75,-19915,-140,-520,1,-20333
19,-93,-124,-19510,-66,-483,0,-19873
-26,-85,-120,-18988,13,-452,1,-19421
-50,-87,-89,-18531,65,-467,1,-18894
-85,-80,-35,-18150,173,-434,1,-18372
-125,-80,27,-17993,208,-427,1,18201
-132,-68,69,-18183,188,-391,1,18106
-64,-58,86,-18782,86,-427,1,18674
-12,-57,83,-19510,-18,-466,0,-19864
38,-56,72,-20159,-144,-479,1,20405
68,-55,39,-20573,-231,-493,1,20736
61,-69,-14,-20680,-236,-565,1,-21104
55,-73,-55,-20541,-178,-530,1,-21207
42,-84,-86,-20225,-120,-503,1,-20143
14,-79,-99,-19715,-60,-481,0,-19706
-18,-82,-106,-19196,4,-462,0,-19226
-53,-82,-85,-18731,81,-454,1,-18573
-91,-90,-36,-18408,161,-458,1,-18093
-126,-89,27,-18355,199,-429,1,18148
-106,-79,71,-18695,162,-429,1,18539
-62,-65,77,-19313,102,-452,1,19174
-4,-59,63,-20048,-24,-500,0,-20400
34,-57,47,-20703,-152,-518,1,21114
64,-63,30,-21127,-216,-506,1,21451
60,-63,6,-21234,-229,-539,1,20488
64,-77,-36,-21116,-206,-543,1,-20613
62,-84,-70,-20743,-173,-518,1,-21381
29,-82,-107,-20157,-87,-486,1,-20267
-12,-78,-128,-19508,-6,-442,0,19892
-72,-71,-101,-18849,109,-412,1,-18481
-115,-76,-35,-18386,206,-414,1,-18075
-146,-84,23,-18245,228,-405,1,18146
-130,-70,56,-18512,195,-412,1,18920
-58,-57,72,-19192,84,-431,1,19271
6,-54,66,-19980,-58,-485,0,20389
47,-58,45,-20626,-180,-504,1,20973
85,-65,19,-20997,-261,-496,1,21226
85,-69,-16,-20906,-249,-505,1,-20661
70,-65,-44,-20439,-210,-501,1,-20190
36,-74,-78,-19744,-119,-508,1,-19634
-9,-81,-99,-18929,-5,-484,0,18479
-88,-86,-97,-18142,114,-450,1,-18192
-117,-92,-65,-17639,168,-436,1,-17810
-149,-89,-14,-17453,216,-426,1,-17824
-150,-76,35,-17652,219,-398,1,17755
-99,-58,60,-18268,161,-413,1,17922
-27,-53,62,-19093,32,-476,1,19324
16,-50,55,-19864,-96,-497,0,19500
50,-46,35,-20417,-226,-493,1,20210
73,-55,2,-20630,-265,-499,1,20497
73,-63,-24,-20452,-232,-498,1,-20119
61,-63,-46,-19915,-184,-506,1,-19626
4,-88,-75,-19164,-44,-534,0,-18687
-59,-101,-90,-18428,59,-502,1,-17970
-107,-110,-91,-17936,107,-467,1,-18409
-134,-105,-46,-17745,178,-437,1,-17558
-146,-82,23,-17906,217,-403,1,17518
-103,-60,70,-18427,165,-412,1,18140
-52,-47,75,-19172,95,-425,1,19265
6,-43,65,-19946,-59,-465,0,19564
50,-48,46,-20561,-200,-481,1,20807
74,-58,18,-20838,-250,-497,1,20494
68,-71,-12,-20713,-216,-540,1,-21039
52,-87,-46,-20281,-148,-552,1,-19905
32,-93,-69,-19643,-90,-542,1,-20166
-27,-84,-81,-18873,34,-504,1,-18552
-71,-86,-82,-18238,98,-464,1,-18130
-105,-82,-51,-17782,171,-436,1,-17510
-144,-71,6,-17571,237,-391,1,17669
-146,-58,59,-17719,208,-369,1,17414
-99,-54,72,-18222,155,-409,1,17970
-43,-52,65,-18954,54,-463,1,19370
32,-55,53,-19684,-151,-512,1,19882
57,-66,28,-20106,-211,-536,1,19499
61,-72,0,-20128,-207,-543,1,19510
49,-80,-32,-19810,-163,-567,1,-20376
27,-83,-56,-19205,-110,-560,1,-18748
-8,-66,-68,-18390,-18,-505,0,17979
-85,-59,-81,-17509,126,-425,1,-17808
-144,-69,-64,-16948,199,-406,1,-17303
-163,-75,-14,-16803,240,-393,1,-16445
-157,-68,33,-17109,240,-386,1,17240
-118,-50,58,-17768,205,-387,1,17493
-67,-38,54,-18699,137,-407,1,18503
1,-37,59,-19707,-52,-460,0,19742
45,-50,53,-20562,-190,-486,1,20771
96,-66,25,-21034,-282,-491,1,21217
92,-86,-23,-20945,-230,-525,1,-21286
54,-85,-49,-20375,-158,-540,1,-19778
12,-71,-62,-19521,-76,-525,0,-20083
-40,-72,-92,-18573,36,-459,1,-18779
-109,-51,-93,-17817,163,-389,1,-17599
-127,-70,-43,-17493,206,-413,1,-17685
-171,-68,30,-17517,253,-388,1,17894
-149,-64,71,-17906,206,-394,1,17497
-100,-55,66,-18639,170,-413,1,18924
-48,-48,69,-19588,67,-446,1,19771
30,-53,62,-20564,-167,-502,1,20759
80,-61,26,-21177,-266,-503,1,21042
73,-73,-20,-21277,-231,-537,1,-20980
59,-78,-52,-21003,-182,-531,1,-20716
31,-77,-77,-20520,-113,-516,1,-21065
0,-72,-106,-19919,-38,-467,0,-19478
-50,-81,-128,-19314,45,-427,1,-19180
-92,-71,-88,-18770,136,-394,1,-18458
-117,-64,-14,-18418,229,-374,1,-17957
-167,-44,72,-18436,237,-328,1,18799
-125,-40,115,-18980,139,-354,1,19426
-37,-37,104,-19834,34,-404,1,19619
4,-45,69,-20654,-54,-474,0,20782
51,-47,44,-21314,-210,-499,1,21072
70,-60,8,-21624,-254,-527,1,22258
73,-77,-32,-21575,-212,-541,1,-22161
54,-99,-80,-21225,-137,-535,1,-20591
27,-87,-93,-20647,-80,-497,1,-20748
-25,-77,-104,-19980,10,-459,1,-20476
-53,-71,-86,-19375,72,-433,1,-19059
-107,-62,-29,-18934,206,-398,1,-18687
-141,-65,38,-18862,220,-395,1,18450
-143,-63,87,-19226,182,-392,1,19148
-70,-50,99,-20024,89,-412,1,20449
8,-54,82,-21006,-60,-470,0,21390
56,-55,54,-21821,-190,-486,1,21599
81,-58,19,-22319,-267,-499,1,22446
74,-65,-13,-22381,-246,-522,1,-21910
62,-67,-37,-22126,-203,-526,1,-21746
36,-70,-69,-21719,-116,-521,1,-22156
7,-103,-115,-21204,-50,-500,0,-21249
-24,-87,-117,-20518,14,-452,0,-20960
-60,-87,-93,-19885,79,-440,1,-19559
-86,-77,-36,-19445,176,-437,1,-19146
-142,-80,19,-19290,248,-401,1,19171
-162,-68,67,-19556,226,-374,1,19798
-94,-52,93,-20388,126,-388,1,20078
-3,-41,94,-21399,-37,-425,0,-21101
44,-34,72,-22222,-170,-435,1,22416
71,-39,36,-22675,-277,-461,1,22540
70,-48,5,-22654,-272,-489,1,22773
75,-67,-47,-22362,-239,-514,1,-21907
39,-73,-100,-21831,-125,-488,1,-21715
-3,-85,-145,-21178,-50,-450,0,21389
-51,-84,-139,-20494,39,-412,1,-20826
-112,-79,-69,-19950,169,-398,1,-19632
-163,-76,15,-19781,255,-374,1,19499
-145,-69,68,-20063,213,-379,1,20322
-74,-49,94,-20761,117,-402,1,20696
-17,-43,84,-21637,18,-430,0,21847
37,-50,72,-22438,-147,-472,1,22207
66,-57,58,-22974,-215,-488,1,22735
77,-72,23,-23248,-234,-519,1,22590
82,-65,-11,-23198,-268,-515,1,-22928
60,-52,-68,-22868,-186,-470,1,-22641
30,-55,-138,-22271,-86,-430,1,-22437
-19,-67,-156,-21514,-2,-404,0,21842
-40,-79,-106,-20895,42,-439,1,-20482
-106,-73,-35,-20324,222,-410,1,-20005
-189,-81,12,-20064,275,-373,1,20187
-167,-61,55,-20365,234,-366,1,20133
-63,-48,87,-21223,95,-404,1,21359
4,-51,80,-22172,-46,-460,0,22297
47,-53,53,-23021,-210,-493,1,22780
106,-65,27,-23498,-291,-482,1,23352
52,-64,-10,-23482,-221,-561,1,-22869
60,-59,-48,-23271,-218,-508,1,-23535
17,-57,-98,-22889,-88,-459,0,-22720
11,-63,-122,-22428,-69,-435,0,-22052
-21,-77,-118,-21909,-4,-438,0,21517
-39,-86,-89,-21420,44,-470,1,-21115
-84,-83,-35,-20987,158,-467,1,-20631
-134,-97,21,-20789,224,-409,1,20671
-139,-83,74,-20902,197,-405,1,20581
-69,-73,91,-21405,91,-449,1,21075
-4,-66,71,-22048,-20,-506,0,-22515
14,-60,46,-22582,-82,-546,0,23132
45,-60,23,-23005,-204,-554,1,23356
21,-60,-68,-22709,-97,-518,0,-23231
5,-78,-124,-22267,-54,-462,0,-22324
-36,-74,-133,-21718,20,-429,1,-21889
-45,-83,-107,-21238,48,-436,1,-21346
-96,-80,-56,-20805,161,-443,1,-20604
-140,-91,-2,-20567,227,-417,1,-20935
-152,-84,60,-20831,218,-394,1,20726
-81,-75,76,-21543,127,-452,1,21967
-19,-62,58,-22359,11,-511,0,22196
29,-59,33,-23081,-152,-552,1,22685
55,-55,18,-23502,-246,-515,1,22826
49,-59,-6,-23563,-224,-546,1,-24314
49,-58,-30,-23306,-219,-524,1,-22991
5,-60,-61,-22787,-83,-522,0,-23386
-16,-72,-80,-22200,-24,-494,0,22344
-51,-85,-77,-21589,60,-486,1,-21925
-83,-100,-97,-21124,106,-459,1,-21362
-114,-101,-77,-20843,170,-435,1,-20521
-148,-107,-31,-20866,207,-424,1,-20494
-139,-79,51,-21276,208,-410,1,21158
-89,-56,93,-22057,131,-396,1,22289
-11,-45,85,-22953,-7,-437,0,-22636
24,-41,60,-23699,-124,-469,0,23859
46,-43,34,-24156,-222,-495,1,24397
56,-45,14,-24316,-266,-505,1,24083
54,-60,-21,-24223,-226,-542,1,-23673
43,-78,-66,-23963,-142,-526,1,-24383
29,-103,-110,-23565,-97,-506,1,-23937
-35,-97,-126,-22956,27,-464,1,-22596
-79,-109,-111,-22462,84,-451,1,-22117
-100,-96,-45,-22187,156,-463,1,-22508
-127,-84,16,-22185,216,-416,1,22481
-98,-63,59,-22534,174,-408,1,22875
-39,-49,74,-23175,71,-427,1,23348
20,-46,77,-23875,-89,-444,0,23767
56,-49,69,-24426,-194,-456,1,24097
78,-55,46,-24633,-242,-475,1,24902
60,-67,10,-24491,-211,-549,1,23851
52,-79,-30,-24155,-171,-557,1,-23737
30,-80,-80,-23650,-90,-526,1,-24105
-26,-102,-133,-23072,13,-482,1,-23305
-80,-105,-112,-22577,88,-464,1,-23021
-108,-94,-38,-22327,178,-433,1,-22053
-122,-78,25,-22409,203,-417,1,22221
-106,-65,57,-22782,167,-420,1,23018
-22,-49,79,-23484,-6,-434,0,-23144
56,-53,75,-24171,-181,-451,1,24408
78,-61,49,-24522,-237,-480,1,24250
75,-66,17,-24489,-243,-519,1,23876
52,-70,-20,-24192,-180,-558,1,-23681
29,-99,-70,-23820,-92,-571,1,-24404
11,-93,-105,-23389,-52,-505,0,-23211
-30,-86,-121,-22814,25,-455,1,-22770
-69,-80,-86,-22291,97,-449,1,-22255
-79,-82,-23,-21988,157,-464,1,-21692
-126,-83,36,-21897,199,-433,1,21751
-123,-79,70,-22157,166,-427,1,22513
-47,-61,83,-22827,52,-451,1,22686
13,-57,67,-23544,-79,-497,0,23101
49,-53,38,-24121,-209,-509,1,24372
77,-56,7,-24395,-272,-498,1,24522
61,-67,-22,-24306,-207,-531,1,-23621
42,-72,-57,-24020,-147,-542,1,-24331
29,-102,-110,-23682,-89,-511,1,-23858
-14,-87,-125,-23100,0,-459,0,-23509
-83,-92,-104,-22487,106,-434,1,-22113
-94,-87,-30,-22137,163,-446,1,-22388
-119,-81,38,-22067,197,-418,1,22357
-109,-73,70,-22316,163,-426,1,22080
-49,-56,76,-22899,76,-441,1,22734
12,-47,67,-23585,-72,-472,0,24019
43,-57,42,-24144,-187,-523,1,23749
44,-83,-35,-24156,-149,-567,1,-23719
34,-88,-68,-23786,-120,-541,1,-24248
-5,-84,-97,-23241,-20,-497,0,23326
-61,-99,-109,-22658,77,-469,1,-22826
-99,-100,-68,-22216,147,-442,1,-22445
-114,-85,8,-22062,205,-433,1,22398
-123,-82,60,-22197,182,-431,1,22456
-80,-68,75,-22680,122,-440,1,22814
3,-61,70,-23363,-55,-496,0,23264
41,-61,46,-23901,-151,-517,1,24566
62,-65,17,-24120,-218,-529,1,23698
46,-67,-4,-23955,-181,-570,1,-24436
20,-77,-30,-23553,-107,-612,0,-24143
-4,-94,-65,-23077,-45,-567,0,22562
-39,-103,-99,-22681,21,-509,1,-22865
-56,-102,-110,-22394,53,-474,1,-22186
-62,-97,-83,-22250,81,-467,1,-22375
-73,-81,-27,-22211,147,-484,1,-22452
-112,-83,27,-22303,199,-434,1,22093
-111,-72,65,-22674,173,-419,1,23029
-50,-62,74,-23342,64,-456,1,23279
24,-58,60,-24070,-117,-499,0,24476
56,-58,39,-24526,-211,-501,1,24270
69,-60,10,-24596,-254,-506,1,24928
52,-75,-17,-24262,-197,-551,1,-23627
26,-82,-21,-23588,-124,-598,1,-24146
-33,-87,-30,-22820,41,-582,1,-23336
-69,-98,-59,-22304,97,-518,1,-21864
-98,-102,-64,-22076,140,-481,1,-22384
-92,-99,-28,-22177,155,-487,1,-22525
-97,-99,13,-22490,170,-481,1,22175
-97,-82,52,-22978,174,-446,1,22740
-63,-58,75,-23750,105,-439,1,23893
13,-53,79,-24663,-75,-464,0,24999
56,-49,53,-25436,-202,-470,1,25209
84,-57,17,-25846,-274,-483,1,25720
68,-52,-2,-25823,-267,-498,1,-25681
61,-69,-29,-25532,-211,-528,1,-24833
30,-83,-53,-25002,-116,-557,1,-25486
-1,-98,-84,-24343,-31,-530,0,23849
-46,-109,-108,-23620,44,-489,1,-23983
-100,-93,-81,-22901,142,-432,1,-22586
-117,-80,-17,-22585,205,-415,1,-22852
-115,-73,38,-22796,198,-411,1,22600
-70,-62,73,-23427,113,-427,1,23147
-6,-55,96,-24282,-23,-441,0,-24359
38,-52,86,-25049,-126,-459,1,24623
60,-50,53,-25550,-210,-482,1,25286
73,-52,23,-25690,-263,-493,1,25821
60,-59,-7,-25450,-234,-532,1,-24977
-60,-80,-113,-23407,67,-451,1,-23273
-93,-97,-91,-22889,119,-448,1,-22726
-122,-100,-34,-22714,189,-446,1,-22914
-122,-102,15,-22848,197,-449,1,22570
-126,-86,68,-23265,182,-421,1,23453
-61,-65,101,-24000,74,-435,1,23645
-13,-52,80,-24830,-10,-469,0,-24910
37,-45,44,-25571,-202,-502,1,25336
73,-51,3,-26021,-288,-496,1,25903
80,-58,-42,-26072,-247,-477,1,-25791
63,-69,-78,-25805,-176,-483,1,-26037
33,-73,-92,-25295,-106,-476,1,-25422
0,-78,-92,-24710,-37,-476,0,-24943
-26,-84,-86,-24120,30,-474,1,-24557
-75,-93,-54,-23577,121,-482,1,-23969
-133,-94,-3,-23232,215,-428,1,-23324
-154,-79,54,-23282,222,-392,1,23370
-96,-64,75,-23852,149,-417,1,23606
-16,-56,74,-24642,8,-466,0,25064
18,-49,70,-25409,-102,-473,0,25243
80,-49,58,-25969,-263,-457,1,26087
92,-54,20,-26122,-291,-488,1,26290
53,-66,-57,-25919,-177,-515,1,-26564
31,-68,-111,-25531,-98,-469,1,-25151
-15,-80,-132,-25037,-25,-444,0,24751
-23,-86,-100,-24537,16,-455,0,-24109
-72,-89,-41,-24067,137,-475,1,-24422
-115,-89,15,-23714,223,-435,1,24042
-161,-95,54,-23721,224,-410,1,23834
-102,-68,90,-24270,143,-417,1,24477
0,-58,82,-25154,-44,-474,0,25562
49,-57,52,-25921,-182,-496,1,25636
65,-52,26,-26323,-250,-484,1,26531
74,-46,7,-26312,-298,-474,1,26196
43,-53,-20,-25949,-218,-540,1,-26514
26,-63,-67,-25421,-138,-511,1,-25183
-36,-88,-124,-24727,33,-467,1,-24938
-101,-111,-127,-24198,96,-441,1,-24363
-75,-108,-72,-23992,107,-484,1,-23643
-110,-91,-12,-23980,205,-438,1,-23789
-101,-83,58,-24249,173,-428,1,24497
-85,-72,115,-24820,112,-414,1,24957
-27,-65,110,-25609,7,-451,1,26106
19,-62,74,-26342,-89,-495,0,26421
31,-60,38,-26828,-162,-549,1,27215
49,-47,11,-27064,-261,-519,1,27298
56,-46,-20,-27056,-255,-488,1,-26804
43,-50,-49,-26748,-201,-480,1,-26950
36,-47,-63,-26169,-156,-451,1,-26455
2,-72,-70,-25436,-48,-498,0,-25224
-54,-122,-73,-24688,82,-529,1,-25131
-124,-148,-51,-24121,150,-497,1,-24456
-124,-138,-9,-23998,151,-502,1,-23591
-110,-112,30,-24224,163,-480,1,24572
-83,-93,57,-24689,130,-481,1,24870
-53,-75,65,-25288,83,-489,1,25408
-13,-62,59,-25904,-7,-510,0,-25821
18,-53,47,-26436,-110,-520,0,25890
38,-49,23,-26790,-199,-531,1,27251
54,-45,0,-26919,-260,-501,1,27080
57,-61,-31,-26794,-215,-513,1,-27240
43,-87,-60,-26433,-137,-530,1,-26013
20,-99,-72,-25957,-69,-536,0,-26373
-26,-99,-79,-25455,25,-520,1,-24903
-58,-104,-63,-25060,94,-505,1,-24615
-103,-100,-16,-24810,175,-468,1,-24989
-115,-89,51,-24896,169,-431,1,24610
-78,-67,99,-25321,94,-418,1,25464
-10,-60,105,-25929,-18,-448,0,-25792
27,-55,80,-26503,-113,-479,1,26198
60,-53,38,-26854,-223,-504,1,27105
59,-57,-2,-26874,-226,-523,1,-27156
45,-68,-36,-26600,-168,-548,1,-25902
16,-72,-58,-26118,-80,-543,0,-25657
-19,-90,-83,-25565,7,-520,0,-25032
-54,-104,-90,-25100,66,-497,1,-25522
-71,-123,-65,-24788,95,-507,1,-24842
-109,-121,-15,-24675,163,-481,1,-24889
-100,-93,39,-24864,159,-470,1,24654
-77,-66,57,-25315,153,-444,1,25591
-39,-39,72,-25954,71,-418,1,25804
19,-42,75,-26712,-97,-444,0,27135
61,-39,78,-27251,-179,-424,1,27441
61,-50,55,-27459,-198,-472,1,27240
59,-64,18,-27355,-219,-548,1,26678
48,-79,-31,-26980,-165,-584,1,-27620
15,-88,-97,-26461,-73,-526,0,-25892
-18,-92,-152,-25905,-4,-461,0,25632
-58,-96,-142,-25380,59,-431,1,-25183
-73,-97,-87,-25063,96,-453,1,-24640
-93,-85,-14,-24932,186,-455,1,-24602
-122,-84,36,-24995,210,-425,1,24789
-124,-72,71,-25390,174,-407,1,25197
-17,-59,85,-26159,-15,-457,0,-26518
28,-66,60,-26854,-120,-513,1,27376
57,-65,27,-27235,-222,-524,1,26837
57,-57,2,-27242,-242,-525,1,26772
52,-67,-40,-27002,-192,-536,1,-27524
36,-85,-82,-26643,-116,-523,1,-27210
4,-87,-105,-26191,-34,-494,0,-26555
-39,-104,-119,-25743,33,-478,1,-25927
-71,-99,-82,-25414,102,-460,1,-25247
-99,-94,-10,-25332,178,-457,1,-25533
-111,-82,54,-25547,182,-423,1,25296
-70,-65,91,-26091,103,-423,1,25718
-7,-50,84,-26806,-13,-447,0,-26983
30,-48,62,-27469,-133,-477,1,27160
77,-50,44,-27905,-259,-461,1,28061
75,-58,19,-27972,-259,-497,1,28115
59,-74,-15,-27713,-210,-553,1,-28359
29,-87,-46,-27256,-118,-571,1,-26718
2,-103,-73,-26780,-55,-562,0,-27315
-33,-108,-104,-26352,17,-509,1,-26414
-71,-109,-110,-26069,80,-466,1,-25618
-76,-90,-58,-25998,123,-470,1,-25612
-75,-78,8,-26155,166,-462,1,26445
-67,-58,74,-26468,136,-406,1,26188
-47,-50,117,-26967,59,-386,1,26757
17,-46,112,-27649,-77,-421,0,28070
73,-51,75,-28223,-209,-455,1,28443
78,-60,32,-28439,-241,-490,1,28249
64,-76,-5,-28268,-214,-559,1,-27805
39,-96,-29,-27861,-141,-607,1,-28258
15,-99,-63,-27362,-74,-578,0,-26809
-4,-96,-107,-26840,-31,-509,0,26881
-24,-88,-118,-26363,5,-459,0,-26371
-56,-78,-88,-25913,78,-449,1,-25753
-105,-63,-25,-25584,216,-395,1,-25329
-119,-60,42,-25620,219,-388,1,25903
-92,-52,89,-26163,145,-387,1,26387
-14,-49,114,-27109,-8,-418,0,-26640
53,-49,93,-28112,-172,-453,1,27899
86,-49,48,-28803,-263,-463,1,28703
78,-48,14,-29119,-290,-484,1,28944
76,-64,-32,-28940,-255,-511,1,-28773
61,-76,-72,-28449,-183,-506,1,-28254
19,-84,-103,-27739,-83,-493,0,-28097
-29,-84,-120,-26903,10,-455,1,-26850
-80,-89,-110,-26187,84,-426,1,-26575
-95,-80,-56,-25763,135,-420,1,-26020
-105,-64,36,-25674,195,-392,1,25981
-118,-66,101,-25954,158,-384,1,25810
-64,-55,109,-26592,91,-407,1,26229
-11,-49,85,-27415,-4,-454,0,-27326
50,-47,62,-28178,-178,-462,1,28492
78,-48,38,-28560,-267,-471,1,28439
67,-61,0,-28496,-244,-530,1,28113
51,-77,-45,-28165,-160,-545,1,-27884
23,-98,-87,-27623,-86,-538,0,-27017
2,-93,-99,-26954,-48,-497,0,-26793
-35,-74,-81,-26234,56,-460,1,-26547
-117,-66,-61,-25631,197,-402,1,-25921
-117,-78,-25,-25380,196,-423,1,-25188
-130,-79,17,-25513,215,-413,1,25150
-109,-63,65,-25988,172,-405,1,25771
-45,-59,92,-26771,54,-436,1,26974
10,-55,91,-27580,-59,-457,0,27180
45,-57,66,-28213,-171,-492,1,28449
69,-56,34,-28489,-245,-501,1,28187
59,-59,0,-28375,-236,-538,1,27686
37,-71,-47,-28012,-138,-551,1,-28555
3,-90,-99,-27566,-53,-519,0,-27046
-38,-91,-128,-27065,32,-466,1,-26699
-59,-96,-119,-26687,57,-454,1,-27091
-57,-84,-67,-26455,98,-457,1,-26327
-85,-80,-2,-26360,185,-452,1,-26517
-106,-79,70,-26412,176,-418,1,26200
-103,-74,90,-26748,158,-416,1,26892
-56,-60,77,-27357,90,-452,1,27399
3,-52,69,-28086,-56,-482,0,27668
