-38,95,7,-19,-1,0,0,-110
-38,95,6,-16,-1,1,0,-113
-38,95,7,-9,-1,1,0,-119
-39,95,7,0,0,0,0,-125
-38,95,7,5,-1,0,0,122
-38,95,7,9,-1,1,0,119
-38,95,6,12,-1,1,0,115
-38,95,7,15,0,1,0,-114
-38,95,7,14,-1,1,0,112
-37,95,7,11,-3,2,0,117
-38,95,6,11,-1,1,0,116
-38,95,6,10,-1,1,0,117
-37,95,6,6,-3,3,0,120
-37,95,6,3,-2,3,0,126
-37,95,6,1,-2,2,0,125
-37,95,6,0,-1,2,0,125
-37,95,7,0,-1,2,0,124
-37,95,6,0,-2,3,0,125
-37,95,6,6,-3,4,0,127
-39,95,7,14,0,0,0,-115
-52,95,17,-5,29,-31,0,-121
-93,93,44,-194,106,-111,0,-235
-234,113,20,-690,230,-179,1,-619
-257,135,-28,-1782,151,-155,1,1895
-209,154,-46,-3015,102,-104,1,2979
-198,147,-63,-4248,91,-89,1,4351
-134,137,-60,-5457,34,-59,1,5500
-80,101,-51,-6665,9,-43,0,6705
-24,67,-30,-7924,-59,7,0,7813
3,41,-8,-9147,-144,73,0,-9044
13,23,13,-10137,-220,-37,0,-10099
21,6,34,-10791,-228,-210,0,-10792
30,2,53,-11185,-216,-237,1,-11170
49,5,63,-11355,-243,-246,1,-11350
61,10,51,-11276,-283,-239,1,-11769
65,16,20,-10896,-340,-228,1,-11130
39,19,-3,-10187,-313,-173,1,9835
-3,28,-14,-9085,-48,-20,0,-9042
-45,50,-8,-7867,88,-58,1,7873
-85,87,5,-6649,122,-59,1,-6590
-143,122,8,-5456,155,-92,1,-5489
-195,146,10,-4238,185,-110,1,-4097
-189,149,2,-3034,163,-113,1,-2851
-187,123,-6,-2028,186,-130,1,1815
-141,102,8,-1261,156,-110,0,-1278
-123,123,45,-813,113,-95,1,-813
-139,79,10,-828,196,-173,1,-928
-105,72,4,-946,144,-139,1,-909
-113,93,43,-987,82,-115,0,-1023
-109,124,88,-991,16,-114,1,-1013
-110,151,108,-1086,4,-122,1,-1238
-105,184,104,-1206,-3,-97,1,1132
-109,203,92,-1371,-14,-111,1,1473
-96,208,72,-1525,-36,-100,1,1392
-73,198,54,-1619,-35,-56,1,1788
-75,178,42,-1625,-33,-84,1,1786
-62,145,33,-1585,-36,-85,1,1737
-40,104,9,-1558,-30,-68,0,1551
-34,46,-27,-1552,18,-154,1,1682
-25,0,-57,-1523,-18,-334,1,-1166
-23,-32,-82,-1462,-41,-378,0,1214
-27,-53,-92,-1431,-38,-396,1,1102
-21,-50,-92,-1515,-41,-374,0,1227
-12,-38,-84,-1715,-43,-339,0,1973
-14,-9,-62,-1929,-9,-255,0,1860
-24,29,-35,-2110,70,-68,0,2066
-67,74,-3,-2199,118,-29,1,2293
-99,110,30,-2180,126,-10,1,-2278
-95,141,58,-2046,94,8,1,1857
-128,156,68,-1781,96,-33,1,-1553
-142,180,93,-1342,90,-10,1,-1290
-136,172,121,-912,61,-27,1,-1018
-115,170,112,-470,43,-47,1,-380
-109,151,95,-134,48,-43,1,-57
-77,133,68,92,25,-43,1,225
-83,113,66,165,65,-84,1,213
-75,85,23,127,79,-81,1,107
-107,83,13,99,116,-116,1,83
-195,88,12,-47,154,-171,1,-140
-242,99,-13,-638,148,-179,0,711
-252,134,-45,-1746,104,-151,1,1661
-216,152,-60,-2979,65,-115,1,3046
-155,148,-57,-4188,47,-90,1,4120
-82,113,-40,-5421,-12,-54,1,-5399
-30,79,-11,-6654,-40,7,1,6534
8,50,10,-7886,-149,31,0,7796
9,23,9,-8878,-194,-30,0,-8805
25,0,17,-9558,-331,-267,1,-9503
35,-4,39,-9942,-271,-277,1,9931
51,-10,49,-10055,-279,-298,1,10097
52,-9,37,-9869,-298,-297,1,9879
49,11,22,-9366,-333,-219,1,-9517
53,20,-1,-8695,-341,-184,1,8247
27,46,-11,-7707,-177,-38,1,7859
-45,72,-24,-6489,97,-57,1,6513
-105,88,-31,-5271,151,-105,1,5188
-149,146,-13,-4078,122,-79,1,4048
-167,174,-9,-2860,156,-78,1,3065
-210,169,-21,-1667,161,-124,1,1591
-182,127,-18,-755,176,-145,1,522
-178,96,-17,-73,201,-157,0,222
-144,85,-7,252,165,-145,1,-23
-112,79,1,298,130,-131,1,264
-71,73,19,234,83,-95,1,248
-70,86,26,207,62,-76,1,176
-70,108,46,213,33,-69,0,181
-103,112,69,162,77,-117,1,203
-133,146,102,20,38,-128,1,62
-121,179,114,-218,11,-109,1,-5
-137,207,108,-521,13,-127,1,-596
-68,224,27,-1397,-95,-54,1,1444
-30,146,-21,-1242,-87,-37,1,-1076
-60,75,-29,-1050,46,-148,1,1227
-56,23,-51,-940,52,-266,1,647
-42,-15,-67,-898,6,-355,1,-644
-37,-39,-74,-1049,-9,-384,1,1319
1,-55,-59,-1398,-108,-436,0,-1187
0,-51,-44,-1726,-78,-449,0,-1836
-5,-39,-33,-2013,-53,-445,0,1620
0,-18,-23,-2327,-54,-385,0,-2215
-23,12,-12,-2617,166,-119,0,2811
-31,44,2,-2970,120,9,1,3035
-58,65,11,-3271,123,-30,1,-3281
-75,95,38,-3364,122,-3,0,-3435
-96,129,56,-3192,111,0,1,3325
-136,168,88,-2808,100,-12,1,-2797
-136,189,118,-2425,72,-24,1,-2409
-133,176,103,-1979,62,-53,1,-2017
-119,141,57,-1622,107,-42,1,-1751
-111,130,63,-1396,76,-41,1,-1480
-45,154,129,-1367,4,-85,1,-1331
-99,99,37,-1464,109,-117,0,-1417
-90,80,-4,-1502,88,-114,1,1533
-92,83,4,-1587,83,-94,1,-1588
-137,84,30,-1814,132,-137,1,-2009
-191,91,37,-2302,148,-166,0,-2063
-203,106,23,-3044,118,-164,0,-2948
-199,123,4,-4024,90,-153,1,-4048
-182,128,-16,-5230,75,-147,1,5261
-178,118,-29,-6439,101,-146,1,6410
-137,96,-29,-7672,80,-142,0,7644
-81,78,-20,-8905,36,-112,1,8845
-20,46,-13,-10139,-37,-28,0,-10135
24,34,1,-11347,-242,-46,0,-11448
50,33,20,-12530,-318,-130,1,-12618
79,18,33,-13351,-365,-208,1,-13819
82,13,43,-13736,-346,-227,1,-13420
84,11,42,-13770,-331,-240,1,-13339
73,10,21,-13470,-356,-237,1,-13640
64,23,7,-12837,-334,-184,1,-13198
43,27,-4,-11891,-276,-136,1,12246
13,39,-9,-10678,-111,8,0,-10740
-32,76,-18,-9460,46,-4,1,9375
-129,98,-53,-8242,177,-130,0,8405
-178,110,-57,-7024,185,-157,1,7086
-165,129,-57,-5852,179,-133,1,5874
-213,131,-43,-4725,197,-155,1,4693
-190,106,-28,-3762,179,-159,0,3666
-188,99,12,-2890,161,-139,0,-2997
-111,90,16,-2397,97,-115,0,-2410
-74,75,0,-2060,71,-84,1,-2079
-58,103,30,-1705,23,-23,0,-1772
-107,131,61,-1491,57,-86,1,-1386
-88,151,89,-1392,-6,-82,1,1441
-62,178,124,-1428,-38,-98,1,1319
-74,204,118,-1522,-34,-107,1,1354
-69,218,98,-1608,-39,-96,1,1729
-80,222,79,-1652,-30,-88,1,1764
-73,212,55,-1636,-32,-51,1,1766
-57,183,35,-1553,-42,-62,1,1707
-50,142,18,-1437,-33,-63,1,1324
-31,96,3,-1402,-15,-54,0,1341
-34,39,-10,-1505,63,-149,1,1351
-25,1,-33,-1502,50,-302,1,1272
-25,-30,-57,-1430,-17,-418,1,1050
-18,-54,-69,-1396,-53,-442,0,1180
-16,-61,-78,-1414,-52,-421,0,1134
-18,-58,-75,-1499,-43,-405,0,1028
-20,-35,-63,-1633,-20,-346,0,1831
-37,0,-54,-1815,71,-200,1,1924
-32,39,-44,-2042,50,-84,1,1928
-67,81,-17,-2353,119,0,1,-2376
-72,109,33,-2579,64,-4,0,-2649
-81,130,67,-2562,76,6,1,2777
-124,151,93,-2340,92,-20,1,-2527
-114,174,140,-1981,52,-21,1,-1997
-123,165,149,-1589,63,-26,1,-1628
-120,156,134,-1171,49,-56,1,-1275
-118,141,109,-851,49,-56,1,-963
-74,130,100,-688,2,-48,1,-559
-76,103,71,-578,38,-66,0,-592
-82,105,83,-559,34,-84,0,-567
-127,99,78,-789,93,-131,0,-923
-201,100,54,-1217,160,-167,0,-1119
-245,130,4,-2021,145,-164,1,-1960
-232,143,-46,-3218,115,-151,1,3122
-195,140,-72,-4452,72,-132,1,4514
-146,118,-58,-5685,48,-107,1,5811
-80,94,-34,-6893,-8,-63,0,-6888
-12,69,-23,-8127,-123,10,0,8084
19,35,-26,-9326,-248,-80,0,9470
29,13,-24,-10255,-319,-182,1,10625
67,17,2,-10852,-430,-190,1,-11041
110,22,28,-11094,-390,-208,1,-10873
104,23,23,-10928,-365,-213,1,-11133
79,25,6,-10416,-347,-201,1,-10607
53,21,-11,-9656,-311,-189,1,9236
11,32,-17,-8558,-90,-38,0,8488
-47,47,-19,-7365,119,-96,1,7420
-103,75,-6,-6147,196,-113,1,6301
-171,85,6,-4929,227,-156,1,-5059
-191,97,21,-3711,216,-151,0,-3833
-183,100,23,-2558,203,-149,0,-2406
-177,104,22,-1452,176,-140,0,-1373
-171,109,37,-457,160,-125,0,-501
-132,96,19,138,144,-124,0,147
-117,77,-1,393,164,-131,1,-406
-108,74,3,488,136,-122,1,312
-56,90,38,525,25,-52,0,622
-86,94,47,525,78,-101,0,513
-94,98,58,511,48,-114,0,441
-80,124,92,503,0,-113,1,491
-93,152,113,451,0,-121,1,269
-100,165,107,353,6,-112,1,422
-120,174,103,203,13,-144,1,244
-131,174,86,46,19,-149,1,208
-121,166,63,-99,13,-139,1,-8
-99,141,43,-192,-1,-131,1,250
-63,115,30,-77,-45,-129,1,176
-46,85,23,218,0,-79,1,248
-33,54,14,512,12,-107,1,637
-24,21,-6,676,93,-172,0,-600
-27,-20,-43,706,26,-400,1,887
-15,-54,-65,595,-57,-466,0,-964
-6,-69,-79,456,-78,-449,0,-73
-8,-65,-76,359,-68,-419,0,-137
-9,-44,-67,221,-56,-385,0,-266
-15,-9,-56,34,-6,-261,0,-273
-33,25,-40,-186,90,-100,1,157
-60,60,-4,-437,137,-17,1,298
-71,88,45,-645,75,-36,1,-733
-61,111,66,-790,64,7,1,832
-119,130,75,-759,133,-26,1,-727
-126,147,93,-517,92,-27,1,-755
-118,159,99,-247,80,-26,1,-54
-121,152,94,90,76,-36,1,136
-102,151,70,517,54,-21,1,656
-86,140,54,981,36,-7,1,795
-59,131,39,1461,9,15,1,-1327
-92,143,89,1763,44,-75,1,1547
-93,110,37,1721,61,-87,1,1734
-118,106,21,1569,80,-103,0,1567
-139,123,32,1293,85,-106,1,1507
-170,140,22,759,77,-123,1,752
-195,160,-9,-84,70,-133,1,248
-214,171,-46,-1264,87,-131,1,1130
-175,160,-61,-2497,51,-118,1,2487
-106,125,-46,-3731,12,-85,1,3824
-16,82,-27,-4964,-95,4,0,4988
25,50,-3,-6198,-232,-4,1,6395
51,31,2,-7259,-367,-134,1,-7581
67,4,10,-7852,-450,-240,1,-8140
71,2,34,-8035,-366,-247,1,-7838
71,4,41,-7925,-327,-253,1,-7976
63,7,26,-7548,-346,-248,1,-7413
54,14,9,-6902,-365,-215,1,-7038
32,22,-3,-5928,-287,-132,1,5773
-14,49,-13,-4714,0,5,0,-4703
-82,65,-21,-3496,154,-119,1,3404
-138,87,-12,-2278,192,-123,1,2185
-194,117,6,-1060,189,-119,1,-1114
-172,131,28,156,143,-95,1,122
-139,140,30,1160,129,-84,1,1089
-183,123,8,2033,185,-131,1,1804
-150,106,20,2655,141,-119,0,2637
-95,93,18,2955,112,-93,0,2996
-102,75,8,3089,151,-122,1,3290
-75,85,23,3131,96,-87,1,3078
-91,90,21,3121,94,-100,0,3099
-103,108,52,3128,53,-108,0,3162
-91,136,95,3109,7,-99,1,3278
-105,160,117,2991,0,-126,1,2924
-97,178,112,2847,-19,-122,1,-3030
-101,184,98,2766,-7,-104,1,-2579
-101,203,89,2852,-33,-115,1,-2948
-95,209,79,3050,-33,-103,1,-2928
-79,191,59,3254,-44,-90,1,-3086
-40,155,41,3547,-60,-39,1,-3409
-12,112,7,3984,-76,12,0,4009
-32,46,-46,4422,16,-158,1,-4565
-36,-5,-62,4735,21,-342,1,4902
-35,-33,-70,4922,-6,-406,1,-4847
-37,-56,-76,4992,-14,-418,1,-4728
-29,-61,-71,4930,-19,-423,1,-4756
-37,-54,-71,4729,16,-392,1,5050
-39,-24,-52,4345,70,-312,1,4489
-38,18,-30,3787,122,-147,1,-3595
-32,56,-10,3064,76,31,1,2950
-35,82,21,2349,69,55,1,-2362
-70,95,33,2077,119,6,0,-2134
-93,121,62,2188,93,-32,1,2262
-131,155,79,2572,116,-15,1,2595
-135,174,84,3038,101,-15,1,3018
-150,182,103,3647,85,-23,1,3643
-127,179,97,4256,42,-40,1,4098
-95,157,94,4681,28,-28,1,4816
-84,131,59,4835,54,-45,1,4625
-107,105,39,4903,76,-83,0,4895
-101,104,46,4916,58,-86,0,4987
-138,109,36,4769,102,-120,0,4722
-176,113,14,4278,113,-148,1,4231
-209,131,1,3282,112,-153,1,3179
-228,120,-22,2049,124,-160,1,-2160
-211,121,-60,790,82,-147,1,-838
-153,96,-64,-417,86,-140,0,440
-87,86,-40,-1651,20,-84,1,1553
-14,70,-9,-2884,-99,46,0,2894
18,47,0,-4074,-202,9,0,3862
25,19,0,-4969,-327,-111,1,-4682
54,7,23,-5565,-363,-229,1,-5144
61,7,52,-5809,-291,-235,1,-6006
73,2,52,-5796,-301,-260,1,-5873
73,15,42,-5445,-308,-226,1,-5370
69,27,13,-4794,-323,-195,1,-4970
37,34,-11,-3828,-227,-108,1,3700
-14,62,-26,-2636,-9,-16,0,-2661
-210,146,-39,1017,197,-134,1,-992
-224,141,-9,2225,203,-143,1,-2222
-193,130,1,3293,167,-142,1,3255
-173,105,4,4202,174,-146,0,4246
-172,88,0,4818,164,-160,1,4633
-116,64,5,5082,142,-139,1,5099
-116,90,58,5225,112,-127,0,5238
-89,89,48,5210,74,-108,1,5193
-101,117,88,5174,37,-117,1,5165
-85,134,124,5028,-5,-137,1,-4998
-103,154,137,4834,1,-152,1,4610
-119,174,145,4668,-15,-158,1,-4838
-115,225,166,4643,-68,-149,1,-4803
-78,246,121,4860,-61,-102,1,-4709
-115,209,55,5143,-4,-107,1,-5354
-82,175,27,5416,-41,-86,1,-5556
-47,130,10,5694,-42,-62,1,-5776
-45,69,-37,5909,18,-142,1,-6085
-44,11,-68,6028,31,-307,1,-5826
-36,-31,-92,6046,-18,-383,1,-5781
-19,-48,-97,5925,-54,-389,0,-5836
-6,-53,-100,5706,-70,-379,0,-5926
-14,-39,-96,5486,-38,-333,0,-5234
-23,-8,-81,5267,8,-245,0,5164
-42,39,-54,5020,73,-106,1,-4997
-62,79,-13,4752,124,8,1,4761
-74,108,29,4616,102,17,0,-4678
-97,127,57,4738,115,-3,1,4822
-128,156,85,5156,118,-15,1,5353
-156,182,102,5721,101,-19,1,5734
-152,190,140,6320,57,-26,1,6198
-116,178,142,6803,35,-37,1,6872
-107,155,108,7146,50,-45,1,7018
-98,125,57,7391,62,-53,1,7411
-88,132,108,7620,7,-66,1,7486
-111,115,63,7735,18,-92,1,7775
-113,126,70,7711,30,-91,1,7696
-139,138,74,7374,51,-114,1,7365
-174,143,45,6667,70,-139,1,6859
-201,147,10,5560,96,-146,1,5403
-218,148,-19,4352,92,-154,1,-4506
-155,120,-36,3093,39,-154,1,-3178
-64,88,-32,1860,-11,-89,1,1901
-14,60,-26,651,-69,-22,0,752
20,39,-26,-559,-227,-72,0,675
48,25,-12,-1467,-363,-151,1,1127
67,18,11,-2003,-397,-191,1,-1722
93,25,31,-2142,-367,-196,1,-2473
95,30,33,-1921,-330,-196,1,-1642
73,29,12,-1348,-317,-184,1,-1172
26,35,-6,-379,-184,-61,1,462
-14,45,-21,794,4,-30,0,-822
-41,56,-34,2012,89,-79,1,-2042
-112,86,-43,3205,144,-113,1,-3190
-168,122,-6,4423,170,-86,1,-4452
-185,163,20,5661,178,-66,1,5858
-182,168,28,6680,141,-93,1,6859
-169,138,15,7547,154,-108,1,7588
-143,119,17,8241,148,-101,1,8234
-114,103,10,8588,123,-99,0,8587
-81,95,15,8709,93,-73,0,8722
-92,96,30,8645,100,-102,0,8675
-100,115,64,8586,42,-99,1,8593
-68,155,121,8554,-25,-102,1,-8630
-85,180,129,8411,-6,-125,1,-8385
-99,199,122,8235,-10,-107,1,-8341
-102,226,110,8148,-24,-115,1,-8028
-107,242,78,8113,-17,-96,1,-7980
-109,220,41,8004,-5,-93,1,-8071
-95,175,7,7888,-53,-119,1,-7784
-50,124,8,7921,-67,-69,1,-7858
-31,76,-11,8127,-46,-75,1,8067
-30,29,-43,8341,21,-200,1,-8303
-39,-20,-84,8462,-4,-376,1,-8224
-38,-54,-100,8475,-32,-398,1,-8442
-26,-55,-85,8369,-36,-389,1,-8559
-23,-42,-69,8143,-17,-358,0,-7876
-23,-20,-56,7822,19,-306,0,8092
-30,17,-36,7417,102,-138,1,-7227
-31,51,-11,6968,105,22,1,7011
-63,82,19,6639,127,2,1,-6639
-82,113,59,6563,75,-28,1,6635
-90,143,80,6747,91,1,1,-6789
-136,163,96,7190,141,0,1,-7389
-147,173,102,7712,81,-53,1,7711
-132,158,108,8238,65,-61,1,8225
-113,155,94,8740,52,-34,1,8839
-110,138,88,9143,53,-45,1,8978
-99,125,75,9331,47,-72,1,9292
-105,116,102,9348,40,-108,1,9406
-106,111,80,9190,47,-110,1,9201
-138,126,76,8906,71,-122,1,8780
-168,144,55,8389,79,-137,1,8193
-182,151,17,7560,93,-132,1,7526
-190,143,-24,6380,86,-152,1,-6156
-175,130,-47,5147,73,-149,1,-5320
-133,105,-43,3914,68,-136,0,-3917
-78,78,-31,2705,52,-103,1,-2782
-7,50,-20,1447,-95,-6,0,1497
29,31,-4,216,-281,-71,1,-389
70,23,14,-806,-394,-181,1,-581
96,11,35,-1398,-388,-234,1,-1109
68,14,12,-994,-347,-234,1,-536
52,23,-8,-185,-308,-184,1,283
17,40,-28,937,-115,-73,0,-948
-83,62,-47,2155,140,-133,1,-2083
-123,88,-30,3348,145,-111,1,-3544
-185,134,-16,4566,183,-93,1,-4368
-188,149,-3,5784,186,-94,1,-5713
-191,148,-3,6960,196,-108,1,-7093
-154,136,9,7852,136,-97,1,7775
-117,122,2,8635,106,-80,1,8593
-100,97,-12,9194,110,-87,0,-9178
-116,123,42,9531,75,-85,1,9477
-97,105,23,9394,102,-97,0,9384
-91,108,40,9238,52,-85,0,9322
-69,134,78,9201,-26,-87,1,-9010
-70,154,94,9097,-16,-100,1,-9064
-57,169,88,8916,-20,-94,1,-8785
-57,176,75,8727,-15,-68,1,-8859
-71,174,59,8534,0,-93,1,8666
-84,175,61,8416,0,-103,1,8260
-91,170,60,8270,12,-112,1,8418
-92,153,49,8053,19,-118,1,8163
-74,126,35,7694,10,-114,1,7778
-57,94,16,7293,16,-110,0,7284
-34,65,-1,6861,12,-92,1,-6906
-16,28,-32,6385,0,-189,0,-6212
4,-24,-70,5865,-93,-406,0,6004
27,-54,-86,5421,-144,-420,1,5241
32,-59,-90,5229,-149,-401,1,5417
18,-56,-93,5244,-124,-375,0,5386
5,-31,-87,5380,-104,-309,0,5144
-6,10,-70,5609,-68,-168,0,5445
-15,58,-39,5823,-19,18,0,-5808
-41,106,-1,6055,32,78,0,6025
-69,141,27,6440,50,51,1,-6649
-84,164,43,6920,65,67,1,-7126
-112,177,61,7492,62,19,1,-7562
-107,202,72,8175,40,27,1,-7992
-109,200,70,8847,41,-3,1,8773
-142,177,71,9522,79,-20,1,9494
-142,170,98,10076,33,-36,1,10008
-112,168,127,10363,-25,-62,1,-10470
-99,141,105,10354,-13,-100,1,-10393
-126,116,73,10121,54,-130,1,10109
-168,136,36,9744,89,-131,1,9923
-165,158,0,8947,63,-126,1,8840
-178,174,-21,7812,50,-116,1,-7886
-155,170,-27,6604,50,-95,1,-6538
-133,154,-26,5371,46,-80,1,-5279
-92,125,-15,4137,18,-56,1,-4136
-10,81,5,2904,-81,61,0,2922
55,2,30,-159,-350,-260,1,-233
61,-10,37,-557,-323,-300,1,599
64,-7,43,-631,-312,-293,1,523
68,-2,26,-386,-347,-288,1,408
52,9,7,205,-373,-238,1,365
32,23,-1,1199,-281,-126,1,-1535
-10,50,-8,2392,-22,35,0,-2385
-79,87,-13,3610,114,-68,1,-3646
-132,127,-8,4828,142,-76,1,-4834
-167,167,-7,6021,131,-79,1,-5965
-186,167,-3,7264,185,-90,1,-7328
-173,151,-4,8438,157,-100,1,-8244
-154,127,-11,9309,153,-109,1,-9288
-129,99,-22,9794,155,-111,0,-9796
-96,94,-16,10025,110,-77,0,-9992
-108,100,4,10119,106,-90,0,10173
-76,89,19,10014,80,-81,1,10012
-89,100,33,9978,56,-85,0,9865
-89,126,60,10071,16,-85,1,9994
-95,155,72,10110,-1,-92,1,-10156
-95,179,80,10016,-2,-78,1,-10195
-82,197,77,9879,-38,-85,1,-9789
-69,206,70,9794,-48,-80,1,-9966
-67,201,54,9773,-45,-74,1,-9975
-58,184,44,9792,-43,-67,1,-9863
-53,160,39,9878,-47,-70,1,-9806
-30,131,33,10037,-68,-57,1,-10227
-17,104,21,10232,-65,-41,0,-10240
10,-51,-110,9291,-133,-430,0,9525
16,-68,-105,8979,-125,-416,0,8905
0,-58,-87,8879,-91,-396,0,8979
13,-51,-75,8701,-117,-393,0,8310
15,-25,-67,8469,-101,-323,0,8292
-1,4,-55,8383,-23,-201,0,8273
-34,43,-34,8561,85,-57,1,-8501
-86,85,-14,9055,161,-20,1,-9188
-136,133,16,9856,153,4,1,-9741
-137,155,46,10606,98,-9,1,10554
-134,183,70,11374,73,4,1,-11349
-134,199,96,12063,47,4,1,-12054
-116,192,112,12671,31,2,1,-12707
-86,179,100,13180,13,-2,1,13297
-96,147,75,13584,38,-38,1,13719
-126,158,122,13917,47,-85,1,14012
-131,130,54,13916,8,-109,1,13837
-88,115,51,13685,13,-77,1,13600
-134,137,56,13223,58,-102,1,13263
-177,154,25,12520,74,-120,1,12517
-164,159,8,11475,50,-119,1,11424
-175,152,-8,10241,63,-132,1,-10384
-147,134,-18,9008,21,-136,1,-9125
-75,116,-12,7775,-24,-75,1,7732
-2,72,-7,6541,-122,28,0,-6566
34,40,-4,5310,-282,-92,1,-5623
67,25,1,4314,-403,-197,1,4564
93,6,5,3803,-461,-257,1,3658
81,6,8,3835,-418,-252,1,4093
54,6,1,4288,-405,-241,1,4502
41,9,0,5033,-371,-202,1,4657
30,17,3,6062,-292,-133,1,5638
-20,36,1,7252,61,-17,0,7245
-89,54,-2,8470,198,-128,1,-8644
-125,83,4,9688,187,-112,1,9508
-151,126,7,10905,171,-84,1,10893
-166,156,17,12118,127,-78,1,12111
-145,146,41,13313,90,-75,1,13369
-117,145,56,14306,77,-56,1,14150
-114,122,22,15016,121,-79,1,14977
-110,85,-4,15399,173,-94,1,-15600
-95,133,64,15664,91,-44,1,15832
-94,111,32,15596,75,-89,1,15598
-78,116,41,15532,22,-64,1,15510
-77,145,75,15470,3,-68,1,15547
-85,166,82,15320,-12,-89,1,-15145
-83,180,85,15128,-18,-94,1,-15333
-80,191,80,15001,-34,-95,1,-14918
-76,205,80,15002,-42,-95,1,-14905
-69,213,68,15110,-39,-55,1,-15297
-56,190,39,15257,-38,-36,1,-15155
-24,60,-14,15423,-10,-58,0,15403
-38,17,-52,15550,32,-280,1,-15758
-59,-33,-103,15666,4,-375,1,15423
-32,-42,-99,15463,-49,-384,1,-15744
-17,-37,-78,15127,-37,-358,0,-14894
-17,-20,-60,14788,-11,-323,0,-14519
0,2,-44,14368,-44,-222,0,-14590
-12,21,-28,13962,49,-78,0,-14066
-31,47,4,13769,108,27,1,-13705
-58,78,47,13994,72,-36,1,13978
-74,127,91,14465,67,-8,1,14507
-108,157,108,15087,94,-13,1,14884
-119,190,104,15786,93,-3,1,15702
-163,163,83,16585,121,-56,1,16598
-142,159,67,17438,111,-29,1,17471
-160,142,69,18075,113,-55,1,18059
-110,157,122,18482,39,-78,1,18641
-139,100,28,18558,124,-137,0,18554
-111,93,0,18688,28,-110,0,18752
-121,112,-1,18768,34,-101,1,-18718
-136,122,-1,18457,77,-104,1,-18638
-146,141,-14,17756,79,-103,1,-17768
-167,145,-32,16624,88,-109,1,-16624
-161,146,-32,15415,79,-92,1,-15374
-157,138,-39,14182,77,-98,1,-14202
-136,103,-33,12949,94,-109,0,-12902
-69,81,-9,11715,22,-49,1,-11772
-4,57,13,10482,-115,53,0,10368
18,38,18,9248,-206,-34,0,9448
38,14,18,8202,-348,-186,1,8657
51,3,30,7570,-334,-249,1,7178
73,6,45,7323,-322,-244,1,7496
68,8,41,7483,-316,-245,1,7314
61,9,29,8044,-334,-239,1,7909
40,19,15,8990,-298,-178,1,8881
-7,35,0,10193,-11,34,0,10206
-58,42,-15,11411,147,-141,1,-11411
-93,63,-22,12604,147,-137,1,-12627
-143,94,-24,13822,188,-128,0,-13817
-192,122,-17,15064,176,-132,1,-14910
-182,127,-3,16257,155,-123,1,-16300
-194,120,1,17394,148,-130,1,17244
-148,99,23,18324,106,-109,0,18295
-70,126,105,18860,27,-80,1,18857
-140,100,65,18974,148,-153,0,19134
-113,84,38,18928,107,-132,1,18713
-94,123,90,18929,1,-102,1,18922
-64,147,126,18912,-33,-115,1,-18788
-99,165,126,18830,3,-136,1,18864
-91,184,123,18762,-34,-131,1,-18804
-76,201,118,18792,-38,-97,1,-18907
-79,203,88,18940,-43,-101,1,-18797
-71,178,62,19151,-39,-93,1,-19069
-65,154,59,19392,-43,-100,1,-19308
-36,126,44,19644,-69,-78,1,-19656
-19,76,3,19939,-58,-38,0,-19873
-31,29,-29,20274,39,-201,1,-20418
-37,-15,-67,20660,-3,-372,1,-20911
-47,-49,-78,21047,-1,-405,1,-21492
-62,-56,-72,21282,45,-391,1,21191
-68,-60,-67,21325,58,-386,1,21199
-58,-46,-57,21158,70,-360,1,21416
-48,-17,-43,20824,107,-284,1,20542
-47,24,-19,20377,163,-103,1,-20348
-52,69,14,19838,91,7,1,-19802
-45,98,38,19299,57,35,0,-19220
-58,122,59,18912,47,1,1,-18870
-71,143,77,18850,76,17,1,-18809
-100,178,103,19148,85,7,1,-18988
-131,198,115,19713,63,-27,1,19728
-132,181,135,20353,63,-30,1,20241
-151,163,133,20942,55,-60,1,20849
-111,145,117,21345,31,-65,1,21431
-134,121,107,21515,54,-107,1,21699
-149,112,74,21384,88,-130,1,21500
-179,124,41,20865,103,-138,1,20875
-206,143,3,19922,105,-138,1,19824
-193,161,-27,18709,67,-119,1,-18777
-165,149,-39,17501,52,-109,1,-17426
-111,127,-35,16268,6,-83,1,-16361
-24,83,-19,15059,-58,1,0,-15040
-2,43,-10,13801,-108,29,0,-13759
29,23,15,12670,-317,-130,1,12485
48,4,32,11904,-333,-254,1,12070
35,-15,34,11471,-266,-341,1,-11423
28,-20,38,11317,-224,-359,1,-11687
39,-16,38,11342,-257,-334,1,-11279
46,-11,28,11574,-297,-320,1,-11547
38,-2,20,12112,-310,-281,1,-12110
23,11,17,12948,-253,-182,0,13010
-12,33,18,14073,10,-33,0,14057
-79,58,13,15291,166,-119,1,15121
-127,76,6,16509,191,-142,1,16504
-143,81,0,17727,180,-144,1,17880
-162,109,-2,18920,176,-128,0,-18921
-171,109,-4,20081,181,-135,0,-20101
-163,108,7,21062,172,-124,0,21082
-145,99,-2,21829,154,-126,0,-21843
-128,84,-5,22372,155,-118,1,-22439
-106,115,38,22675,78,-69,1,22694
-81,104,42,22668,56,-82,0,22773
-89,115,62,22605,37,-98,1,22559
-79,133,86,22544,-1,-102,1,-22764
-81,160,101,22469,-3,-108,1,-22331
-98,171,99,22346,-2,-122,1,-22425
-97,189,102,22248,-18,-120,1,-22071
-93,203,85,22216,-27,-108,1,-22137
-93,191,62,22205,-1,-78,1,-22063
-86,168,46,22207,-18,-125,1,-22019
-55,136,28,22198,-23,-78,1,-22093
-47,80,-3,22157,20,-103,1,-22145
-36,34,-19,22118,55,-178,1,-22257
-25,0,-37,22114,22,-328,1,-22285
-19,-36,-44,22091,-33,-451,0,-22450
-15,-54,-44,22018,-45,-477,0,-22497
-16,-62,-43,21915,-41,-485,0,-21582
-12,-57,-42,21759,-46,-476,0,-21778
-13,-41,-40,21549,-22,-428,0,-21907
-20,-14,-34,21315,58,-313,0,21116
-27,12,-20,21030,158,-138,1,-21048
-49,37,-7,20732,155,-81,1,-20520
-48,61,7,20573,109,8,1,-20527
-64,92,18,20730,142,42,0,-20526
-132,148,47,21274,131,-10,1,21419
-166,177,89,22033,68,-24,1,22028
-73,197,123,22714,-33,-5,1,-22636
-85,194,114,23281,26,12,1,-23041
-115,172,93,23643,66,-24,1,23694
-94,168,119,23820,7,-45,1,23974
-98,125,90,23852,51,-96,1,23813
-119,113,65,23810,63,-106,1,23825
-146,123,64,23627,72,-124,1,23761
-167,139,38,23141,76,-130,1,23200
-178,154,11,22306,67,-129,1,22466
-170,157,-10,21160,63,-124,1,-21203
-165,147,-28,19927,68,-125,1,-19905
-126,122,-32,18719,65,-108,1,-18735
-66,87,-23,17460,15,-77,1,-17525
-7,52,-9,16227,-85,35,0,-16173
32,24,2,15016,-305,-113,1,15313
38,8,22,14115,-323,-208,1,13973
51,1,45,13586,-288,-253,1,13549
53,-2,59,13397,-264,-264,1,-13402
53,0,55,13446,-258,-270,1,13451
46,4,42,13703,-256,-259,1,13433
35,13,29,14203,-253,-215,1,14177
19,20,13,14969,-225,-116,0,15074
-39,29,-5,16059,144,-136,1,-16017
-103,33,-18,17276,194,-199,1,-17198
-128,51,5,18494,192,-157,1,18472
-117,89,33,19677,162,-91,1,19498
-134,117,16,20645,152,-102,1,20667
-170,126,3,21622,190,-126,1,21602
-153,113,-11,22502,174,-132,1,-22316
-157,108,-5,23348,147,-125,0,-23342
-125,96,5,23977,132,-108,0,23901
-84,108,37,24385,79,-63,0,24360
-112,89,28,24371,158,-139,1,24334
-103,89,27,24240,120,-127,1,24209
-111,103,45,24069,89,-129,0,24314
-119,120,60,23847,72,-130,1,24031
-137,139,80,23546,56,-137,1,23322
-136,166,89,23182,18,-130,1,23142
-115,186,84,22816,-14,-114,1,-22980
-97,186,66,22521,-15,-107,1,-22279
-92,173,45,22274,-5,-103,1,-22457
-80,144,23,22060,-2,-101,1,-22147
-56,110,10,21885,-12,-91,1,-21885
-32,71,-3,21739,-15,-80,1,21747
-17,26,-14,21587,21,-115,0,-21554
-6,-8,-27,21446,-44,-391,0,-21106
-3,-42,-49,21381,-83,-491,0,-21029
-5,-60,-59,21418,-73,-470,0,-21041
-14,-60,-62,21525,-48,-442,0,-21899
-20,-49,-57,21622,-30,-408,0,-21990
-20,-26,-48,21663,-4,-343,0,-21998
-25,5,-34,21629,68,-212,1,-21718
-44,37,-17,21526,134,-61,1,-21682
-64,66,6,21487,127,-21,1,21500
-86,99,21,21573,113,-7,0,21523
-124,123,44,21890,120,-24,1,21954
-131,144,76,22308,100,-22,1,22280
-133,164,99,22765,79,-21,1,22774
-133,154,99,23228,84,-38,1,23219
-140,139,104,23755,81,-54,1,23748
-107,145,104,24304,33,-43,1,24171
-107,120,86,24686,63,-60,1,24621
-127,119,97,24838,74,-120,1,24912
-147,84,25,24720,125,-154,1,24744
-179,86,6,24415,136,-162,1,24471
-215,108,-3,23777,142,-157,0,-23626
-216,126,-13,22741,114,-138,1,-22665
-168,129,-10,21508,77,-112,1,-21515
-137,122,-25,20249,31,-117,1,-20380
-138,97,-42,19041,85,-139,0,-19070
-77,71,-39,17808,38,-120,1,-17904
-23,45,-27,16599,-12,-61,0,16579
30,24,-3,15378,-297,-99,1,-15712
53,18,29,14472,-326,-178,1,14661
91,15,60,14030,-340,-225,1,14102
106,13,55,14076,-356,-250,1,14133
77,16,32,14533,-333,-237,1,14619
37,22,13,15337,-285,-165,1,14956
-7,32,7,16490,-29,7,0,16466
-37,43,6,17683,65,-74,1,17681
-58,68,11,18901,79,-65,1,18863
-100,102,12,20119,142,-75,0,20056
-168,127,-7,21337,216,-116,1,-21296
-199,142,-8,22554,181,-130,1,-22627
-200,121,-22,23665,195,-148,1,-23690
-179,102,-10,24597,152,-130,0,-24788
-123,91,12,25285,104,-99,0,25312
-70,106,50,25790,18,-28,0,25768
-84,120,100,26088,69,-94,1,26044
-118,105,53,26005,128,-135,0,26040
-119,99,58,25813,84,-140,0,25639
-88,119,94,25656,12,-127,1,25655
-111,145,113,25530,17,-140,1,25517
-121,170,128,25335,-3,-145,1,-25141
-104,189,131,25121,-45,-139,1,-25310
-70,215,117,25115,-74,-111,1,-25305
-72,206,76,25302,-62,-112,1,-25155
-60,171,46,25550,-60,-76,1,-25348
-32,132,26,25891,-66,-51,1,-26067
-31,88,-5,26294,-20,-61,1,26328
-37,34,-30,26621,70,-197,1,-26472
-45,-3,-49,26793,87,-339,1,27057
-49,-37,-74,26785,36,-383,1,27045
-31,-46,-74,26521,-16,-404,1,-26237
-13,-51,-78,26194,-60,-393,0,-26513
-2,-38,-69,25859,-77,-365,0,-25666
0,-4,-51,25534,-67,-240,0,25376
-6,28,-28,25326,-1,-28,0,25333
-35,65,-2,25252,94,49,1,25258
-70,98,27,25405,112,12,0,-25472
-82,130,49,25767,99,15,1,-25643
-131,161,53,26371,131,-10,1,26524
-160,178,75,27156,112,-29,1,27165
-156,176,92,27954,96,-39,1,27904
-164,156,98,28697,98,-62,1,28696
-155,138,86,29276,73,-70,1,29205
-115,127,85,29625,19,-61,1,29645
-84,111,92,29746,1,-80,1,29727
-111,104,53,29684,37,-99,0,29570
-103,88,36,29410,49,-109,1,29350
-117,94,31,28950,78,-113,0,28959
-143,105,25,28324,94,-127,0,28280
-174,121,20,27536,106,-137,1,27569
-191,125,5,26462,121,-142,1,26479
-193,130,-10,25229,97,-141,1,-25129
-152,117,-14,23970,73,-135,1,-23938
-98,85,-8,22737,44,-117,1,-22714
-40,61,10,21529,-14,-60,1,-21565
17,30,14,20295,-248,-69,0,20471
38,21,15,19166,-349,-171,1,19223
61,4,7,18343,-444,-259,1,18211
67,-3,8,17887,-442,-274,1,-17726
76,1,14,17746,-413,-259,1,17804
70,0,12,17890,-399,-262,1,17696
54,4,10,18351,-385,-236,1,18175
37,7,9,19139,-363,-214,1,19284
-6,18,11,20243,17,-26,0,20229
-37,26,19,21460,145,-110,1,21254
-45,53,21,22678,156,-39,1,22563
-109,77,10,23896,199,-109,1,24027
-167,99,9,25089,192,-142,0,25218
-149,113,12,26307,183,-118,1,26347
-211,126,-1,27525,187,-146,1,-27393
-160,102,-3,28529,182,-136,0,-28602
-101,103,33,29998,90,-94,0,29961
-94,121,58,30116,57,-88,1,30167
-69,140,88,30146,-2,-80,1,-29984
-59,164,110,30172,-31,-96,1,-30063
-58,198,124,30267,-48,-102,1,-30450
-70,232,118,30483,-45,-102,1,-30595
-87,253,93,30766,-27,-88,1,-30871
-92,251,58,30956,-19,-75,1,-30766
-81,215,21,30995,-14,-66,1,-31183
-64,160,-4,30913,-14,-68,1,30736
-43,107,-17,30796,-19,-75,0,30791
-37,52,-43,30710,4,-170,1,-30563
-33,0,-69,30644,-3,-343,1,30343
-29,-39,-83,30501,-35,-411,1,-30455
-14,-56,-76,30279,-68,-430,0,-30683
-2,-58,-68,30066,-82,-432,0,-29942
-3,-52,-69,29849,-68,-412,0,-30007
-7,-32,-62,29613,-40,-350,0,-29426
-5,-5,-49,29426,-21,-249,0,-29229
-16,26,-33,29306,34,-86,0,-29243
-44,62,-5,29344,108,20,1,29386
-81,93,17,29561,142,-3,0,29675
-130,121,34,30005,156,-29,1,30060
-147,161,64,30653,105,-41,1,30604
-166,180,78,31426,107,-19,1,31463
-152,189,129,32260,64,-22,1,32505
-148,172,141,32972,45,-39,1,32886
-120,166,144,33562,18,-27,1,33616
-123,137,110,33786,35,-84,1,33556
-140,119,78,33725,61,-111,1,33631
-168,117,56,33343,96,-125,1,33482
-215,136,17,32599,118,-138,1,32740
-211,155,-23,31464,79,-133,1,-31360
-192,150,-49,30231,73,-127,1,-30267
-146,138,-58,28997,33,-104,1,-28963
-70,109,-42,27764,-18,-57,0,27742
-14,72,-16,26531,-87,26,0,-26536
25,49,9,25302,-224,-19,1,25145
52,26,16,24328,-351,-169,1,24259
61,3,20,23761,-393,-252,1,23947
62,2,31,23633,-353,-254,1,24044
60,3,33,23849,-326,-255,1,23695
49,7,29,24341,-306,-241,1,24316
32,17,20,25145,-271,-178,1,25504
3,27,10,26247,-103,4,0,-26358
-78,48,3,27465,165,-135,1,27415
-103,59,15,28683,169,-131,1,28785
-138,100,18,29900,188,-105,0,29925
-172,117,11,31133,187,-123,1,31114
-172,119,6,32225,159,-128,1,32216
-154,112,-3,33153,167,-124,1,-33206
-149,90,-17,33896,178,-139,0,-33933
-121,87,3,34451,153,-109,1,34377
-109,97,46,35116,93,-128,0,35119
-89,129,93,35137,9,-103,1,35241
-80,165,122,35108,-7,-98,1,-35281
-76,183,113,34985,-24,-111,1,-34911
-69,189,98,34928,-29,-102,1,-34962
-86,211,85,35011,-27,-101,1,-34926
-81,213,60,35167,-34,-83,1,-35223
-75,192,37,35350,-20,-75,1,-35556
-71,151,14,35479,0,-84,1,35352
-49,108,7,35518,0,-57,0,35551
-39,73,2,35493,12,-95,1,35481
-31,33,-31,35438,33,-193,1,-35502
-21,-23,-69,35351,-37,-410,0,-35823
-16,-53,-85,35234,-52,-433,0,-34893
-16,-62,-89,35074,-48,-419,0,-35048
-13,-56,-84,34839,-49,-395,0,-35272
-6,-34,-70,34608,-49,-346,0,-34363
-8,0,-62,34446,-9,-230,0,34395
-37,35,-53,34380,91,-90,1,-34431
-53,78,-12,34377,94,23,1,34418
-59,116,21,34574,56,49,1,-34656
-81,150,40,35026,80,38,1,-34890
-125,195,101,35733,58,4,1,-35699
-117,196,137,36514,32,-14,1,36533
-136,184,131,37406,59,-35,1,37560
-128,174,126,38171,50,-44,1,38318
-147,129,104,38676,101,-82,1,38744
-118,122,107,39006,46,-76,1,39004
-127,109,110,39089,56,-120,0,39041
-120,104,72,39000,55,-117,0,38990
-153,125,48,38750,71,-123,1,38837
-171,145,22,38139,70,-125,1,38127
-183,166,-2,37095,71,-118,1,-37064
-185,177,-20,35886,71,-104,1,-35864
-163,159,-34,34653,63,-107,1,-34584
-130,135,-36,33420,42,-95,1,-33503
-64,105,-18,32186,-6,-44,0,32209
-1,69,-5,30953,-115,71,0,-30880
35,39,8,29719,-271,-75,1,30044
56,23,25,28626,-339,-171,1,28191
81,16,40,27934,-356,-219,1,27853
92,12,42,27685,-350,-240,1,28142
74,11,32,27854,-332,-244,1,27924
50,15,21,28398,-316,-217,1,28454
22,19,12,29275,-251,-123,0,29392
-50,31,7,30464,142,-135,1,30498
-80,31,23,31682,126,-157,1,31588
-48,56,53,32875,48,-89,1,32802
-123,84,38,34091,193,-114,1,34192
-178,90,13,35180,232,-160,0,35327
-190,85,5,36224,233,-166,1,36130
-181,84,22,37295,184,-148,1,37233
-135,98,35,38194,133,-104,0,38165
-127,95,37,38866,142,-101,0,38718
-84,123,83,39691,32,-108,1,39736
-77,156,124,39761,-15,-115,1,-39811
-44,198,116,39806,-38,-100,1,-39843
-73,199,78,39740,6,-94,1,39845
-96,188,63,39573,6,-83,1,39454
-89,176,73,39503,-21,-113,1,-39562
-102,180,72,39612,-20,-120,1,-39491
-81,169,67,39748,-37,-109,1,-39862
-58,144,41,39921,-29,-63,1,-39761
-28,106,16,40195,-47,-50,0,-40320
-37,60,-28,40529,28,-109,1,-40482
-44,-6,-77,40760,16,-358,1,40492
-38,-42,-89,40894,-19,-405,1,-40560
-33,-57,-85,40893,-23,-409,1,-40573
-23,-58,-78,40757,-38,-409,0,-40681
-14,-48,-71,40507,-37,-387,0,-40956
-13,-26,-60,40150,-18,-341,0,-40384
-19,6,-44,39730,56,-187,0,-39822
-26,32,-20,39362,120,-31,1,-39310
-61,59,3,39262,164,-26,1,39396
-83,87,29,39570,110,-43,1,39629
-100,124,50,40121,110,-5,1,40189
-136,155,81,40803,97,-19,1,40798
-152,174,114,41579,64,-51,1,41553
-95,141,121,43257,17,-44,1,43114
-93,122,112,43619,10,-64,1,43523
-67,131,139,43920,-32,-83,1,-43925
-81,124,122,44036,-30,-106,1,-44070
-94,154,118,44075,-22,-103,1,-44267
-127,185,81,43853,19,-109,1,43943
-152,188,33,43193,58,-103,1,43244
-172,185,2,42069,73,-126,1,42098
-166,178,-20,40836,66,-122,1,-40889
-128,147,-28,39627,57,-100,1,-39526
-74,104,-24,38369,18,-83,0,-38294
1,69,-14,37135,-123,27,0,37157
51,46,2,35902,-291,-94,1,36189
80,29,17,34733,-373,-178,1,34359
86,10,28,34114,-391,-228,1,33892
92,8,38,33938,-362,-239,1,34148
83,12,38,34056,-330,-235,1,34001
67,13,26,34412,-334,-232,1,34705
48,16,13,35042,-330,-206,1,35144
15,23,-1,36009,-188,-53,0,-35901
-54,35,-2,37222,158,-138,1,-37222
-83,54,2,38440,161,-128,1,38547
-144,91,0,39658,201,-120,0,39554
-182,113,5,40876,175,-132,1,40770
-198,113,6,42068,202,-133,1,42155
-175,117,22,43141,149,-113,1,43182
-136,99,13,43977,161,-99,0,44001
-126,104,21,44712,130,-91,0,44658
-120,103,27,45279,107,-91,0,45287
-94,120,93,45479,71,-108,1,45552
-129,111,55,45323,109,-139,1,45367
-110,131,76,45291,22,-116,1,45103
-98,154,103,45235,5,-119,1,45151
-110,180,101,45080,11,-105,1,45252
-97,197,81,44926,-13,-111,1,-45036
-114,202,56,44837,4,-110,1,45004
-111,186,39,44747,13,-110,1,44635
-100,155,28,44523,26,-116,1,44389
-75,127,16,44181,16,-81,1,44275
-39,101,1,43823,-31,-65,0,-43826
-12,57,-31,43462,-58,-104,0,43446
2,-6,-70,43041,-114,-363,0,43386
16,-39,-87,42736,-143,-405,0,42888
9,-51,-96,42612,-116,-388,0,42978
3,-42,-87,42567,-107,-356,0,42800
0,-19,-71,42547,-85,-295,0,42775
-10,9,-53,42530,-18,-177,0,42677
-18,39,-27,42492,51,-1,0,-42466
-54,67,6,42591,128,6,1,-42667
-81,91,32,43045,107,-35,0,43077
-113,123,47,43709,141,-24,1,43520
-173,145,65,44531,154,-61,1,44330
-177,149,67,45364,134,-71,1,45457
-170,141,67,46167,129,-70,1,46327
-165,129,60,46875,107,-90,1,46899
-126,127,73,47511,20,-38,1,47598
-60,131,93,47984,-69,-16,1,-48094
-57,126,88,48316,-50,-38,1,-48310
-91,130,71,48433,14,-70,1,48614
-137,135,44,48192,76,-109,1,48192
-162,140,21,47600,87,-127,1,47586
-179,151,1,46690,89,-125,1,46688
-190,153,-21,45486,77,-138,1,-45402
-181,151,-35,44252,69,-132,1,-44057
-124,122,-37,43044,39,-114,1,-43093
-63,88,-28,41785,-25,-80,1,41744
4,54,-16,40577,-138,16,0,40487
40,30,0,39352,-314,-114,1,39109
56,21,23,38373,-346,-181,1,37937
80,11,38,37780,-372,-229,1,37501
98,11,40,37654,-377,-239,1,37570
85,14,33,37924,-348,-237,1,38378
56,16,22,38534,-314,-214,1,38743
30,18,16,39411,-262,-161,1,38985
7,33,9,40525,-121,4,0,-40477
-52,49,-10,41743,140,-114,1,-41979
-105,60,-28,42961,209,-167,1,-42987
-182,84,-40,44179,227,-189,1,-44042
-216,85,-35,45395,237,-196,1,-45535
-219,80,-3,46509,192,-187,1,-46429
-155,87,12,47488,152,-145,1,47434
-136,77,12,48401,148,-137,1,48584
-107,91,19,49318,93,-92,0,49280
-85,91,21,50011,79,-61,0,49968
-68,117,45,50432,45,-43,1,50463
-103,91,19,50389,150,-130,0,50414
-111,82,22,50207,135,-142,1,50236
-121,93,61,50078,99,-140,0,50028
-129,110,92,49896,59,-150,1,49911
-129,141,104,49631,34,-142,1,49430
-141,159,91,49295,36,-145,1,49264
-134,181,84,48933,19,-113,1,48929
-112,184,75,48562,-13,-125,1,-48478
-93,171,65,48267,-23,-115,1,-48219
-80,153,56,48111,-15,-88,1,-47964
-59,147,39,48079,-37,-84,1,-47926
-55,102,-23,47994,6,-102,0,-47966
-36,34,-60,47772,-9,-237,1,47681
-5,-20,-76,47584,-101,-391,0,-47197
-4,-53,-89,47500,-93,-416,0,-47139
0,-67,-90,47443,-103,-424,0,47243
0,-60,-80,47404,-88,-408,0,47258
-5,-41,-67,47348,-60,-363,0,-47562
-11,-9,-56,47290,-15,-261,0,-47496
-35,30,-47,47267,73,-115,1,-47242
-84,86,-42,47362,121,-51,1,-47463
-112,123,-30,47539,125,-9,1,-47565
-94,140,17,47669,75,0,1,-47806
-124,186,84,48056,84,7,1,-47998
-141,214,127,48581,69,-3,1,48548
-142,206,130,49157,55,-36,1,49363
-150,189,106,49778,100,-14,1,49754
-192,180,94,50302,109,-53,1,50289
-161,150,87,50380,52,-91,1,50368
-155,124,57,50203,74,-119,1,50427
-199,123,2,49645,121,-148,1,49595
-205,126,-45,48579,103,-152,1,-48559
-184,124,-70,47346,77,-141,1,-47295
-158,117,-72,46138,53,-129,1,-46116
-101,104,-50,44904,12,-96,0,-44805
-37,73,-25,43696,-30,-34,1,43770
7,43,2,42437,-150,62,0,-42307
33,22,24,41236,-265,-138,1,41145
37,5,37,40444,-272,-238,1,39960
53,-1,47,40092,-300,-264,1,-40106
65,-2,46,40096,-303,-278,1,-40183
55,3,35,40385,-297,-272,1,40434
41,15,22,40998,-290,-217,1,41452
11,28,7,42034,-156,-38,0,42142
-27,42,-8,43227,43,-58,1,-43262
-69,75,-15,44445,98,-89,1,-44454
-132,100,-31,45662,164,-126,0,-45693
-191,131,-39,46880,198,-138,1,-46968
-196,132,-30,48073,163,-144,1,-48061
-168,130,-13,49270,148,-124,1,-49332
-154,116,-18,50284,153,-127,1,-50293
-130,86,-31,50945,156,-133,1,-51156
-114,86,-10,51417,133,-100,1,-51219
-107,105,22,51671,107,-81,0,51707
-114,116,31,51622,93,-96,1,51645
-128,137,52,51450,69,-103,1,51224
-127,158,60,51095,43,-112,1,50956
-130,166,47,50590,40,-115,1,50639
-134,180,49,50064,29,-99,1,50156
-139,199,61,49641,-11,-117,1,-49637
-103,211,51,49361,-40,-95,1,-49198
-95,190,20,49065,-10,-89,1,-48912
-85,147,-7,48647,16,-102,1,-48817
-69,110,-20,48106,14,-114,1,-48048
-37,59,-39,47550,-4,-127,1,47609
-12,7,-64,47050,-89,-312,0,46740
8,-34,-72,46637,-146,-415,0,46926
27,-50,-61,46340,-178,-430,1,46093
28,-58,-58,46147,-169,-447,1,46410
26,-58,-61,45994,-157,-430,1,45703
22,-47,-56,45882,-148,-397,0,45608
-1,-17,-43,45838,-61,-319,0,-45621
-12,2,-24,45773,45,-192,0,-45636
-35,31,0,45674,162,-47,1,45784
-59,39,29,45701,169,-83,1,45693
-72,66,53,45965,135,-65,1,45945
-123,100,75,46468,129,-90,0,46347
-139,122,91,47116,119,-85,1,47239
-153,135,102,47842,117,-87,1,47803
-151,134,83,48620,132,-66,1,48489
-137,129,83,49429,89,-50,1,49444
-136,142,86,50184,70,-48,1,50237
-130,132,90,50661,37,-69,1,50648
-108,117,85,50815,40,-92,1,50756
-134,108,59,50690,87,-119,0,50931
-160,107,31,50303,114,-140,0,50287
-156,110,7,49589,113,-135,1,49587
-172,121,-16,48642,98,-141,1,-48691
-192,122,-37,47437,115,-151,1,-47435
-198,120,-46,46204,115,-144,1,-46100
-146,113,-37,44996,90,-117,1,-44846
-67,83,-18,43762,24,-58,1,-43729
-4,58,-1,42529,-106,81,0,-42531
27,33,9,41310,-263,-59,1,41042
38,17,19,40456,-323,-171,1,40903
63,6,32,39901,-349,-238,1,39542
75,2,40,39682,-338,-256,1,39630
67,2,40,39846,-322,-260,1,39822
54,8,35,40357,-303,-241,1,40037
30,22,30,41227,-233,-158,1,41323
-3,45,36,42401,-66,-62,0,-42453
-36,70,18,43619,46,-46,1,43540
-96,73,-20,44837,175,-144,1,-44804
-173,94,-31,46055,202,-168,0,-45925
-173,104,-24,47273,193,-148,0,-47147
-197,128,-9,48466,164,-134,1,-48445
-182,117,-25,49705,178,-134,1,-49862
-182,98,-13,50785,170,-128,0,-50798
-144,97,14,51513,139,-104,0,51511
-134,104,70,51765,116,-134,0,51821
-133,99,50,51638,134,-146,0,51574
-134,116,68,51346,88,-150,1,51433
-134,129,72,50878,77,-151,1,50730
-157,143,66,50288,67,-159,1,50431
-153,151,67,49653,36,-155,1,49412
-146,161,67,49084,16,-152,1,48971
-127,149,55,48547,29,-129,1,48609
-108,119,36,48079,27,-155,1,47989
-85,78,8,47648,66,-171,1,47833
-73,43,-3,47263,121,-187,1,-47167
-42,19,-9,46956,127,-204,1,-47082
-5,-1,-18,46722,-71,-328,0,-46997
15,-26,-40,46509,-181,-431,0,46212
21,-42,-54,46341,-162,-430,0,46082
24,-42,-59,46229,-155,-402,0,46487
27,-36,-60,46166,-163,-373,1,46464
17,-17,-53,46182,-126,-304,0,46339
-14,13,-38,46316,24,-139,0,-46170
-29,47,-11,46481,69,2,1,46572
-148,144,45,47940,127,-49,1,47910
-150,165,75,48656,106,-28,1,48665
-143,161,72,49383,111,-38,1,49353
-180,156,61,50096,119,-53,1,50146
-135,158,63,50751,38,-3,1,50751
-104,143,73,51128,12,-26,1,50959
-87,139,86,51247,-5,-59,1,-51354
-122,122,60,51135,62,-96,1,51170
-155,126,46,50725,85,-121,1,50881
-183,134,22,49939,101,-135,1,50133
-193,141,5,48841,99,-133,1,48741
-191,144,-20,47582,68,-140,1,-47408
-165,127,-47,46349,60,-141,1,-46412
-100,101,-47,45140,37,-111,0,-45110
-43,69,-35,43907,-20,-80,1,43921
3,35,-25,42674,-140,-54,0,-42551
37,19,-11,41531,-362,-154,1,-41973
65,7,6,40801,-454,-226,1,40454
97,7,27,40463,-411,-234,1,40706
95,12,32,40542,-365,-240,1,40877
74,12,20,40971,-363,-237,1,41436
44,13,8,41743,-351,-206,1,41654
-8,27,8,42813,-5,-7,0,-42794
-46,30,8,43926,128,-143,1,43936
-196,86,-7,47544,245,-174,1,-47473
-199,92,-1,48737,198,-161,0,-48800
-185,100,11,49955,183,-138,0,50120
-163,102,33,51094,149,-118,0,51089
