-21,101,0,-79,2,-2,0,-63
-21,100,0,-84,2,-3,0,-34
-21,101,0,-88,2,-2,0,-40
-21,100,0,-94,0,-2,0,-47
-20,100,0,-100,-1,0,0,-23
-20,100,0,-107,-1,0,0,-32
-20,100,0,-117,0,0,0,1
-21,100,0,-128,4,-4,0,-11
-48,106,8,-191,57,-53,0,-253
-79,113,14,-500,99,-102,1,-456
-143,132,9,-1129,136,-159,1,-1151
-126,133,19,-2165,114,-148,1,-2174
-156,137,27,-3395,134,-178,1,-3456
-129,127,37,-4636,117,-164,1,-4629
-119,113,34,-5851,115,-170,1,-5671
-95,90,22,-7067,106,-168,0,-6984
-54,67,7,-8283,81,-131,1,-8444
-28,24,-3,-9524,126,-179,1,9725
-27,-14,5,-10726,177,-433,1,10485
-4,-18,33,-11652,-42,-429,0,-11320
32,-35,37,-12445,-185,-466,1,12753
47,-65,29,-12928,-194,-520,1,12488
19,-70,42,-13059,-108,-542,0,12554
-2,-76,80,-13022,-63,-490,0,-13075
13,-67,107,-13015,-108,-461,0,13143
14,-69,80,-12971,-106,-503,0,13101
-11,-70,31,-12862,-60,-620,0,-12352
-2,-72,-1,-12741,-65,-709,0,13060
24,-69,-34,-12681,-150,-591,0,-13101
-32,-73,-68,-12364,20,-515,1,-12875
-54,-91,-93,-12102,17,-480,1,-11964
-80,-93,-86,-11959,83,-456,1,-12136
-95,-98,-77,-12027,117,-453,1,-12092
-69,-84,-45,-12435,125,-469,1,-12548
11,-66,4,-13115,-41,-612,0,12605
30,-82,64,-13617,-58,-494,1,13544
90,-79,133,-13988,-156,-408,1,14141
145,-68,117,-14151,-249,-408,1,13965
89,-60,50,-13768,-267,-451,1,13660
30,-49,1,-13079,-212,-555,1,12739
-80,-62,-31,-12248,130,-469,1,-12015
-166,-105,-71,-11710,151,-440,1,-11286
-161,-103,-62,-11695,172,-424,1,-11358
-69,-88,-35,-12192,115,-493,1,-11827
4,-69,1,-12822,-16,-645,0,12509
72,-66,65,-13435,-164,-437,1,13606
131,-65,119,-13871,-223,-392,1,14272
139,-70,91,-13894,-275,-412,1,13914
42,-56,43,-13341,-198,-498,1,13597
5,-62,-2,-12623,-87,-659,0,-13234
-152,-80,-57,-11825,181,-435,1,-12245
-199,-107,-93,-11549,169,-414,1,-11484
-117,-82,-63,-11932,167,-423,1,-12163
-15,-68,11,-12647,37,-587,0,13133
128,-48,106,-13449,-226,-367,1,13761
174,-71,93,-13840,-272,-400,1,13881
104,-58,58,-13511,-270,-420,1,13312
48,-58,17,-12892,-238,-512,1,13138
-30,-63,-2,-12107,54,-576,1,-11619
-174,-98,-45,-11366,182,-434,1,-11650
-211,-104,-54,-11154,193,-404,1,-10817
-118,-81,-25,-11640,178,-435,1,-11338
-14,-62,11,-12447,33,-601,0,13022
49,-56,49,-13227,-151,-464,1,12999
148,-58,88,-13853,-253,-385,1,14230
139,-61,87,-13906,-257,-403,1,13856
76,-60,55,-13463,-242,-457,1,13804
18,-53,28,-12758,-137,-560,0,13130
-78,-67,-12,-11965,132,-493,1,-12244
-187,-94,-52,-11334,197,-426,1,-11775
-167,-102,-59,-11325,180,-428,1,-11738
-81,-95,-24,-11804,136,-491,1,-12132
-15,-73,23,-12534,20,-573,0,12942
83,-66,69,-13269,-197,-430,1,13033
138,-60,83,-13704,-271,-397,1,13796
122,-63,57,-13605,-291,-423,1,13790
73,-47,33,-12966,-276,-449,1,12851
15,-40,7,-12083,-133,-606,0,11718
-139,-53,-45,-11124,215,-420,1,-10903
-209,-87,-89,-10615,170,-399,1,-10384
-182,-88,-68,-10673,197,-398,1,-10331
-118,-81,-33,-11207,176,-433,1,-10945
-36,-59,14,-12159,96,-520,1,11533
85,-49,64,-13265,-221,-404,1,12985
163,-57,83,-14044,-276,-383,1,13949
159,-54,65,-14140,-308,-387,1,14178
102,-42,34,-13596,-314,-411,1,13782
12,-42,0,-12647,-134,-621,0,13224
-140,-65,-41,-11628,188,-418,1,-11415
-227,-89,-53,-11006,191,-385,1,-11088
-160,-88,-39,-11131,203,-415,1,-10947
-95,-86,-12,-11636,160,-470,1,-11270
-15,-72,28,-12373,32,-558,0,12814
76,-63,73,-13104,-177,-428,1,12812
146,-62,81,-13564,-264,-399,1,13455
120,-68,51,-13501,-286,-431,1,13316
62,-60,33,-12969,-243,-481,1,13213
-9,-61,17,-12175,-33,-609,0,-11754
-141,-79,-17,-11389,185,-437,1,-11681
-206,-91,-31,-10977,206,-406,1,-11058
-162,-92,-29,-11186,198,-425,1,-10811
-90,-69,-2,-11794,176,-457,1,-12151
14,-51,19,-12764,-101,-569,0,13226
145,-55,44,-13638,-295,-388,1,13672
153,-66,55,-13974,-291,-404,1,14024
123,-66,43,-13767,-296,-420,1,13648
57,-61,25,-13151,-231,-492,1,12876
-41,-63,22,-12293,70,-528,1,12878
-199,-95,3,-11536,203,-413,1,11456
-196,-86,-8,-11345,221,-401,1,-11664
-101,-83,-5,-11738,165,-465,1,-11422
-37,-70,12,-12358,96,-546,1,12906
30,-74,46,-13048,-91,-517,1,12499
105,-65,82,-13632,-214,-416,1,13325
141,-68,70,-13911,-282,-417,1,13924
101,-60,44,-13627,-285,-437,1,13795
23,-60,24,-12991,-157,-566,0,12321
-59,-67,12,-12190,107,-514,1,11648
-194,-91,-6,-11561,202,-419,1,-11486
-159,-90,-13,-11464,203,-435,1,-11639
-99,-86,-18,-11778,163,-475,1,-12126
-33,-77,0,-12357,67,-571,1,12882
49,-75,36,-13007,-148,-513,1,12289
96,-81,56,-13484,-208,-459,1,13733
109,-79,51,-13697,-264,-451,1,13654
95,-75,33,-13525,-274,-463,1,13372
27,-66,25,-12973,-150,-558,1,12372
-65,-73,12,-12249,108,-509,1,11855
-168,-92,-15,-11687,191,-427,1,-11331
-155,-89,-21,-11598,191,-426,1,-11407
-110,-91,-12,-11935,168,-460,1,-12227
-38,-74,11,-12561,82,-551,1,13056
25,-81,28,-13234,-93,-568,1,12684
91,-73,61,-13736,-186,-445,1,13455
97,-82,82,-13967,-200,-451,1,14314
93,-73,70,-13888,-248,-453,1,14172
70,-64,29,-13507,-260,-489,1,13390
2,-61,2,-12820,-85,-669,0,12517
-124,-78,-17,-12070,176,-451,1,-11891
-203,-92,-25,-11669,203,-406,1,-11329
-128,-88,-19,-11888,178,-448,1,-12124
-87,-84,-4,-12386,165,-480,1,-12575
-7,-74,16,-13139,3,-612,0,12655
75,-72,46,-13876,-193,-467,1,14080
133,-67,72,-14386,-257,-411,1,14375
121,-74,54,-14442,-277,-437,1,14540
71,-65,31,-14056,-238,-480,1,14286
0,-63,21,-13415,-69,-611,0,13929
-39,-64,-3,-12809,80,-577,1,-12289
-176,-87,-49,-12138,199,-427,1,-11983
-160,-90,-70,-11977,169,-422,1,-12101
-83,-90,-46,-12341,122,-466,1,-12731
-59,-80,-10,-12790,116,-512,1,-12290
8,-80,28,-13367,-45,-574,0,13950
108,-63,76,-13973,-235,-407,1,14325
153,-78,64,-14310,-283,-423,1,14286
102,-69,34,-14036,-273,-455,1,13830
24,-68,9,-13379,-139,-603,0,14018
-49,-64,-13,-12629,92,-530,1,-13082
-152,-82,-34,-12005,176,-430,1,-12062
-165,-88,-39,-11838,191,-418,1,-12278
-115,-93,-28,-12132,164,-452,1,-11827
-81,-78,0,-12694,160,-473,1,12531
34,-69,29,-13522,-117,-532,1,14030
101,-71,59,-14139,-214,-431,1,13914
98,-80,69,-14371,-203,-454,1,14662
60,-87,57,-14258,-180,-509,1,13998
55,-76,34,-13992,-213,-528,1,13345
35,-73,6,-13565,-183,-582,1,13921
-37,-68,-13,-12885,60,-567,1,-12343
-183,-85,-43,-12248,181,-413,1,-11830
-158,-83,-41,-12201,185,-413,1,-11882
-108,-76,-28,-12614,168,-436,1,-12391
-36,-61,3,-13299,92,-538,1,12712
63,-68,25,-14120,-182,-489,1,13852
134,-70,57,-14702,-255,-411,1,14576
136,-78,53,-14813,-275,-425,1,14741
85,-70,41,-14436,-256,-458,1,14703
18,-68,38,-13760,-121,-547,0,14224
-74,-73,19,-12961,125,-503,1,13114
-146,-93,-12,-12382,171,-453,1,-12792
-156,-92,-21,-12252,179,-432,1,-11793
-121,-90,-15,-12601,165,-454,1,-12405
-45,-72,2,-13306,96,-536,1,12772
41,-64,25,-14124,-133,-527,1,13741
104,-74,61,-14784,-218,-439,1,14543
154,-66,70,-15098,-297,-407,1,15065
117,-63,46,-14808,-285,-431,1,14595
31,-52,32,-14032,-164,-521,1,13419
-37,-57,2,-13158,86,-555,1,12548
-143,-72,-36,-12382,192,-433,1,-12741
-175,-85,-54,-12049,183,-411,1,-12018
-134,-89,-43,-12260,170,-429,1,-11794
-94,-81,-18,-12778,160,-462,1,-12444
-23,-72,15,-13585,48,-570,0,14149
72,-68,63,-14431,-192,-439,1,14688
170,-56,81,-14987,-284,-385,1,15070
127,-72,49,-14923,-273,-436,1,15075
68,-59,31,-14289,-248,-480,1,13978
-12,-58,14,-13371,-11,-622,0,-13924
-93,-63,-7,-12385,178,-466,1,-12645
-156,-60,-49,-11452,216,-405,1,-11621
-166,-53,-68,-11063,212,-385,1,-10932
-121,-69,-69,-11408,150,-407,1,-11765
-88,-69,-43,-12115,135,-422,1,-11851
-22,-57,-2,-13039,41,-564,0,-12507
32,-62,41,-13992,-111,-496,1,14097
79,-60,99,-14860,-169,-410,1,15150
146,-57,95,-15489,-268,-399,1,15603
121,-61,54,-15429,-285,-435,1,15514
43,-61,27,-14601,-190,-531,1,15272
-47,-36,18,-13395,147,-487,1,13627
-147,-36,-40,-12398,215,-423,1,-12682
-176,-49,-94,-11726,179,-415,1,-11298
-170,-72,-112,-11767,173,-387,1,-11356
-107,-54,-73,-12459,150,-365,1,-12613
-25,-46,-20,-13601,72,-485,1,-13482
77,-42,43,-14835,-233,-384,1,14377
167,-50,72,-15724,-289,-373,1,15842
162,-68,46,-15860,-312,-405,1,15772
92,-57,29,-15139,-274,-437,1,15357
17,-40,23,-13933,-132,-538,0,13525
-72,-38,6,-12730,193,-441,1,12455
-208,-59,-39,-11782,212,-378,1,-12153
-197,-55,-25,-11532,224,-359,1,-11365
-149,-74,-11,-12034,206,-397,1,-11928
-104,-78,8,-12862,176,-441,1,13076
-19,-55,40,-14084,30,-456,0,14036
98,-9,86,-15325,-216,-305,1,14852
157,-8,93,-16359,-272,-336,1,16226
134,-45,62,-16580,-293,-394,1,16633
84,-35,53,-15948,-270,-406,1,16019
9,-45,41,-14959,-89,-525,0,14388
6,-41,28,-13976,-74,-555,0,13508
-134,-61,-30,-12883,211,-463,1,-13289
-201,-77,-63,-12144,195,-415,1,-11916
-140,-88,-60,-12202,155,-430,1,-11900
-126,-92,-42,-12722,158,-429,1,-12432
-83,-76,-11,-13626,134,-457,1,-13416
9,-42,28,-14862,-112,-495,0,15282
127,-14,66,-16085,-301,-319,1,16117
167,-11,73,-16854,-300,-344,1,16718
147,-35,47,-16730,-321,-386,1,16645
92,-40,37,-15782,-281,-421,1,15684
22,-27,28,-14597,-137,-493,0,14450
-98,-17,-11,-13387,312,-410,1,-13460
-205,-49,-103,-12412,212,-410,1,-12720
-153,-65,-107,-12244,149,-396,1,-11901
-121,-69,-83,-12777,144,-391,1,-12436
-76,-76,-41,-13638,122,-439,1,-13475
-33,-66,0,-14803,68,-517,1,15344
46,-43,49,-16019,-185,-401,1,16268
129,-34,82,-17057,-270,-348,1,16903
135,-39,80,-17408,-282,-377,1,17260
111,-38,55,-17060,-300,-402,1,16999
58,-35,28,-16095,-262,-458,1,15893
-6,-33,0,-14911,12,-667,0,14479
-118,-41,-43,-13712,202,-426,1,-13465
-183,-67,-94,-12973,169,-408,1,-13113
-150,-76,-86,-13051,153,-397,1,-13160
-99,-80,-54,-13740,136,-434,1,-13450
-40,-71,-14,-14833,81,-492,1,-14374
5,-60,35,-16021,-59,-506,0,16200
90,-41,79,-17083,-221,-366,1,17205
143,-43,92,-17740,-268,-375,1,17868
135,-44,68,-17679,-294,-402,1,17745
90,-44,29,-16939,-288,-453,1,17054
24,-37,-13,-15787,-148,-580,0,-16201
-72,-35,-66,-14552,169,-463,1,-14744
-149,-36,-107,-13461,178,-400,1,-13688
-137,-60,-120,-13116,129,-389,1,-13050
-123,-66,-84,-13441,140,-373,1,-13588
-85,-69,-49,-14357,110,-401,1,-14794
-5,-61,-3,-15571,-33,-607,0,16020
59,-42,46,-16804,-214,-382,1,16436
122,-39,71,-17649,-261,-352,1,17587
128,-42,72,-17793,-272,-377,1,17685
109,-45,59,-17198,-276,-404,1,17364
55,-38,46,-16054,-213,-446,1,16355
-38,-22,20,-14868,183,-453,1,15175
-139,-5,-35,-13633,296,-384,1,-13753
-191,-36,-108,-12812,186,-390,1,-13250
-170,-31,-94,-13027,176,-347,1,-13282
-111,-54,-63,-14014,148,-382,1,-14131
-62,-66,-31,-15229,104,-446,1,-15049
3,-55,13,-16470,-58,-568,0,16993
65,-29,58,-17685,-225,-360,1,17655
137,-38,64,-18571,-290,-375,1,18482
134,-46,52,-18644,-296,-395,1,18658
99,-47,38,-17858,-285,-428,1,17694
53,-38,22,-16650,-239,-481,1,16386
-40,-15,-5,-15440,258,-439,1,-15574
-185,11,-72,-14229,270,-339,1,14143
-221,-7,-106,-13634,187,-336,1,-13318
-127,-35,-67,-14171,167,-360,1,-13960
-105,-56,-39,-15216,179,-389,1,-14883
-67,-66,-18,-16429,128,-463,1,-16756
-6,-64,11,-17670,-25,-587,0,-18277
37,-37,42,-18911,-185,-425,1,18662
149,-35,50,-19968,-319,-369,1,19767
141,-41,39,-20257,-314,-390,1,20253
118,-50,26,-19577,-308,-420,1,19638
58,-52,11,-18343,-228,-509,1,18104
-15,-23,3,-17132,114,-557,0,16556
-179,2,-50,-15939,258,-341,1,16022
-200,-28,-83,-15509,175,-360,1,-15826
-159,-38,-55,-15756,224,-355,1,-15496
-154,-53,-49,-16472,209,-366,1,-16758
-81,-64,-24,-17594,152,-428,1,-17906
-23,-58,12,-18860,62,-534,0,19361
37,-37,51,-20073,-158,-417,1,20324
108,-31,86,-21152,-229,-357,1,21304
157,-40,83,-21677,-295,-375,1,21526
131,-39,61,-21342,-299,-395,1,21350
68,-42,36,-20312,-253,-450,1,20000
8,-31,18,-19102,-90,-581,0,18566
-101,-32,-27,-17867,224,-423,1,-17647
-182,-35,-65,-16930,206,-383,1,-17222
-209,-45,-84,-16718,199,-364,1,-16462
-158,-59,-70,-17152,199,-376,1,-17327
-94,-69,-41,-18085,155,-420,1,-18351
-25,-65,-4,-19278,55,-561,1,-18707
11,-57,32,-20432,-60,-514,0,19940
49,-42,73,-21472,-165,-387,1,21163
153,-29,84,-22252,-317,-354,1,22116
163,-44,52,-22272,-329,-391,1,22158
98,-39,27,-21329,-306,-428,1,21398
39,-32,3,-20119,-236,-505,1,20413
-46,-9,-19,-18909,230,-392,1,-18570
-173,17,-61,-17674,259,-334,1,17861
-209,-1,-99,-17099,178,-328,1,-17295
-154,-27,-68,-17301,201,-341,1,-17099
-153,-48,-51,-18036,213,-354,1,-18242
-108,-54,-29,-19238,174,-379,1,-19121
-22,-37,-2,-20453,37,-492,0,-19993
69,-3,31,-21695,-359,-284,1,21656
191,0,39,-22878,-379,-319,1,-22915
163,-25,25,-23117,-338,-370,1,23245
114,-40,19,-22433,-317,-400,1,22358
80,-37,21,-21250,-294,-420,1,21477
21,-19,13,-20040,-188,-480,0,20267
-97,10,-27,-18830,304,-310,1,18939
-246,34,-82,-17650,258,-314,1,17487
-205,-13,-88,-17420,208,-333,1,-17668
-168,-29,-54,-18104,227,-334,1,-18325
-124,-45,-30,-19316,198,-361,1,-19093
-38,-30,4,-20557,120,-427,1,20897
64,-14,26,-21772,-326,-349,1,21830
148,-15,25,-23007,-374,-345,1,22899
181,-32,12,-23600,-345,-371,1,23712
133,-37,13,-23086,-321,-386,1,23107
96,-40,12,-21915,-297,-412,1,21857
47,-25,-6,-20730,-266,-429,1,-20590
-109,11,-19,-19520,314,-277,1,19559
-260,14,-78,-18479,233,-311,1,18610
-175,-28,-41,-18524,222,-348,1,-18753
-172,-51,-20,-19318,259,-369,1,-19344
-127,-52,-10,-20534,195,-391,1,-20792
-10,-39,18,-21775,-24,-542,0,-22332
64,-23,40,-23017,-272,-374,1,23023
148,-10,60,-24225,-313,-335,1,24180
179,-20,48,-24800,-344,-352,1,24644
153,-17,47,-24320,-336,-353,1,24181
84,-14,36,-23127,-294,-379,1,23159
10,-12,13,-21942,-150,-488,0,21705
-99,-15,-40,-20731,242,-398,1,-20942
-202,2,-91,-19521,224,-343,1,19812
-226,-13,-121,-18976,188,-333,1,-19322
-167,-44,-81,-19525,191,-353,1,-19782
-129,-54,-44,-20714,165,-339,1,-20868
-34,-34,-2,-21955,86,-440,1,-21538
86,-22,42,-23196,-291,-337,1,23171
110,-25,58,-24251,-266,-360,1,24219
134,-34,62,-24787,-290,-373,1,24605
155,-29,54,-24624,-325,-372,1,24746
96,-26,33,-23582,-297,-405,1,23802
39,-23,7,-22347,-251,-475,1,22111
-62,29,-32,-21162,236,-256,1,21126
-225,69,-126,-19952,229,-306,1,19680
-221,28,-145,-19493,143,-300,1,19923
-128,-7,-78,-20058,161,-306,1,-20479
-155,-27,-54,-21035,217,-318,1,-21369
-127,-29,-30,-22273,204,-321,1,-22257
8,-11,18,-23539,-163,-375,0,23092
78,5,57,-24755,-275,-274,1,-24769
174,-8,56,-25889,-353,-333,1,26014
165,-28,47,-26162,-345,-367,1,26261
131,-28,39,-25418,-335,-377,1,25539
71,-17,31,-24208,-290,-390,1,24160
-4,15,6,-22973,78,-117,0,-22927
-142,72,-65,-21763,245,-282,1,21608
-261,58,-158,-20771,199,-314,1,20860
-166,21,-131,-21131,114,-292,1,21482
-137,-15,-85,-22096,174,-316,1,-22284
-114,-36,-49,-23319,194,-351,1,-23276
-58,-34,-22,-24560,142,-376,1,-24089
40,-21,15,-25827,-309,-355,1,25732
112,-7,30,-27068,-370,-307,1,27027
178,-22,30,-27854,-362,-346,1,27719
153,-29,30,-27577,-335,-373,1,27418
92,-42,23,-26479,-287,-430,1,26556
47,-28,17,-25269,-250,-460,1,25504
-45,10,-12,-24084,269,-291,1,24082
-224,47,-112,-22824,253,-320,1,22649
-226,27,-141,-22227,171,-297,1,22308
-128,-11,-93,-22820,158,-319,1,-22698
-123,-38,-60,-23774,191,-351,1,-23900
-106,-32,-32,-25002,199,-349,1,-24665
-18,-16,-14,-26244,54,-399,0,-26411
87,-2,23,-27510,-390,-266,1,27579
178,1,39,-28699,-356,-310,1,-28892
169,-17,39,-29050,-325,-352,1,29183
139,-26,37,-28479,-329,-366,1,28591
92,-18,29,-27300,-313,-370,1,27321
32,-22,11,-26089,-233,-464,1,25842
-66,-20,-24,-24879,244,-410,1,-24582
-147,2,-68,-23644,272,-337,1,23755
-231,21,-106,-22616,228,-323,1,22888
-172,-32,-101,-22736,179,-345,1,-23032
-124,-42,-61,-23626,183,-352,1,-24013
-86,-52,-33,-24865,153,-386,1,-24702
-23,-51,11,-26106,39,-514,0,26610
41,-41,53,-27321,-180,-409,1,27556
130,-40,74,-28409,-274,-370,1,28276
154,-33,64,-28735,-305,-377,1,28815
120,-42,33,-28317,-315,-420,1,28278
62,-47,5,-27307,-256,-479,1,27549
-8,-34,-2,-26097,14,-644,0,-26457
-108,-25,-37,-24887,224,-396,1,-24586
-248,-29,-102,-23956,209,-365,1,-23716
-174,-62,-77,-24095,184,-374,1,-24333
-118,-68,-38,-24928,176,-401,1,-24688
-58,-67,-9,-26112,100,-476,1,-25649
-11,-57,8,-27353,-31,-584,0,-26810
90,-36,33,-28569,-306,-384,1,28557
153,-27,36,-29554,-346,-352,1,29651
170,-29,30,-29715,-353,-358,1,29884
125,-31,25,-29088,-333,-380,1,29137
69,-33,21,-27940,-279,-433,1,28150
11,-31,0,-26755,-97,-633,0,27277
-63,-9,-41,-25544,231,-385,1,-25278
-209,62,-127,-24334,247,-316,1,24146
-181,-26,-174,-23884,117,-370,1,-23629
-113,-33,-112,-24329,115,-335,1,-24074
-104,-43,-75,-25155,146,-348,1,-25488
-82,-53,-50,-26272,129,-382,1,-26421
-27,-58,-15,-27488,46,-501,1,-27308
33,-27,39,-28729,-182,-376,1,29157
155,-19,58,-29892,-334,-324,1,29821
163,-36,47,-30313,-332,-359,1,30441
123,-37,33,-29845,-336,-378,1,29919
78,-30,25,-28789,-307,-401,1,28831
17,-26,15,-27603,-154,-525,0,26946
-138,-34,-22,-26393,266,-389,1,-26409
-273,-48,-60,-25417,235,-367,1,-25547
-179,-74,-44,-25485,203,-398,1,-25114
-111,-82,-23,-26162,166,-441,1,-26374
-69,-78,-1,-27103,110,-486,1,-26720
-8,-65,20,-28237,-28,-580,0,-27718
47,-44,41,-29361,-197,-449,1,29594
123,-29,39,-30456,-331,-371,1,30348
184,-41,23,-31001,-353,-378,1,31109
119,-36,17,-30489,-327,-401,1,30600
75,-30,8,-29311,-311,-441,1,29357
-4,-17,-13,-28100,23,-557,0,-28646
-157,3,-66,-26890,264,-344,1,27019
-231,-15,-116,-26020,189,-342,1,-25812
-152,-43,-81,-26219,179,-355,1,-26454
-139,-64,-57,-27037,199,-373,1,-26786
-95,-64,-31,-28221,160,-394,1,-28522
12,-32,10,-29462,-136,-531,0,29083
105,-14,46,-30704,-314,-312,1,30632
160,-24,57,-31623,-318,-343,1,31584
140,-38,45,-31659,-320,-372,1,31585
115,-26,39,-30874,-330,-371,1,30956
62,-22,25,-29666,-286,-412,1,29526
-12,0,-5,-28431,273,-376,0,28517
-180,23,-67,-27220,269,-325,1,27391
-290,37,-144,-26303,215,-316,1,26330
-181,-29,-104,-26619,161,-335,1,-26330
-97,-43,-45,-27657,186,-370,1,-28071
-54,-52,-22,-28899,128,-437,1,-29127
3,-44,10,-30114,-70,-583,0,30594
88,-7,55,-31381,-308,-284,1,31446
196,-21,49,-32440,-365,-339,1,32363
160,-30,37,-32384,-329,-364,1,32455
95,-27,28,-31338,-317,-394,1,31366
40,-21,10,-30128,-268,-448,1,29998
-55,4,-20,-28918,274,-323,1,28807
-250,55,-107,-27708,258,-299,1,27828
-243,13,-120,-27459,167,-312,1,27225
-120,-30,-59,-28475,176,-360,1,-28351
-99,-68,-35,-29716,181,-425,1,-29967
-68,-66,-16,-30957,130,-444,1,-31196
29,-19,32,-32173,-203,-368,1,31781
144,-2,34,-33414,-383,-312,1,33404
187,-30,20,-34171,-372,-344,1,34287
131,-25,29,-33800,-345,-352,1,33925
113,-29,21,-32707,-338,-374,1,32669
42,-11,10,-31496,-298,-380,1,31612
-82,-1,-17,-30286,301,-335,1,-30317
-247,19,-99,-29143,237,-321,1,28927
-203,-34,-112,-29055,169,-353,1,-28721
-159,-59,-74,-29732,196,-377,1,-30066
-117,-66,-37,-30838,164,-404,1,-31057
-50,-43,-7,-32079,101,-432,1,-31899
45,-19,8,-33320,-364,-375,1,33294
131,-3,23,-34561,-395,-318,1,34594
182,-15,11,-35433,-385,-346,1,35329
166,-21,9,-35348,-368,-348,1,35487
123,-12,17,-34345,-351,-356,1,34423
62,-17,7,-33134,-315,-412,1,33254
-19,-12,-18,-31924,158,-455,0,-32226
-136,2,-48,-30714,259,-340,1,30464
-252,18,-117,-29692,218,-326,1,29434
-179,-35,-103,-29734,176,-348,1,-30012
-150,-44,-69,-30584,180,-329,1,-30323
-104,-41,-45,-31821,137,-341,1,-32242
-4,-10,-2,-33062,-14,-510,0,32988
99,17,26,-34303,-383,-260,1,-34281
199,1,19,-35475,-386,-331,1,-35472
189,-13,16,-35680,-346,-353,1,35780
132,-28,15,-34869,-319,-378,1,35040
85,-25,18,-33634,-294,-401,1,33672
21,0,-6,-32424,-281,-348,0,32502
-99,29,-52,-31238,236,-284,1,31677
-258,21,-146,-30104,187,-322,1,30187
-197,6,-112,-30365,138,-308,1,30603
-130,-38,-63,-31580,177,-357,1,-31256
-74,-54,-29,-32821,123,-404,1,-33216
38,-37,18,-34088,-238,-433,1,33897
86,-28,49,-35318,-276,-357,1,35325
122,-38,60,-36191,-270,-378,1,36170
135,-38,58,-36464,-295,-378,1,36523
129,-36,44,-36128,-308,-387,1,36131
80,-38,35,-35192,-273,-429,1,35230
49,-28,24,-33959,-246,-468,1,34225
-46,-11,-15,-32749,259,-405,1,-32594
-194,38,-66,-31539,277,-315,1,31672
-222,14,-139,-30753,177,-342,1,31134
-145,-27,-102,-31067,162,-339,1,-30791
-130,-34,-70,-31782,192,-335,1,-32078
-106,-53,-38,-32894,180,-380,1,-33226
-39,-32,0,-34160,125,-408,1,33983
57,-4,57,-35401,-252,-278,1,35750
193,-8,76,-36587,-333,-314,1,36374
172,-26,72,-36917,-303,-356,1,36999
133,-28,57,-36320,-302,-383,1,36136
62,-32,38,-35143,-244,-444,1,34826
-7,-22,1,-33957,48,-649,0,34316
-91,7,-46,-32723,256,-342,1,32756
-232,20,-145,-31544,193,-337,1,31430
-189,0,-130,-31305,148,-310,1,31703
-145,-25,-84,-32010,163,-319,1,-31821
-108,-39,-39,-33172,188,-343,1,-32786
-42,-39,9,-34413,123,-425,1,34746
66,-21,63,-35654,-236,-312,1,35571
160,-30,83,-36760,-301,-346,1,36623
158,-51,68,-37085,-291,-386,1,37012
103,-53,53,-36643,-269,-423,1,36845
78,-43,42,-35675,-258,-430,1,35771
20,-23,23,-34465,-147,-490,0,34764
-120,-3,-26,-33255,303,-349,1,-33275
-249,26,-80,-32189,238,-324,1,31935
-217,-20,-94,-32297,179,-327,1,-32585
-152,-48,-51,-33257,221,-353,1,-32989
-70,-59,-6,-34498,144,-432,1,-34696
-17,-51,29,-35714,17,-516,0,35246
39,-50,55,-36949,-147,-436,1,37207
102,-29,90,-37939,-240,-350,1,38307
160,-26,96,-38437,-286,-359,1,38533
129,-42,68,-38224,-291,-398,1,38159
79,-39,49,-37430,-264,-427,1,37571
29,-38,21,-36346,-180,-519,1,36706
-75,-44,-17,-35136,209,-465,1,-34893
-172,-52,-52,-34153,194,-402,1,-33940
-185,-71,-70,-33764,199,-395,1,-33303
-152,-76,-59,-33945,188,-397,1,-34126
-83,-71,-21,-34540,156,-440,1,-34756
-38,-68,11,-35326,91,-517,1,35788
-22,-64,52,-35981,35,-485,0,36183
37,-59,99,-36678,-109,-411,1,36556
103,-61,133,-37204,-204,-394,1,37068
131,-61,101,-37263,-256,-418,1,36873
57,-64,60,-36739,-192,-495,1,36586
0,-56,29,-35982,-68,-598,0,36531
2,-48,-7,-35194,-83,-674,0,-35748
-117,-38,-49,-34235,217,-408,1,-33943
-229,-47,-89,-33536,205,-359,1,-33734
-185,-50,-63,-33623,214,-350,1,-33386
-101,-63,-16,-34195,197,-410,1,-33945
-56,-73,27,-34960,125,-482,1,35188
-17,-76,79,-35729,0,-470,0,35411
63,-60,112,-36587,-155,-415,1,36761
143,-73,59,-37248,-290,-440,1,37142
106,-74,17,-37257,-285,-469,1,37233
59,-66,0,-36816,-235,-512,1,36515
19,-54,1,-36150,-152,-602,0,36830
-22,-49,1,-35339,37,-583,0,34895
-141,-56,-19,-34504,219,-407,1,-34593
-233,-61,-35,-33948,256,-370,1,-33824
-167,-72,-26,-34081,215,-395,1,-33927
-113,-73,-9,-34611,201,-431,1,-34407
-51,-73,6,-35436,113,-516,1,34918
21,-64,35,-36412,-99,-522,0,35931
99,-61,56,-37292,-250,-422,1,37011
147,-70,46,-37829,-297,-418,1,37814
130,-68,21,-37742,-304,-430,1,37688
84,-55,3,-37075,-280,-452,1,36964
29,-36,2,-36078,-203,-523,1,36370
-34,-37,-7,-34902,122,-506,1,-35287
-193,-21,-18,-33711,283,-341,1,-33576
-268,-51,-43,-33149,258,-352,1,-32818
-188,-65,-18,-33480,222,-377,1,-33673
-112,-63,1,-34388,173,-419,1,34575
-22,-67,14,-35579,12,-578,0,35052
23,-61,34,-36692,-118,-533,0,36153
80,-48,40,-37710,-266,-433,1,37792
143,-56,20,-38448,-324,-416,1,38492
130,-63,1,-38585,-306,-428,1,38556
100,-59,-3,-38211,-297,-438,1,-38273
69,-55,2,-37484,-258,-469,1,37580
-4,-46,5,-36417,-5,-645,0,-36074
-123,-58,-19,-35297,206,-423,1,-35035
-201,-52,-45,-34474,277,-370,1,-34330
-161,-72,-56,-34383,213,-396,1,-34756
-109,-79,-36,-34792,175,-427,1,-34529
-75,-72,-11,-35497,140,-455,1,-35815
5,-58,34,-36490,-73,-517,0,36057
103,-51,79,-37409,-244,-383,1,37812
153,-56,96,-37969,-273,-389,1,37897
123,-61,68,-37888,-284,-432,1,37707
71,-56,34,-37261,-242,-471,1,37114
23,-48,10,-36267,-151,-588,0,36679
-65,-41,-32,-35104,176,-457,1,-34836
-209,-50,-88,-33989,192,-371,1,-34244
-203,-46,-65,-33609,212,-342,1,-33390
-120,-70,-32,-34024,179,-402,1,-34284
-98,-73,4,-34738,171,-421,1,34448
-44,-58,42,-35749,69,-456,1,35357
52,-48,72,-36946,-170,-418,1,37129
106,-40,78,-38041,-251,-387,1,38368
151,-49,52,-38750,-318,-398,1,38781
139,-50,37,-38642,-319,-402,1,38594
92,-30,22,-37646,-290,-412,1,37859
20,-9,-13,-36411,-180,-450,0,-36699
-91,-23,-60,-35226,214,-421,1,-34976
-158,-14,-99,-34220,198,-360,1,-34044
-168,-24,-125,-33892,133,-353,1,-34122
-155,-54,-93,-34050,185,-356,1,-33836
-159,-50,-66,-34696,164,-341,1,-34459
-66,-58,-20,-35910,99,-423,1,-36329
-12,-22,23,-37151,12,-444,0,37026
129,-14,38,-38392,-372,-320,1,38162
181,-14,39,-39366,-352,-340,1,39253
152,-39,24,-39319,-329,-379,1,39169
103,-31,23,-38412,-320,-383,1,38439
61,-34,18,-37202,-270,-438,1,37348
19,-12,14,-35967,-168,-446,0,36208
-131,25,-42,-34756,301,-309,1,34667
-201,32,-109,-33563,265,-312,1,33699
-228,5,-151,-33269,142,-324,1,32842
-107,-39,-90,-34058,111,-354,1,-33810
-104,-46,-42,-35253,175,-359,1,-34846
-71,-53,-9,-36469,149,-430,1,-36662
-18,-47,11,-37735,-26,-526,0,-37189
39,-34,42,-38976,-212,-416,1,39260
149,-30,39,-40155,-350,-359,1,40013
170,-35,28,-40612,-346,-366,1,40448
147,-32,19,-40180,-348,-369,1,40004
104,-29,16,-39037,-325,-387,1,39133
44,0,9,-37827,-311,-328,1,-37782
-82,26,-9,-36592,308,-280,1,36492
-263,41,-100,-35493,229,-334,1,35395
-203,-15,-105,-35414,178,-349,1,-35605
-174,-37,-72,-35877,237,-343,1,-36179
-143,-49,-61,-36839,173,-361,1,-36515
-80,-58,-33,-38080,132,-407,1,-38393
-13,-30,7,-39347,25,-520,0,39864
70,-22,33,-40562,-288,-366,1,40562
150,-22,52,-41638,-327,-340,1,41476
168,-25,49,-41994,-333,-357,1,42147
138,-34,33,-41543,-337,-387,1,41501
80,-33,19,-40472,-305,-427,1,40685
43,-15,3,-39262,-300,-436,1,39392
-97,4,-53,-38051,227,-348,1,38217
-217,21,-127,-36861,203,-334,1,36554
-198,-18,-142,-36493,152,-336,1,-36610
-122,-40,-92,-36961,146,-350,1,-37290
-109,-49,-54,-37720,166,-356,1,-37625
-110,-59,-37,-38780,160,-372,1,-38617
-39,-51,9,-40022,99,-456,1,40431
60,-11,51,-41263,-256,-303,1,41209
169,-8,70,-42349,-317,-313,1,42371
163,-26,57,-42713,-328,-355,1,42621
132,-30,40,-42281,-343,-370,1,42429
89,-25,28,-41259,-318,-383,1,41271
43,-9,16,-40049,-291,-378,1,39963
-107,-1,-18,-38814,324,-360,1,-38855
-276,16,-79,-37642,263,-331,1,37386
-236,-24,-89,-37555,208,-341,1,-37778
-144,-61,-46,-38491,198,-389,1,-38790
-84,-62,-8,-39730,148,-439,1,-39546
9,-52,13,-40971,-98,-586,0,41495
62,-54,24,-42151,-213,-460,1,42409
106,-45,40,-43024,-271,-395,1,43238
130,-47,48,-43498,-297,-388,1,43485
136,-49,52,-43406,-310,-389,1,43443
102,-41,49,-42658,-279,-403,1,42585
45,-31,26,-41475,-221,-467,1,41766
-55,-23,-23,-40265,219,-438,1,-39956
-175,-17,-50,-39063,239,-365,1,-39322
-220,-43,-82,-38450,206,-366,1,-38706
-152,-64,-56,-38625,204,-388,1,-38708
-130,-73,-35,-39273,175,-402,1,-39103
-80,-76,-6,-40237,131,-453,1,-40042
-32,-61,25,-41322,59,-515,1,41833
41,-39,46,-42534,-196,-424,1,42851
130,-35,55,-43534,-297,-369,1,43713
143,-54,54,-44066,-301,-396,1,44041
137,-50,46,-43928,-324,-389,1,43973
87,-41,37,-43205,-279,-413,1,43031
39,-32,25,-42047,-212,-471,1,42265
-44,-27,0,-40837,219,-468,1,40638
-178,-24,-47,-39628,267,-371,1,-39482
-214,-31,-63,-38832,244,-360,1,-38603
-161,-49,-52,-38857,213,-371,1,-38608
-112,-62,-34,-39347,184,-409,1,-39139
-84,-77,-25,-40122,134,-454,1,-40447
-75,-73,2,-41051,138,-468,1,41216
-1,-51,40,-42220,-41,-492,0,-42289
90,-40,67,-43402,-250,-381,1,43057
158,-39,71,-44190,-300,-370,1,44091
144,-57,47,-44241,-309,-402,1,44273
105,-45,31,-43542,-304,-406,1,43766
37,-34,23,-42370,-201,-479,1,42119
-48,-30,0,-41160,219,-466,1,41468
-198,-29,-43,-39963,257,-366,1,-40071
-236,-44,-61,-39419,232,-356,1,-39055
-173,-62,-41,-39708,223,-373,1,-39435
-119,-65,-8,-40453,188,-399,1,-40709
-20,-57,27,-41617,9,-523,0,41121
53,-58,57,-42658,-184,-452,1,42979
101,-56,74,-43464,-242,-414,1,43184
122,-64,49,-43854,-282,-430,1,43918
102,-69,23,-43740,-284,-471,1,43552
59,-63,9,-43160,-224,-515,1,43589
23,-63,-3,-42293,-113,-601,0,-42806
-71,-49,-2,-41280,182,-454,1,-41017
-155,-43,-19,-40391,253,-379,1,-40161
-187,-55,-38,-39961,243,-380,1,-40251
-154,-70,-34,-40148,213,-402,1,-40298
-106,-75,-19,-40756,176,-444,1,-40459
-51,-74,-11,-41653,92,-513,1,-41115
-2,-70,17,-42621,-18,-592,0,-42102
57,-61,57,-43492,-191,-435,1,43216
135,-49,95,-44040,-259,-372,1,44189
131,-59,78,-44103,-273,-407,1,44084
97,-57,47,-43651,-274,-441,1,43614
51,-48,28,-42781,-224,-491,1,42538
-56,-49,5,-41704,151,-493,1,41885
-163,-66,-26,-40651,215,-414,1,-40826
-207,-64,-32,-40181,243,-381,1,-40343
-122,-73,-11,-40364,186,-433,1,-40090
-86,-83,-4,-40870,150,-480,1,-40684
-59,-74,0,-41508,121,-508,1,41937
-27,-74,8,-42311,45,-574,1,42766
23,-64,38,-43169,-119,-516,0,43737
102,-61,73,-43870,-245,-410,1,43552
134,-64,71,-44142,-279,-414,1,44059
118,-61,36,-43864,-292,-433,1,43945
69,-61,1,-43093,-241,-495,1,43313
14,-49,-18,-42032,-105,-588,0,-42530
-66,-41,-33,-40879,154,-432,1,-40658
-224,-36,-47,-39912,258,-338,1,-39782
-234,-50,-31,-39624,257,-345,1,-39516
-138,-66,3,-40072,214,-400,1,40214
-65,-75,8,-40794,136,-499,1,40482
-41,-77,18,-41608,77,-534,1,41130
19,-63,53,-42474,-107,-482,0,42104
92,-64,62,-43249,-241,-432,1,43505
114,-72,49,-43611,-259,-441,1,43751
82,-72,26,-43487,-242,-485,1,43207
59,-70,10,-43066,-220,-522,1,43676
41,-55,9,-42469,-201,-534,1,42796
-19,-46,12,-41708,35,-573,0,41157
-82,-33,33,-40823,197,-402,1,40561
-251,-69,-17,-40150,234,-385,1,-40211
-228,-91,-37,-40102,225,-401,1,-40267
-167,-78,-21,-40661,213,-401,1,-40814
-39,-62,5,-41748,91,-536,1,41282
44,-61,35,-42916,-171,-494,1,42708
110,-46,67,-43895,-264,-392,1,44021
178,-48,42,-44523,-337,-390,1,44427
142,-56,5,-44432,-327,-414,1,44523
67,-44,-3,-43788,-282,-457,1,-43956
33,-42,-6,-42965,-213,-518,1,-42252
-26,-33,12,-42003,94,-506,1,42371
-140,-51,6,-41029,217,-395,1,41387
-163,-70,4,-40367,202,-398,1,39945
-165,-79,2,-40039,210,-410,1,40390
-148,-88,9,-40079,187,-421,1,40287
-122,-85,26,-40439,173,-436,1,40156
-85,-83,44,-41039,130,-466,1,41268
-14,-79,48,-41780,1,-545,0,41315
42,-76,46,-42565,-144,-523,1,42125
84,-68,32,-43177,-243,-476,1,43445
100,-70,8,-43488,-274,-471,1,43314
86,-68,-5,-43390,-264,-479,1,-43447
60,-59,-11,-42955,-236,-497,1,-42719
7,-50,-13,-42211,-73,-607,0,-42701
-142,-43,-14,-41254,264,-381,1,-41465
-231,-60,-21,-40679,249,-367,1,-40892
-132,-69,0,-40798,199,-419,1,40700
-73,-82,8,-41166,126,-497,1,41297
-28,-88,19,-41628,18,-579,1,41111
7,-98,23,-42055,-67,-607,0,42537
13,-93,24,-42391,-81,-600,0,42970
23,-97,19,-42684,-110,-599,0,42214
50,-86,18,-42901,-184,-546,1,42356
66,-86,9,-42928,-206,-524,1,42356
39,-77,10,-42631,-155,-564,1,42061
-8,-75,17,-42118,-16,-623,0,-42683
-63,-79,13,-41485,131,-532,1,41186
-145,-82,4,-40838,211,-439,1,40486
-154,-78,0,-40607,208,-425,1,40753
-100,-82,5,-40887,144,-470,1,40647
-88,-81,11,-41373,131,-479,1,41166
-32,-74,15,-42125,28,-574,1,42743
38,-76,3,-42942,-163,-576,1,42317
86,-73,-3,-43509,-241,-486,1,-43263
93,-81,-14,-43700,-247,-485,1,-43939
92,-73,-16,-43425,-264,-466,1,-43375
58,-57,-16,-42658,-210,-485,1,-42907
-123,-43,-30,-41555,243,-387,1,-41838
-218,-49,-30,-40927,241,-351,1,-40583
-147,-64,1,-41109,220,-391,1,41313
-93,-77,19,-41641,161,-461,1,41925
-41,-83,28,-42371,64,-537,1,42943
18,-81,43,-43215,-91,-547,0,43741
73,-75,50,-44042,-208,-479,1,44330
109,-74,23,-44617,-281,-466,1,44721
110,-78,-4,-44788,-284,-465,1,-44572
75,-71,-13,-44511,-243,-488,1,-44234
43,-67,-11,-43960,-182,-537,1,-43387
0,-62,-1,-43279,-49,-667,0,-43932
-92,-70,5,-42510,167,-461,1,42878
-180,-84,1,-41987,211,-412,1,42408
-137,-90,0,-42041,185,-443,1,42473
-76,-91,0,-42487,128,-508,1,42143
-37,-88,9,-43113,65,-571,1,43626
26,-72,27,-43895,-113,-556,1,43368
97,-71,35,-44615,-245,-453,1,44913
133,-69,32,-44972,-290,-423,1,45006
118,-67,15,-44814,-296,-438,1,44967
79,-57,2,-44219,-277,-462,1,44053
47,-41,-2,-43321,-239,-487,1,-43062
-51,-40,-7,-42238,162,-472,1,-42393
-199,-51,-31,-41305,284,-366,1,-41409
-217,-80,-36,-40962,208,-381,1,-41243
-144,-99,-12,-41186,178,-424,1,-41234
-97,-92,12,-41659,139,-474,1,41948
-66,-84,23,-42413,102,-501,1,42040
19,-56,45,-43442,-108,-504,0,43046
115,-38,40,-44434,-310,-396,1,44370
160,-55,16,-44973,-332,-403,1,45040
128,-57,0,-44801,-320,-416,1,44827
78,-53,-5,-44091,-279,-452,1,-44179
38,-42,0,-43085,-217,-501,1,43372
-125,-53,-5,-41902,234,-394,1,-41602
-294,-46,-31,-41109,268,-341,1,-41434
-171,-88,-7,-41279,190,-412,1,-41188
-116,-73,17,-41887,186,-430,1,41632
-62,-77,26,-42729,108,-500,1,42783
-5,-53,41,-43758,-27,-516,0,-43248
103,-39,45,-44857,-280,-400,1,45007
163,-41,38,-45554,-319,-386,1,45536
130,-58,21,-45611,-310,-421,1,45590
87,-57,14,-45140,-292,-447,1,45228
68,-50,15,-44381,-283,-456,1,44536
40,-31,12,-43279,-235,-469,1,43017
-153,-38,-31,-42093,258,-376,1,-42170
-241,-57,-41,-41235,238,-365,1,-41076
-177,-79,-26,-41176,218,-402,1,-41337
-108,-84,-9,-41579,168,-458,1,-41785
-61,-89,7,-42166,99,-529,1,42662
-6,-80,36,-42915,-19,-565,0,-42473
38,-79,47,-43729,-110,-531,1,43243
81,-78,43,-44341,-212,-482,1,44082
97,-75,28,-44602,-252,-474,1,44847
80,-79,16,-44456,-248,-500,1,44206
68,-60,9,-44013,-268,-489,1,43898
28,-52,-4,-43218,-176,-570,1,-43625
-106,-44,-27,-42183,210,-416,1,-42449
-225,-58,-56,-41424,223,-374,1,-41097
-55,-73,-16,-42503,106,-510,1,-42980
-13,-68,3,-43321,10,-614,0,43801
23,-61,28,-44136,-118,-540,0,44604
64,-70,42,-44855,-194,-478,1,44550
95,-79,48,-45330,-229,-461,1,45083
103,-80,36,-45454,-265,-462,1,45383
89,-75,22,-45156,-255,-476,1,45376
53,-68,16,-44560,-205,-522,1,44207
19,-50,2,-43720,-128,-603,0,43200
-101,-50,-29,-42709,191,-429,1,-42894
-201,-57,-47,-41951,226,-374,1,-41621
-163,-68,-36,-41865,217,-398,1,-41502
-109,-81,-21,-42275,173,-445,1,-42009
-32,-83,1,-42976,49,-573,1,42397
38,-79,21,-43702,-148,-544,1,43079
66,-74,32,-44131,-199,-485,1,44392
82,-83,38,-44273,-210,-484,1,44519
47,-90,54,-44056,-137,-522,1,44757
3,-100,56,-43655,-67,-568,0,43177
-22,-96,33,-43326,-18,-609,0,-43814
24,-79,-13,-42981,-126,-627,0,-42420
-47,-65,-42,-42267,89,-518,1,-42755
-181,-63,-73,-41683,184,-393,1,-41764
-179,-66,-57,-41712,208,-375,1,-41858
-112,-60,-21,-42215,206,-401,1,-42492
-66,-73,-3,-42878,138,-497,1,-42512
-13,-77,16,-43670,8,-598,0,43162
55,-76,38,-44502,-173,-496,1,44239
120,-70,43,-45119,-278,-427,1,45204
123,-71,24,-45289,-286,-437,1,45159
86,-69,2,-44979,-263,-475,1,44925
39,-57,-4,-44286,-191,-537,1,-44613
-39,-55,-5,-43436,92,-533,1,-44021
-157,-64,-10,-42656,218,-400,1,-42852
-202,-74,-16,-42345,228,-388,1,-42116
-127,-87,-5,-42640,180,-441,1,-42925
-62,-89,12,-43234,102,-523,1,43751
-12,-92,24,-43985,-13,-602,0,-43472
53,-79,36,-44825,-177,-515,1,44534
115,-71,31,-45488,-278,-444,1,45352
120,-68,16,-45729,-290,-443,1,45587
109,-59,1,-45493,-297,-439,1,45439
76,-58,-14,-44830,-253,-462,1,-44632
-5,-39,-5,-43833,-10,-625,0,43365
-102,-45,4,-42814,229,-413,1,42506
-240,-60,-33,-42018,261,-375,1,-42150
-174,-81,-33,-42039,202,-408,1,-42422
-117,-82,-22,-42586,175,-444,1,-42879
-72,-82,-7,-43395,125,-501,1,-43033
-11,-63,22,-44408,7,-574,0,44909
70,-56,40,-45458,-225,-445,1,45207
140,-53,53,-46206,-299,-389,1,46173
153,-57,37,-46409,-317,-401,1,46435
111,-58,13,-46037,-299,-428,1,45837
66,-50,3,-45272,-270,-465,1,45177
7,-45,3,-44232,-87,-633,0,44739
-125,-46,-10,-43036,249,-404,1,-43307
-225,-62,-42,-42171,240,-379,1,-42440
-159,-78,-37,-42161,198,-410,1,-42268
-136,-84,-28,-42621,189,-424,1,-42923
-86,-74,-7,-43483,167,-454,1,-43170
14,-47,22,-44710,-108,-533,0,44270
124,-38,62,-45803,-283,-366,1,45817
163,-48,66,-46433,-297,-382,1,46584
137,-63,41,-46380,-312,-417,1,46369
79,-53,26,-45740,-270,-452,1,45575
30,-58,9,-44840,-167,-569,1,44436
-20,-51,10,-43821,28,-585,0,43345
-134,-56,-12,-42843,224,-416,1,-42656
-203,-73,-40,-42249,208,-393,1,-42231
-140,-84,-34,-42346,179,-426,1,-42122
-106,-85,-17,-42764,166,-452,1,-42561
-95,-90,0,-43434,156,-463,1,43263
-15,-66,40,-44379,11,-517,0,44848
58,-50,63,-45390,-163,-432,1,45175
128,-52,68,-46185,-257,-399,1,46098
122,-60,55,-46463,-268,-422,1,46501
82,-71,41,-46267,-241,-468,1,46503
54,-62,39,-45773,-225,-487,1,46053
44,-56,38,-45070,-214,-495,1,45320
0,-51,17,-44176,-43,-618,0,44781
-135,-58,-18,-43040,231,-429,1,-43514
-214,-73,-45,-42389,209,-390,1,-42099
-153,-80,-36,-42506,195,-417,1,-42910
-112,-86,-18,-43017,164,-447,1,-43323
-47,-77,-2,-43855,81,-529,1,-43376
20,-71,21,-44779,-96,-565,0,44228
61,-65,43,-45560,-191,-472,1,45259
106,-65,60,-46143,-252,-423,1,46454
132,-67,49,-46392,-289,-420,1,46400
103,-65,33,-46147,-279,-448,1,46318
59,-57,27,-45530,-237,-491,1,45252
37,-47,5,-44661,-196,-548,1,44185
-83,-44,-28,-43512,204,-441,1,-43235
-205,-56,-60,-42618,215,-379,1,-42776
-157,-73,-45,-42450,194,-400,1,-42088
-106,-84,-21,-42735,164,-452,1,-42917
-58,-91,-4,-43220,92,-535,1,-43771
-34,-99,10,-43854,39,-579,1,43362
5,-87,33,-44540,-57,-573,0,44943
58,-78,42,-45206,-188,-499,1,45442
91,-72,41,-45596,-239,-462,1,45838
72,-80,21,-45645,-216,-512,1,45941
70,-75,13,-45390,-229,-504,1,45148
51,-65,10,-44841,-202,-529,1,44427
-9,-61,-5,-44009,-1,-644,0,43353
-172,-72,-38,-43111,208,-407,1,-43499
-184,-75,-37,-42847,213,-397,1,-42718
-131,-78,-19,-43219,189,-423,1,-43288
-64,-77,2,-43959,122,-499,1,43596
2,-77,21,-44819,-45,-599,0,44337
58,-72,37,-45607,-187,-490,1,45870
113,-68,47,-46145,-257,-431,1,46320
115,-68,34,-46292,-273,-442,1,46187
83,-72,15,-46070,-251,-484,1,45812
64,-69,6,-45585,-235,-507,1,45825
6,-67,0,-44850,-63,-657,0,44505
-98,-73,-10,-43967,172,-462,1,-43773
-169,-86,-21,-43383,193,-417,1,-43262
-138,-88,-6,-43389,184,-439,1,-43179
-91,-93,3,-43832,133,-488,1,43603
-51,-87,19,-44510,84,-537,1,45029
17,-81,29,-45367,-90,-577,0,45937
81,-66,43,-46085,-220,-458,1,46382
113,-64,33,-46562,-275,-437,1,46379
126,-61,16,-46656,-310,-424,1,46844
90,-57,8,-46279,-285,-451,1,46193
61,-53,15,-45518,-236,-485,1,45255
-45,-51,0,-44514,126,-516,1,44929
-147,-73,-29,-43658,201,-421,1,-43810
-183,-85,-36,-43287,197,-404,1,-43139
-132,-92,-24,-43444,171,-442,1,-43118
-91,-94,-8,-43946,135,-482,1,-43725
-21,-81,10,-44749,22,-596,0,44229
33,-71,29,-45555,-127,-537,1,46061
85,-71,43,-46227,-229,-457,1,46469
122,-76,43,-46610,-278,-437,1,46761
107,-75,26,-46544,-274,-454,1,46371
70,-75,12,-46200,-234,-504,1,46442
55,-68,6,-45644,-219,-514,1,45281
-3,-54,2,-44853,-27,-661,0,-44430
-94,-58,3,-43989,191,-445,1,43699
-195,-79,-15,-43468,221,-405,1,-43012
-148,-82,-7,-43552,205,-430,1,-43961
-93,-88,-6,-44047,151,-486,1,-44402
-55,-86,0,-44706,95,-540,1,44165
6,-78,18,-45561,-57,-605,0,46023
70,-66,46,-46397,-201,-457,1,46102
137,-61,65,-47000,-280,-402,1,47078
143,-61,41,-47110,-300,-417,1,47127
94,-62,13,-46707,-275,-457,1,46789
49,-50,-4,-45984,-233,-510,1,-45707
-6,-54,-15,-45169,-31,-615,0,45620
-111,-69,-23,-44347,171,-446,1,-44052
-186,-93,-24,-43844,193,-411,1,-43754
-146,-102,-14,-43873,180,-443,1,-43669
-85,-93,-2,-44263,134,-495,1,-44421
-65,-91,7,-44875,114,-516,1,44325
16,-69,31,-45703,-80,-552,0,45223
91,-54,57,-46537,-232,-415,1,46309
144,-55,61,-47051,-277,-398,1,47051
121,-62,40,-47014,-285,-427,1,46972
82,-60,22,-46500,-271,-468,1,46338
43,-56,5,-45690,-214,-538,1,45231
-25,-45,-8,-44659,72,-565,1,-44095
-167,-46,-34,-43648,238,-389,1,-43965
-205,-79,-63,-43243,192,-392,1,-43283
-134,-83,-39,-43521,168,-420,1,-44026
-69,-85,-15,-44092,111,-503,1,-44480
-31,-91,0,-44798,39,-575,1,44195
23,-83,31,-45520,-92,-554,0,46053
62,-72,53,-46180,-180,-472,1,46408
114,-75,53,-46593,-255,-437,1,46916
93,-83,50,-46626,-252,-466,1,46901
93,-67,38,-46387,-283,-452,1,46545
69,-54,14,-45781,-253,-478,1,45960
-21,-47,0,-44796,57,-595,0,44200
-134,-50,-15,-43766,233,-406,1,-43825
-212,-69,-23,-43120,218,-384,1,-43337
-157,-74,-18,-43204,200,-411,1,-43351
-121,-83,-10,-43677,182,-438,1,-43968
-81,-72,3,-44432,146,-474,1,44243
18,-64,17,-45435,-100,-583,0,45921
74,-62,34,-46306,-214,-461,1,46510
114,-64,51,-46875,-255,-425,1,46641
132,-69,42,-47036,-282,-427,1,47073
103,-64,23,-46705,-279,-451,1,46824
59,-54,5,-45962,-240,-498,1,45727
-6,-49,-10,-44979,-8,-629,0,44543
-186,-59,-37,-43960,236,-385,1,-43648
-213,-73,-33,-43527,220,-379,1,-43808
-132,-87,-11,-43870,171,-430,1,-43656
-81,-87,13,-44554,127,-485,1,44954
-3,-72,31,-45493,-34,-577,0,-45966
72,-64,37,-46483,-207,-475,1,46295
120,-57,34,-47220,-279,-427,1,47278
133,-67,16,-47540,-311,-428,1,47610
113,-58,11,-47307,-312,-420,1,47134
61,-55,12,-46639,-251,-477,1,46860
9,-51,12,-45764,-88,-608,0,45310
-113,-63,3,-44760,192,-438,1,45036
-197,-84,-16,-44115,221,-412,1,-44432
-149,-95,-23,-44092,181,-441,1,-44522
-111,-90,-18,-44513,158,-458,1,-44179
-63,-82,1,-45244,109,-506,1,45378
10,-64,22,-46202,-81,-579,0,46666
102,-51,37,-47171,-282,-409,1,47281
161,-51,32,-47725,-328,-389,1,47647
130,-58,23,-47671,-310,-410,1,47669
85,-56,22,-47152,-280,-441,1,47351
36,-58,28,-46364,-174,-518,1,47025
2,-51,31,-45419,-42,-555,0,45892
-148,-63,-2,-44356,232,-427,1,-44207
-187,-80,-36,-43771,210,-413,1,-43874
-154,-83,-41,-43812,190,-418,1,-43741
-127,-90,-26,-44317,172,-433,1,-44094
-96,-69,-2,-45257,144,-424,1,-45543
54,-40,36,-46472,-247,-426,1,46318
157,-30,52,-47486,-312,-366,1,47504
154,-53,40,-47935,-309,-399,1,47873
142,-52,25,-47870,-328,-397,1,47761
102,-44,20,-47304,-309,-410,1,47152
63,-46,12,-46368,-247,-471,1,46114
-3,-38,-2,-45174,2,-671,0,-45774
-178,-44,-32,-43975,253,-385,1,-43582
-206,-56,-32,-43283,234,-371,1,-43117
-167,-67,-29,-43270,220,-394,1,-43180
-131,-77,-23,-43684,192,-413,1,-43813
-65,-76,-3,-44398,123,-491,1,-44279
-4,-72,16,-45166,-9,-604,0,-45673
35,-77,40,-45872,-120,-518,1,45337
93,-73,69,-46391,-217,-431,1,46099
106,-73,79,-46638,-232,-431,1,46858
95,-70,54,-46497,-250,-453,1,46258
58,-62,34,-45964,-227,-499,1,45757
18,-44,22,-45104,-128,-559,0,45651
-122,-34,-10,-44014,261,-396,1,-43826
-232,-53,-60,-43260,225,-387,1,-43380
-183,-65,-56,-43378,207,-389,1,-43257
-130,-79,-36,-44025,186,-424,1,-43531
-58,-69,-9,-45017,123,-498,1,-44581
33,-55,23,-46223,-146,-511,1,46562
115,-55,52,-47176,-265,-402,1,47276
145,-60,63,-47634,-283,-401,1,47629
132,-56,42,-47539,-313,-411,1,47498
90,-41,14,-46886,-306,-422,1,47054
21,-39,-8,-45785,-149,-572,0,-45122
-110,-40,-27,-44582,221,-402,1,-44859
-177,-52,-38,-43706,227,-378,1,-43911
-192,-65,-41,-43407,223,-381,1,-43258
-37,-71,26,-45586,53,-525,1,45139
63,-48,48,-46781,-211,-438,1,47096
120,-45,52,-47748,-275,-404,1,47713
156,-52,38,-48232,-330,-397,1,48168
131,-41,24,-48003,-341,-390,1,48099
81,-35,9,-47214,-321,-421,1,47344
24,-32,-6,-46090,-185,-535,0,-46760
-150,-43,-25,-44903,238,-385,1,-44717
-260,-83,-51,-44274,218,-374,1,-44095
-169,-90,-26,-44419,203,-406,1,-44088
-111,-89,-7,-44984,171,-454,1,-44779
-22,-74,18,-45868,39,-576,0,45439
65,-64,37,-46825,-209,-469,1,47028
126,-56,56,-47522,-277,-398,1,47434
131,-63,47,-47775,-291,-418,1,47756
107,-56,25,-47513,-300,-430,1,47448
53,-48,11,-46784,-238,-492,1,47019
-59,-54,-14,-45791,148,-491,1,-45986
-214,-81,-42,-44977,211,-394,1,-44614
-149,-88,-20,-44926,185,-425,1,-44736
-76,-86,-5,-45245,133,-502,1,-45526
-14,-93,24,-45777,-14,-596,0,-45254
75,-92,52,-46400,-214,-489,1,46117
113,-88,46,-46724,-252,-464,1,47036
76,-77,21,-46557,-228,-508,1,46290
51,-69,-2,-46083,-208,-541,1,-46757
12,-49,-20,-45338,-95,-585,0,-45859
-144,-53,-51,-44462,214,-394,1,-44153
-216,-64,-57,-44021,223,-372,1,-43660
-146,-71,-26,-44324,208,-403,1,-44205
-104,-87,-4,-44978,166,-462,1,-44780
-46,-79,30,-45868,81,-514,1,45317
46,-64,55,-46958,-158,-472,1,46594
134,-54,70,-47865,-279,-394,1,47761
164,-52,47,-48275,-329,-393,1,48361
115,-52,18,-48007,-318,-424,1,47949
57,-51,5,-47243,-263,-494,1,47212
5,-49,-5,-46225,-79,-647,0,-46700
-120,-41,-28,-45082,233,-402,1,-45351
-225,-65,-62,-44334,220,-377,1,-44056
-161,-74,-45,-44396,201,-396,1,-44272
-121,-85,-18,-44876,178,-430,1,-44651
-65,-80,10,-45635,125,-492,1,46034
16,-70,41,-46603,-85,-531,0,46130
105,-53,75,-47509,-238,-397,1,47328
160,-62,57,-48119,-305,-404,1,48114
129,-63,28,-48083,-308,-423,1,48103
75,-52,16,-47552,-281,-458,1,47365
31,-53,-1,-46794,-183,-560,1,-46201
-118,-60,-17,-45885,208,-429,1,-45598
-237,-95,-38,-45351,204,-398,1,-45300
-123,-96,-16,-45668,169,-457,1,-45868
-61,-89,3,-46274,112,-530,1,46788
-32,-86,15,-46998,57,-575,1,46548
32,-63,31,-47878,-140,-525,1,47488
