-36,135,8,5152,72,14,1,-5322
-27,120,-11,4700,59,-41,1,-4645
-15,86,-24,4438,9,-42,0,-4412
-14,66,-25,4714,5,-25,0,-4643
-45,91,-12,5442,85,-7,0,-5488
-143,142,6,6091,147,-86,1,5896
-166,196,9,5837,121,-89,1,5767
-156,179,15,5018,103,-91,1,4995
-86,130,38,4194,53,-77,1,4329
-43,72,33,3370,52,-79,1,3344
-13,44,26,2563,7,-58,0,2565
4,9,24,1739,-107,-211,0,1636
1,-31,39,984,-70,-439,0,-530
14,-62,56,536,-89,-466,0,-921
20,-87,54,348,-106,-508,0,-185
18,-99,48,437,-110,-524,0,-914
-3,-91,55,816,-50,-501,0,664
-11,-65,64,1347,-29,-440,0,1248
-18,-45,74,2062,0,-382,0,-2311
-12,-28,69,2858,-27,-337,0,2615
-31,-8,85,3777,18,-261,1,-3993
-34,3,116,4702,15,-247,1,4850
-26,-12,91,5554,36,-304,1,-5364
-41,-33,68,6225,108,-364,1,-6426
-27,-44,71,6662,65,-390,1,-7096
-9,-53,62,7091,43,-430,0,-6710
-25,-51,30,7865,121,-476,0,-7982
-47,-22,-25,8993,248,-356,1,8858
-78,6,-74,10287,216,-255,1,-10249
-83,2,-109,11269,179,-273,1,-11674
-64,-4,-109,11988,132,-277,1,12055
-30,2,-105,12559,82,-257,1,-12330
-24,6,-111,13105,40,-245,0,-13201
-2,11,-118,13654,-19,-223,0,13799
-4,4,-116,14299,-12,-231,0,14144
-2,8,-100,14878,-31,-214,0,15037
15,-11,-79,15385,-81,-281,0,15640
8,-18,-63,16052,-79,-298,0,16374
7,-30,-50,16796,-66,-375,0,16514
-10,-50,-52,17621,3,-438,0,17770
-19,-58,-65,18343,23,-436,0,18026
-46,-71,-92,18965,59,-419,1,19391
-27,-71,-103,19148,7,-417,1,19282
13,-79,-108,19020,-67,-427,0,19342
25,-82,-110,19031,-80,-414,1,19363
22,-70,-112,19377,-85,-387,0,19033
-4,-57,-114,20012,-46,-356,0,-20267
-30,-44,-113,20728,-20,-322,1,-20976
-50,-26,-92,21328,27,-308,1,21000
-75,-35,-100,21783,28,-318,1,21566
-52,-39,-94,22174,-5,-328,1,-22423
-31,-42,-38,22577,2,-422,1,22919
-6,-55,15,22741,-88,-557,0,23184
-4,-59,49,22630,-99,-464,0,22977
8,-64,64,22597,-91,-448,0,-22998
7,-73,69,22706,-66,-452,0,-22841
8,-73,74,22984,-62,-447,0,-22596
13,-83,74,23294,-65,-460,0,-23395
23,-85,72,23636,-94,-466,0,-24018
31,-92,59,23954,-116,-491,1,-23672
36,-92,53,24344,-130,-492,1,-24124
29,-94,53,24820,-105,-492,1,-24834
23,-79,67,25448,-103,-447,0,-25257
-21,-64,86,26167,1,-395,0,-26564
-4,-38,106,26948,-44,-332,0,26730
2,-42,69,27574,-54,-385,0,-27248
17,-12,79,28326,-113,-277,0,-28566
-2,4,83,29136,-28,-241,0,-29040
-16,-15,91,29983,8,-297,0,-29800
-14,-36,85,30630,14,-358,0,-30389
-15,-44,92,31107,19,-365,0,-30856
4,-55,96,31526,-17,-388,0,-31462
5,-51,76,32209,16,-413,0,31780
-41,-28,35,33232,199,-399,1,-32907
-40,-5,-10,34400,308,-316,1,34374
-67,-20,-93,35523,171,-346,1,35647
-57,-16,-84,36569,165,-312,1,36652
-54,-8,-91,37461,133,-290,1,37786
-50,-2,-100,38252,132,-284,1,38051
-46,4,-114,38902,85,-271,1,-38647
-27,16,-118,39452,26,-240,1,-39574
-18,20,-113,39990,12,-220,0,-40087
-13,37,-114,40509,1,-186,0,-40672
-8,26,-113,41039,-14,-194,0,41196
1,35,-95,41638,-41,-149,0,-41573
20,38,-80,42430,-101,-132,0,-42279
-4,22,-69,43568,-23,-181,0,43713
-23,-17,-72,44686,32,-310,0,45016
-61,-48,-77,45556,112,-371,1,45226
-46,-68,-92,45988,60,-405,1,45626
-41,-73,-99,46146,49,-401,1,46562
-35,-61,-98,46269,31,-378,1,46503
-5,-46,-92,46385,-52,-372,0,-46082
30,-59,-111,46430,-95,-380,1,46130
3,-53,-119,46752,-39,-358,0,47008
-24,-51,-126,47284,-16,-339,0,-47540
-47,-43,-121,47728,28,-323,1,47953
-25,-40,-110,47772,-25,-308,1,-48103
-32,-38,-76,47879,15,-330,1,47667
-51,-45,-86,48173,-1,-336,1,-48427
-53,-48,-88,48506,27,-347,1,48244
-41,-36,-80,48696,16,-331,1,48933
41,-34,-33,48810,-277,-382,1,48872
71,-72,30,48890,-245,-431,1,-49086
0,-91,59,49200,-46,-487,0,-49561
-2,-87,61,49595,-61,-480,0,49200
17,-85,61,49956,-83,-476,0,-49880
16,-85,57,50352,-85,-479,0,-50502
9,-82,73,50893,-71,-452,0,-51036
13,-99,63,51375,-80,-495,0,-51549
15,-95,69,51836,-95,-472,0,-52196
5,-85,71,52327,-60,-460,0,-52612
4,-68,77,52895,-56,-425,0,-53001
1,-51,77,53481,-50,-391,0,-53539
11,-31,80,54169,-85,-332,0,-53954
-6,-2,100,54948,-39,-240,0,54799
-11,5,129,55839,-40,-230,0,-55890
-7,-1,104,56871,11,-273,0,-57169
-40,-11,82,57643,101,-307,1,-57345
-21,-44,60,57938,34,-420,0,-58323
0,-67,63,58146,-39,-455,0,-58046
5,-66,79,58476,-31,-424,0,-58845
-4,-59,83,59049,28,-411,0,-59208
-20,-46,54,59921,94,-430,0,-60393
-38,-24,1,61131,242,-405,1,-61342
-75,0,-54,62527,248,-273,1,-62892
-97,12,-68,63691,248,-246,1,-63723
-72,17,-81,64579,194,-244,1,-64632
-52,4,-112,65312,131,-277,1,-65261
-66,-3,-122,65942,122,-277,1,65729
-28,15,-105,66438,37,-226,1,-66366
-3,17,-97,66859,-9,-217,0,66954
-5,28,-101,67368,-15,-192,0,67559
-7,22,-94,67906,-17,-193,0,68061
1,29,-74,68409,-49,-157,0,-68547
2,26,-83,68991,-43,-188,0,-69031
-10,-7,-101,69668,-14,-280,0,-69976
-1,-8,-95,70403,-43,-283,0,-70249
-13,-23,-103,71159,-6,-318,0,-70834
-1,-20,-102,71828,-41,-315,0,-72179
-7,-37,-102,72429,-16,-350,0,-72699
-5,-30,-90,72912,-20,-346,0,-73177
4,-41,-106,73263,-32,-369,0,73479
-6,-55,-128,73547,-11,-371,0,-73342
0,-44,-128,73909,-33,-339,0,74129
-15,-25,-120,74547,-14,-297,0,-74358
-17,-14,-106,75271,-23,-279,0,-75634
-15,-16,-103,75906,-35,-289,0,-76262
-40,-19,-105,76453,-5,-295,1,-76762
-63,-18,-111,76853,33,-291,1,77172
-114,-7,-118,77146,62,-268,1,76910
-85,-10,-123,77137,24,-270,1,76896
-3,-10,-28,76809,-56,-352,0,-77172
21,-36,3,76473,-233,-513,0,-75879
15,-45,58,76439,-113,-408,0,-76652
-21,-56,69,76744,15,-417,0,-76292
-16,-64,80,77119,-7,-415,0,76997
0,-76,88,77441,-37,-428,0,-77600
1,-75,83,77826,-37,-439,0,-78219
3,-77,74,78229,-48,-459,0,-77944
8,-82,74,78692,-54,-465,0,-78481
1,-98,65,79178,-54,-502,0,-79018
4,-91,73,79642,-57,-476,0,-79597
6,-87,65,80094,-61,-479,0,-80176
-10,-61,81,80639,-14,-410,0,80653
-5,-47,82,81246,-22,-384,0,80974
-13,-32,73,81951,-17,-350,0,82186
-13,-3,82,82835,-24,-243,0,82728
-47,19,113,83869,19,-189,1,83837
-46,19,127,84663,3,-224,1,84521
-8,-21,89,85072,-17,-327,0,85326
-8,-30,86,85285,-7,-352,0,85042
13,-44,87,85502,-61,-377,0,-85194
19,-47,91,85880,-52,-379,0,-85590
0,-44,90,86528,1,-380,0,86793
-25,-34,67,87343,84,-382,1,-87168
-52,-33,32,88353,224,-405,1,-88166
-50,-26,0,89416,261,-389,1,-89571
-48,-9,-38,90541,233,-318,1,90232
-60,2,-96,91656,159,-285,1,-92143
-72,4,-116,92633,157,-271,1,-92282
-68,7,-106,93405,156,-257,1,-93552
-52,7,-98,93929,71,-253,1,-93701
-21,8,-100,94434,-28,-251,0,94334
-20,8,-103,94884,25,-249,0,-94779
-24,19,-107,95303,19,-217,0,-95457
-13,33,-107,95831,6,-184,0,-95908
-19,43,-109,96459,19,-165,0,-96300
-5,50,-98,97263,-16,-122,0,97228
-5,47,-67,98199,-21,-93,0,98228
-11,2,-65,99275,-5,-239,0,99179
-61,-37,-84,100383,113,-340,1,100725
-53,-53,-76,101093,73,-385,1,101220
-24,-47,-70,101497,11,-403,0,101790
-23,-39,-94,101761,0,-376,0,101529
-18,-50,-125,101960,-5,-370,0,-102244
-17,-57,-138,102111,13,-365,0,102173
-21,-45,-127,102283,11,-344,0,102035
-10,-38,-127,102582,-22,-329,0,-102844
-25,-28,-127,103084,-11,-298,1,-103410
-55,-22,-121,103655,37,-290,1,103867
-60,-25,-107,104170,1,-290,1,104320
-63,-30,-87,104591,25,-310,1,104917
-62,-38,-83,105024,53,-331,1,105334
-88,-21,-54,105457,112,-290,1,105173
-60,-10,-38,105701,111,-283,1,105860
0,-5,19,105715,-114,-337,0,-105928
55,-52,49,105523,-242,-421,1,-105809
30,-66,82,105540,-120,-418,1,-105885
8,-63,92,105948,-48,-408,0,-105485
2,-65,86,106364,-51,-424,0,-106240
19,-70,79,106750,-92,-437,0,-106763
27,-76,78,107152,-120,-439,1,-107341
38,-75,79,107641,-119,-432,1,-107905
25,-77,79,108204,-92,-439,1,-108377
20,-63,86,108922,-93,-405,0,-108749
6,-58,81,109735,-60,-406,0,-109926
-13,-37,75,110596,-24,-362,0,110875
-10,-9,70,111459,-42,-272,0,111104
-6,24,112,112421,-54,-180,0,-112589
-10,10,119,113313,-3,-241,0,-113190
-18,-26,93,113953,27,-336,0,-113699
-21,-34,87,114323,23,-357,0,-114561
5,-43,82,114470,-62,-380,0,-114208
22,-37,92,114619,-83,-354,0,-114405
13,-39,91,114945,-49,-363,0,-114730
5,-35,87,115398,-4,-362,0,-115679
1,-51,63,115955,45,-441,0,116072
-9,-66,26,116674,60,-555,0,-116102
-32,-42,-35,117632,134,-453,1,117461
-85,-6,-97,118762,194,-320,1,118309
-101,-16,-120,119609,190,-317,1,119460
-79,-7,-97,120165,164,-289,1,120010
-29,-3,-84,120616,66,-278,1,120369
-40,-3,-102,121136,96,-279,1,120837
-25,12,-99,121692,40,-229,1,-121830
-23,12,-85,122280,55,-223,0,-122126
-4,23,-82,122834,-4,-190,0,122667
3,4,-96,123420,-29,-249,0,-123555
7,18,-98,124168,-44,-217,0,-124302
2,-11,-99,124946,-40,-287,0,125251
-34,-32,-92,125872,39,-350,1,125612
-25,-49,-93,126697,-15,-380,1,-126956
16,-46,-90,126969,-72,-391,0,126558
17,-53,-109,127142,-58,-398,0,127321
7,-60,-130,127421,-42,-382,0,127062
10,-59,-126,127757,-52,-372,0,127490
-1,-44,-116,128252,-36,-333,0,-128458
-8,-25,-119,128895,-41,-278,0,-128554
-21,-16,-119,129698,-31,-257,0,-130004
-57,-33,-113,130569,-9,-291,1,-130889
-60,-40,-104,131456,0,-309,1,131276
-66,-34,-54,132285,70,-326,1,132584
-44,-20,-17,132997,120,-340,1,132741
-35,-29,29,133748,17,-440,1,-134131
14,-59,33,133637,-144,-521,0,-133270
8,-63,58,133796,-66,-460,0,-133921
8,-67,68,134230,-52,-450,0,-134569
-15,-69,66,134784,4,-453,0,-134987
-14,-76,65,135373,-14,-465,0,135445
-10,-86,59,135917,-23,-487,0,136056
-8,-85,68,136439,-35,-469,0,136468
-1,-87,64,136829,-49,-484,0,137146
7,-99,66,137172,-75,-494,0,-136791
15,-101,67,137538,-79,-491,0,-137421
1,-89,81,138086,-56,-451,0,-137882
-21,-64,89,138719,-6,-398,0,138279
-24,-45,90,139382,5,-362,0,-139642
-27,-30,88,140127,10,-323,1,-139852
-24,-2,97,141002,0,-255,0,-140866
-30,1,96,141820,28,-260,1,141468
-20,-15,77,142449,14,-314,0,-142613
-12,-33,66,142845,0,-376,0,-142562
0,-43,72,143124,-42,-388,0,-143071
13,-55,83,143396,-68,-395,0,-143752
18,-56,97,143831,-42,-386,0,-143418
1,-54,73,144532,27,-423,0,144726
-78,-17,-90,147344,191,-318,1,146965
-77,-15,-87,148146,194,-316,1,148316
-65,-6,-88,148846,176,-311,1,148729
-56,-14,-106,149349,113,-324,1,148999
-32,0,-108,149710,21,-279,1,-149947
-10,8,-101,150046,-4,-250,0,150147
-11,17,-105,150428,0,-228,0,-150287
-21,24,-111,150900,31,-212,0,-151001
-21,22,-113,151366,14,-205,0,-151541
4,23,-102,151860,-45,-196,0,-151984
6,20,-83,152564,-53,-181,0,-152375
10,8,-72,153399,-77,-213,0,-153577
10,-15,-76,154266,-67,-305,0,154533
-1,-36,-75,155209,-29,-372,0,-155470
-25,-54,-85,155910,44,-407,1,155846
-39,-67,-106,156322,43,-399,1,156425
-13,-57,-114,156470,-6,-384,0,-156172
9,-60,-123,156451,-49,-382,0,156196
14,-52,-117,156627,-65,-363,0,156338
10,-37,-122,157019,-56,-333,0,156789
5,-27,-122,157569,-66,-303,0,157322
-8,-22,-115,158145,-44,-295,0,-157871
-28,-22,-117,158642,-25,-287,1,-158414
-49,-22,-119,158976,-23,-284,1,-158814
-73,-17,-109,159183,20,-271,1,158946
-66,-16,-98,159223,20,-279,1,158937
-45,-25,-59,159017,27,-328,1,158840
-22,-41,-21,158627,19,-470,0,158286
3,-52,16,158284,-98,-546,0,-157743
2,-63,33,158159,-97,-505,0,-157769
13,-76,59,158214,-93,-456,0,-158691
11,-70,83,158483,-60,-419,0,-158358
4,-74,74,158864,-42,-443,0,-158983
8,-77,67,159306,-58,-453,0,-159667
2,-83,66,159756,-48,-470,0,-160231
1,-83,72,160262,-52,-460,0,-160744
-2,-81,61,160725,-45,-484,0,160372
12,-86,53,161116,-74,-499,0,-160906
12,-84,54,161609,-79,-487,0,-161419
-2,-65,75,162223,-45,-414,0,161814
-13,-51,83,162919,-21,-376,0,163179
-6,-38,85,163657,-28,-345,0,163453
-12,-23,79,164478,-19,-308,0,164623
-9,0,101,165327,-21,-240,0,-165212
-25,12,119,166254,0,-231,1,166376
-31,-11,103,167066,36,-290,1,-167408
-28,-25,93,167567,32,-328,1,-167862
15,-44,102,168477,-43,-366,0,-168731
-1,-43,75,169194,34,-400,0,-169253
-34,-16,40,170155,184,-348,1,-170318
-46,0,-7,171349,355,-285,1,-171267
-72,-15,-67,172444,198,-313,1,172138
-85,-7,-78,173522,239,-290,1,173056
-89,-2,-100,174407,197,-274,1,174250
-70,8,-104,175000,166,-253,1,-175084
-45,6,-106,175416,85,-255,1,-175572
-29,11,-101,175814,42,-236,1,-175736
-21,18,-97,176282,25,-215,0,-176178
-23,20,-96,176819,29,-205,0,-176702
-10,21,-94,177287,-8,-207,0,177165
4,22,-96,177784,-34,-200,0,-177874
-6,8,-91,178340,-13,-224,0,178210
1,8,-84,178994,-42,-231,0,-179110
-2,-5,-73,179739,-37,-267,0,-180091
-7,-11,-70,180530,-13,-306,0,-180293
-21,-38,-84,181267,30,-373,0,181529
-35,-46,-99,181790,45,-381,1,182049
-17,-46,-118,182012,-8,-374,0,-182213
-2,-64,-126,182137,-35,-396,0,-181906
6,-52,-120,182463,-54,-362,0,182691
-4,-31,-127,183028,-24,-322,0,-183236
-20,-17,-133,183699,-10,-287,0,-183298
-19,-9,-124,184279,-25,-261,0,-183977
-34,-5,-117,184840,-6,-250,1,-184999
-56,-12,-115,185260,-12,-249,1,-185107
-78,-14,-100,185543,66,-277,1,185777
-54,-25,-88,185703,7,-306,1,185384
-68,-30,-53,185891,76,-338,1,186199
-54,-24,-23,185992,117,-358,1,186287
-32,-25,8,185789,89,-426,1,-185410
7,-38,33,185509,-109,-471,0,-185631
11,-64,39,185349,-93,-503,0,-185791
6,-73,65,185624,-52,-452,0,-185574
-9,-84,84,186169,-12,-442,0,185990
-12,-82,83,186728,-18,-449,0,186546
14,-97,58,187108,-71,-507,0,-187151
12,-96,66,187515,-77,-485,0,-187841
1,-87,67,188012,-46,-480,0,-188297
-16,-98,62,188567,-20,-495,0,188728
-30,-85,75,189180,11,-447,1,-189257
-40,-70,77,189813,26,-408,1,-189653
-20,-29,83,190459,-22,-318,0,190093
5,16,86,191274,-80,-194,0,191461
-18,24,87,192379,24,-193,0,192511
-55,-14,82,193321,118,-300,1,-193055
-50,-30,86,193894,74,-332,1,-193567
-31,-37,86,194123,28,-357,1,-194397
-5,-50,89,194296,-20,-385,0,194309
-6,-54,97,194657,5,-388,0,-194997
-22,-50,81,195265,81,-401,0,-195448
-47,-40,44,196025,183,-410,1,-195762
-54,-31,2,196895,269,-405,1,-197037
-72,-16,-37,197860,273,-330,1,197843
-82,-5,-65,198873,217,-290,1,198967
-71,-5,-88,199791,185,-291,1,200162
-71,-2,-100,200547,172,-281,1,200432
-48,-3,-100,201110,82,-275,1,200859
-22,-1,-95,201530,30,-268,0,201318
-30,5,-97,202030,46,-246,1,-202127
-35,10,-107,202581,43,-233,1,-202712
-26,14,-105,203126,23,-213,1,-203210
-24,9,-94,203657,18,-221,0,-203527
-5,9,-91,204201,-28,-231,0,204033
-12,-4,-102,204859,-3,-259,0,-205141
-23,-8,-84,205537,22,-266,0,205758
-10,-24,-68,206187,-8,-326,0,-205943
-6,-33,-56,206866,-15,-375,0,-207227
-14,-29,-53,207634,44,-371,0,207467
-42,-50,-76,208235,82,-392,1,208110
-49,-62,-98,208543,71,-402,1,208678
-40,-77,-126,208615,24,-403,1,208760
-10,-77,-130,208577,-25,-391,0,-208794
4,-65,-130,208763,-55,-368,0,208613
-13,-48,-124,209214,-36,-335,0,-208906
-23,-36,-113,209706,-52,-307,0,-209517
-50,-37,-104,210115,-9,-310,1,-210320
-85,-35,-96,210347,75,-308,1,210169
-70,-28,-95,210294,28,-297,1,209985
-29,-29,-62,210035,-20,-355,1,-210237
23,-45,-8,209624,-193,-515,0,208932
22,-64,6,209164,-166,-543,0,-209819
34,-67,20,209038,-155,-480,1,-209341
24,-55,28,209422,-92,-466,0,-209845
-30,-58,54,210147,69,-418,1,-210199
-36,-76,81,210936,33,-418,1,-210499
-37,-101,82,211635,21,-454,1,-211827
-27,-109,83,212259,-7,-467,1,212177
-12,-103,75,212718,-37,-480,0,212785
-2,-100,62,213063,-69,-496,0,213426
2,-84,59,213460,-50,-483,0,-213104
-16,-76,68,214138,-1,-448,0,214471
-38,-69,90,214948,17,-395,1,-214536
-35,-45,99,215557,10,-345,1,-215866
-13,-2,73,216121,-9,-263,0,216433
-9,34,84,216804,-29,-161,0,-216613
-15,30,118,217728,17,-209,0,217637
-42,-7,95,218569,97,-296,1,-218365
-48,-39,76,219133,110,-375,1,-218788
-14,-59,64,219569,36,-443,0,-219227
-33,-58,43,220315,128,-461,1,-220647
-32,-32,8,221377,206,-449,1,-221637
-85,10,-41,222647,285,-250,1,-222247
-87,8,-61,223688,249,-256,1,-223664
-67,7,-68,224447,209,-250,1,-224403
-67,8,-81,225083,188,-246,1,-225132
-73,23,-104,225632,168,-224,1,-225581
-60,21,-118,226059,95,-226,1,-226286
-28,32,-120,226533,23,-187,1,-226312
-35,29,-106,227175,50,-176,1,-227248
-26,24,-78,227872,29,-166,1,-228056
-18,5,-55,228593,37,-220,0,-228400
-10,-19,-54,229270,20,-340,0,229117
-25,-24,-68,229928,75,-353,1,230220
-26,-53,-123,230212,37,-383,1,229963
12,-48,-120,230198,-50,-363,0,229947
19,-39,-116,230315,-55,-354,0,230072
21,-33,-115,230634,-76,-345,0,230844
8,-22,-111,231248,-56,-321,0,230998
-5,-18,-120,231932,-36,-306,0,-231567
2,-15,-127,232486,-56,-287,0,232831
-7,-18,-129,233000,-42,-277,0,-233345
-25,-15,-121,233475,-7,-272,1,-233832
-37,-10,-111,233844,-20,-249,1,-233952
-62,-8,-103,234017,39,-262,1,234332
-76,-6,-117,233944,-10,-241,1,-233753
-39,-23,-79,233676,-11,-302,1,-233879
-30,-38,-31,233326,14,-413,1,233177
-5,-45,10,233013,-88,-557,0,232558
16,-56,24,232873,-169,-513,0,-233277
7,-79,33,233043,-97,-529,0,-232522
-13,-83,44,233463,-21,-506,0,233066
-13,-93,49,233952,-22,-506,0,233583
-13,-103,49,234438,-4,-517,0,233880
-14,-104,55,234887,-6,-507,0,234535
-6,-102,57,235243,-29,-503,0,235354
22,-88,45,235422,-87,-506,0,-235104
16,-85,47,235599,-74,-496,0,-235905
-2,-66,79,236136,-33,-417,0,236517
-25,-84,73,236730,4,-460,1,-236917
-9,-96,58,237261,-49,-496,0,237437
-1,-76,52,237755,-84,-472,0,237890
0,-39,58,238376,-75,-371,0,-238095
-17,17,104,239098,-38,-176,0,-238876
-9,26,136,239798,-35,-195,0,-239823
-13,-3,111,240378,4,-279,0,-240524
-5,-21,95,240753,-7,-334,0,241015
8,-49,83,241021,-38,-406,0,-240805
16,-67,82,241351,-58,-430,0,-241490
15,-62,91,241904,-31,-412,0,-241951
-2,-44,72,242780,19,-410,0,-243127
-27,-36,19,243898,164,-495,1,-244186
-36,-30,-33,245108,186,-432,1,244860
-40,-7,-71,246423,148,-327,1,246561
-52,5,-111,247838,112,-282,1,-248109
-96,3,-138,249104,170,-278,1,-248954
-84,9,-123,249935,92,-231,1,-250071
-22,22,-92,250389,-3,-206,0,250496
-7,7,-102,250714,-11,-250,0,250831
-28,12,-105,251161,50,-237,1,-251324
-29,12,-108,251583,25,-229,1,-251451
-7,8,-96,252001,-37,-220,0,252109
6,22,-87,252574,-48,-198,0,-252465
-16,12,-99,253379,15,-227,0,-253262
-17,9,-101,254184,5,-236,0,-254074
-8,-8,-93,254983,-6,-274,0,-255310
-12,-25,-80,255750,21,-325,0,255497
-31,-46,-92,256478,57,-363,1,256230
-56,-56,-86,257136,72,-357,1,257290
-61,-48,-76,257509,70,-365,1,257172
-38,-61,-83,257579,11,-422,1,257997
-11,-64,-107,257421,-20,-407,0,-257110
-6,-52,-131,257462,-25,-367,0,-257143
-12,-37,-137,257787,-11,-322,0,-257814
-18,-25,-130,258195,-3,-302,0,-258359
-27,-19,-111,258634,-13,-285,1,-258880
-49,-23,-99,259072,-4,-294,1,-259426
-86,-29,-124,259510,22,-286,1,259212
-48,-23,-107,259775,11,-296,1,260035
4,-11,-28,259638,-145,-358,0,260052
36,-46,25,259192,-221,-457,1,-259456
9,-52,63,258907,-100,-421,0,-258716
6,-57,61,258964,-63,-435,0,-258586
0,-62,60,259254,-27,-447,0,-259346
-10,-64,70,259815,-7,-432,0,259900
-20,-81,82,260523,11,-446,0,-260111
-29,-91,82,261203,15,-459,1,-261506
-20,-103,68,261733,-9,-496,0,262065
-10,-100,56,262104,-37,-514,0,261549
4,-87,43,262356,-68,-525,0,-262881
-5,-76,53,262701,-43,-482,0,263070
-13,-75,73,263193,-23,-446,0,263615
-7,-92,64,263696,-37,-484,0,264136
-13,-81,67,264309,-24,-454,0,264634
-20,-42,74,264930,-11,-357,0,265214
0,10,110,265608,-51,-223,0,265474
-25,44,129,266667,31,-183,1,266676
-73,-3,82,267637,182,-293,1,-267517
-46,-36,57,267907,108,-381,1,-268200
-5,-65,59,267982,-25,-457,0,268131
9,-71,80,268181,-45,-429,0,-267785
6,-62,90,268702,0,-406,0,268392
-17,-39,55,269575,89,-418,0,-269565
-33,-18,-8,270720,265,-407,1,270634
-36,-9,-74,271922,133,-329,1,272286
-39,-2,-119,273060,104,-305,1,273326
-87,2,-132,274118,164,-282,1,-274352
-72,16,-122,274737,84,-238,1,-274854
-13,10,-105,274999,-30,-240,0,275113
-10,23,-95,275431,1,-204,0,-275312
-32,33,-100,276084,64,-185,1,-276179
-34,33,-107,276690,38,-181,1,-276522
-13,19,-98,277262,-6,-196,0,277428
-2,12,-86,277893,-26,-210,0,277783
-10,-8,-80,278613,1,-282,0,278798
-13,-30,-77,279322,0,-347,0,279071
-15,-42,-69,279933,19,-395,0,279685
-15,-49,-82,280355,19,-409,0,280261
-5,-54,-103,280548,-7,-405,0,-280100
0,-68,-112,280606,-32,-424,0,280968
22,-44,-127,280863,-78,-351,0,280653
14,-38,-152,281437,-50,-328,0,281237
-16,-19,-147,282282,-23,-273,0,-282402
-25,-10,-136,283026,-25,-255,1,-283106
-38,-2,-118,283519,-17,-238,1,-283601
-39,-1,-108,283771,-33,-241,1,-283878
-46,-5,-84,283978,-28,-251,1,-284115
-63,-15,-75,284103,74,-292,1,283863
-59,-30,-68,284016,39,-330,1,283769
-16,-45,-27,283792,-46,-463,0,-283977
1,-46,29,283613,-120,-480,0,-283207
-10,-55,55,283614,-45,-444,0,283203
-12,-75,42,283741,-32,-513,0,284203
-10,-80,49,284069,-33,-495,0,283678
-19,-79,66,284596,6,-456,0,-284266
-31,-71,76,285226,42,-427,1,-285630
-38,-66,75,285852,60,-417,1,-285997
-45,-65,70,286395,69,-420,1,-286581
-40,-75,58,286822,53,-456,1,-287169
-22,-86,45,287084,6,-505,0,-286974
-4,-91,48,287244,-55,-504,0,287654
13,-94,55,287434,-89,-500,0,-287493
0,-71,105,288771,-57,-379,0,-289133
-24,-35,97,289760,1,-330,0,-289535
-37,-16,72,290727,49,-298,1,-290528
-15,37,105,291648,-76,-132,0,-291785
-7,54,131,292606,-38,-163,0,-292553
-16,4,82,293480,51,-276,0,293651
-43,-26,67,294075,126,-350,1,-294380
-47,-39,81,294398,90,-363,1,-294037
-18,-51,83,294632,27,-397,0,-294670
-30,-53,70,295089,77,-413,1,-295181
-47,-46,43,295824,159,-415,1,-295611
-59,-25,19,296861,278,-354,1,-296921
-63,-2,-11,298016,349,-271,1,298053
-71,14,-51,299089,243,-230,1,-299071
-65,16,-98,299921,163,-245,1,-300021
-94,-11,-123,300436,179,-292,1,300074
-58,1,-99,300796,86,-257,1,-301044
-3,17,-94,301143,-20,-219,0,301266
-12,18,-112,301568,17,-223,0,-301756
-24,19,-116,302131,15,-205,0,-302214
-15,14,-96,302734,-10,-205,0,302614
-5,2,-81,303324,-38,-239,0,303171
2,8,-87,303955,-56,-232,0,-304094
-8,5,-94,304765,-20,-240,0,304860
-14,0,-89,305652,2,-259,0,-305316
-18,-22,-78,306532,31,-323,0,306290
-32,-39,-80,307230,70,-367,1,307523
-42,-56,-94,307761,64,-383,1,308047
-42,-60,-106,307963,46,-387,1,308015
-31,-74,-125,307842,9,-394,1,308010
-3,-68,-125,307760,-35,-377,0,-308054
9,-57,-136,307994,-79,-339,0,307890
-7,-41,-125,308575,-51,-311,0,-308236
-41,-29,-109,309289,6,-289,1,309588
-56,-27,-93,309835,13,-292,1,310039
-73,-25,-83,310243,46,-291,1,309998
-79,-29,-93,310579,41,-292,1,310324
-38,-14,-55,310669,21,-289,1,310437
40,-24,7,310394,-345,-378,1,-310369
49,-57,48,310070,-196,-413,1,-309844
7,-68,72,310209,-43,-417,0,-309830
-29,-56,99,310694,29,-369,1,-310401
-25,-50,90,311219,-13,-373,1,310971
1,-46,84,311665,-65,-386,0,-311499
5,-56,78,312135,-56,-418,0,-311984
18,-65,79,312571,-86,-429,0,-312606
32,-76,67,313021,-126,-465,1,-313148
32,-82,59,313565,-136,-479,1,-313806
15,-79,73,314341,-76,-449,0,-313957
8,-74,86,315141,-58,-426,0,-315009
14,-78,84,315863,-86,-429,0,-315452
18,-65,77,316639,-93,-414,0,-316676
8,-32,67,317605,-41,-346,0,-317827
-35,12,70,318931,86,-210,1,318783
-70,44,100,320284,95,-166,1,320488
-66,29,114,321128,65,-223,1,321242
-41,-8,84,321278,66,-298,1,-321518
-20,-34,90,321223,5,-358,0,-321486
-8,-52,100,321193,-13,-383,0,321417
-5,-58,96,321279,-9,-400,0,321319
2,-61,78,321668,4,-437,0,321862
-21,-48,47,322372,101,-461,0,-322300
-41,-19,17,323460,280,-392,1,-323380
-37,0,-25,324755,250,-289,1,-324983
-51,-10,-74,325895,148,-307,1,325840
-76,-18,-94,327041,185,-312,1,326667
-93,-2,-102,328067,199,-277,1,327787
-76,8,-114,328636,135,-257,1,-328203
-26,8,-121,328863,15,-257,1,-329211
-14,13,-114,329161,2,-230,0,-329054
-18,23,-103,329500,11,-203,0,-329664
-3,15,-96,329838,-23,-218,0,329969
3,21,-107,330274,-25,-208,0,-330380
-14,9,-109,330839,1,-229,0,-330969
-2,8,-94,331476,-33,-228,0,331329
-10,5,-77,332257,-14,-225,0,332110
-16,-9,-69,333101,-15,-269,0,-332911
-12,-26,-61,333911,2,-349,0,334117
-21,-40,-58,334696,42,-393,0,334530
-36,-54,-76,335389,76,-403,1,335773
-40,-61,-106,335741,53,-398,1,335540
-9,-74,-136,335697,-18,-403,0,-335383
11,-75,-138,335760,-57,-386,0,335587
-5,-63,-130,336173,-32,-356,0,-336105
-29,-43,-118,336873,-5,-319,1,-336532
-37,-34,-116,337522,-18,-300,1,-337726
-54,-24,-108,338137,-9,-283,1,-338306
-60,-24,-100,338687,7,-292,1,338839
-52,-24,-72,339094,24,-311,1,339416
-13,-31,-23,339148,-40,-444,0,-339287
30,-28,30,338811,-228,-385,1,-338433
4,-36,65,338346,-146,-365,0,-337972
15,-58,81,338397,-117,-397,0,-337985
-19,-53,96,338886,-5,-382,0,338683
-28,-56,92,339527,19,-395,1,-339886
-11,-58,80,340138,-21,-421,0,340347
8,-68,66,340705,-61,-459,0,-340765
15,-85,64,341278,-72,-476,0,-341148
25,-93,76,341874,-98,-459,1,-341716
25,-97,77,342481,-92,-467,1,-342128
31,-100,69,342998,-103,-478,1,-342616
37,-101,63,343518,-117,-476,1,-343053
-1,-80,73,344192,-43,-445,0,344338
-28,-57,89,344879,12,-377,1,-344611
-33,-35,87,345488,3,-334,1,-345225
-4,4,83,346053,-78,-221,0,-345859
-17,32,101,346743,-16,-182,0,-346779
-5,16,113,347469,-28,-232,0,-347607
-7,-12,97,348059,6,-312,0,-347845
-8,-35,88,348457,7,-364,0,-348219
13,-58,85,348694,-39,-408,0,-349125
11,-65,90,348969,-7,-416,0,-348836
-12,-51,80,349544,60,-414,0,-349347
-32,-38,44,350445,125,-428,1,-350511
-39,-28,-7,351492,240,-446,1,351345
-33,-1,-61,352701,145,-299,1,352281
-71,1,-99,354047,155,-282,1,-354140
-117,-12,-102,355086,225,-289,1,355030
-38,-4,-84,355445,65,-281,1,355674
1,-16,-100,355591,-21,-317,0,355392
-16,-10,-112,355957,7,-295,0,356159
-25,0,-114,356476,11,-270,1,-356625
-34,5,-113,356973,33,-255,1,-357094
-29,18,-106,357432,20,-218,1,-357522
-24,23,-102,357888,18,-199,0,-358068
-19,38,-96,358401,9,-159,0,-358656
-17,32,-90,358923,12,-174,0,-359106
4,18,-80,359376,-55,-187,0,-359176
-1,-11,-77,359936,-17,-288,0,-360268
-12,-24,-78,360599,11,-335,0,360833
-16,-43,-86,361278,15,-372,0,361008
-22,-48,-89,361931,33,-391,0,361484
-31,-56,-93,362454,33,-404,1,362002
-15,-56,-112,362833,-7,-395,0,-362634
2,-48,-124,363122,-42,-361,0,363367
20,-32,-137,363482,-77,-322,0,363094
-3,-30,-133,364091,-35,-307,0,-364467
-23,-14,-114,364791,-20,-271,0,-364931
-36,-14,-107,365226,-3,-273,1,-365568
-47,-17,-95,365460,11,-283,1,365286
-63,-24,-94,365530,48,-304,1,365234
-95,-23,-105,365565,52,-293,1,365262
-69,-26,-100,365514,21,-308,1,365265
-24,-21,-48,365133,16,-358,0,365334
20,-48,5,364444,-206,-534,0,-363897
26,-60,44,363968,-147,-463,1,-363667
14,-80,53,363943,-72,-482,0,-363640
0,-83,60,364223,-43,-474,0,-364321
2,-84,67,364622,-41,-466,0,-364968
-1,-82,66,365138,-30,-468,0,365453
3,-83,69,365597,-52,-466,0,-366058
12,-86,61,365986,-75,-485,0,-365675
14,-89,61,366395,-83,-487,0,-366311
14,-90,48,366818,-80,-514,0,-367306
14,-90,44,367256,-84,-515,0,-366769
14,-89,49,367762,-84,-498,0,-367958
-7,-76,55,368353,-27,-469,0,368471
5,-44,70,369066,-69,-361,0,-368877
-11,2,91,369962,-33,-215,0,-370062
-23,31,122,370982,2,-175,0,371195
-31,11,118,371907,35,-239,1,371822
-42,-18,97,372577,74,-309,1,-372294
-26,-42,90,372966,20,-365,1,-373240
-4,-52,106,373221,-21,-372,0,372954
-7,-51,108,373646,1,-375,0,-373412
-14,-46,85,374275,53,-395,0,-374732
-29,-38,47,375089,131,-424,1,-374785
-40,-32,4,376055,214,-435,1,-376237
-50,-25,-38,377117,220,-359,1,377000
-78,-4,-65,378159,230,-264,1,378051
-101,8,-65,379157,238,-243,1,-379175
-87,6,-76,379815,206,-269,1,-379518
-54,-8,-99,380164,118,-308,1,379922
-48,-4,-107,380574,87,-287,1,380818
-46,6,-106,381003,80,-255,1,-381093
-34,17,-107,381357,49,-227,1,-381224
-28,24,-112,381760,37,-207,1,-381893
-30,27,-108,382241,33,-196,1,-382382
-20,26,-94,382793,9,-177,0,-382887
-16,16,-84,383381,14,-205,0,-383258
-15,4,-80,384030,5,-227,0,-384191
-10,-13,-75,384712,-1,-296,0,-384931
-13,-28,-68,385406,1,-347,0,385139
-9,-42,-70,386028,-1,-390,0,-385552
-15,-46,-75,386594,19,-396,0,387025
-17,-46,-84,387058,16,-388,0,386573
-6,-53,-96,387286,-11,-407,0,-387367
-3,-65,-105,387438,-17,-414,0,-387276
-10,-46,-120,387746,-8,-365,0,-387993
-18,-40,-144,388171,-12,-333,0,-388536
-18,-25,-144,388662,-25,-295,0,-389005
-14,-19,-129,389068,-51,-269,0,-388720
-24,-16,-113,389433,-25,-273,0,-389212
-36,-21,-113,389680,-7,-291,1,-389969
-62,-22,-93,389798,19,-293,1,390118
-84,-25,-87,389521,56,-300,1,389276
-63,-17,-88,388821,27,-281,1,389036
-26,-27,-63,388014,-31,-336,1,-387778
8,-50,-19,387237,-148,-522,0,387606
20,-58,10,386761,-151,-533,0,-386159
24,-82,27,386708,-121,-519,0,-386235
24,-89,52,386947,-97,-480,0,-386635
11,-86,58,387350,-60,-480,0,-387221
10,-91,46,387796,-63,-514,0,-387224
16,-87,39,388221,-83,-517,0,-388681
31,-78,24,388669,-131,-513,1,-388343
28,-79,31,389165,-113,-507,1,-389610
19,-90,48,389880,-82,-500,0,-389923
2,-112,44,390600,-48,-533,0,-391089
4,-111,54,391241,-50,-511,0,-391641
-18,-100,58,391908,-10,-484,0,392004
-21,-76,65,392570,0,-439,0,-392401
-24,-51,70,393261,15,-389,0,-393672
-25,-17,88,393938,-3,-275,0,394128
-19,12,118,394694,-24,-211,0,-394602
-23,-4,114,395458,3,-261,0,-395681
-24,-17,94,396067,26,-309,0,-395863
-15,-34,79,396462,9,-363,0,-396720
5,-50,86,396765,-44,-387,0,-396309
-37,-42,66,398920,133,-403,1,-399124
-40,-36,38,399835,181,-420,1,-399597
-49,-11,-8,400840,309,-332,1,400776
-68,-15,-70,401922,184,-321,1,402417
-57,-10,-102,402918,147,-297,1,402442
-57,4,-107,403724,162,-261,1,-403712
-33,-4,-100,404235,59,-283,1,404073
-8,-5,-95,404719,2,-281,0,404906
-36,0,-104,405275,68,-270,1,-405014
-42,2,-106,405852,52,-258,1,-405545
-29,14,-100,406401,28,-225,1,-406288
-11,28,-103,406871,-7,-193,0,407011
-2,24,-109,407372,-18,-213,0,407550
-13,8,-106,407980,0,-233,0,-407852
-19,4,-83,408659,16,-231,0,-408804
-11,-9,-77,409258,-7,-281,0,-409593
7,-11,-68,409885,-67,-292,0,409648
0,-27,-83,410593,-15,-344,0,410354
-14,-42,-100,411224,5,-370,0,411497
-3,-51,-95,411616,-32,-393,0,-411164
7,-51,-99,411938,-47,-387,0,411867
2,-54,-118,412221,-32,-386,0,412643
4,-44,-131,412534,-45,-352,0,412330
4,-28,-122,413020,-54,-314,0,412724
-9,-16,-106,413663,-37,-287,0,-413322
-21,-16,-103,414330,-22,-290,0,-414514
-39,-19,-103,414819,9,-291,1,415001
-66,-22,-99,414891,34,-302,1,415121
-70,-22,-115,414627,9,-278,1,414366
-76,-20,-107,414342,56,-283,1,414613
-53,-30,-58,413892,43,-323,1,414142
-47,-49,-9,413462,58,-430,1,413332
-40,-63,11,413183,16,-474,1,-412712
1,-71,31,413054,-116,-520,0,-413521
9,-72,44,413061,-92,-492,0,-412758
1,-74,47,413249,-43,-493,0,-413667
0,-69,56,413512,-40,-457,0,-413402
0,-66,74,413816,-32,-423,0,-414153
2,-64,80,414124,-39,-417,0,-413766
4,-71,63,414492,-48,-462,0,-414338
2,-81,52,414891,-39,-496,0,-414983
10,-85,52,415305,-77,-501,0,-415642
22,-87,52,415680,-103,-495,0,-415295
38,-99,47,416045,-128,-504,1,-415950
28,-100,64,416537,-106,-481,1,-416429
15,-95,64,417134,-71,-485,0,-416992
11,-76,69,417811,-74,-446,0,-418273
-12,-60,74,418604,-16,-410,0,418498
0,-37,73,419415,-61,-357,0,-419681
-15,-1,88,420275,-13,-254,0,420118
-12,10,110,421177,-29,-220,0,-421268
-17,-12,107,421995,2,-288,0,-422149
-28,-35,88,422647,40,-351,1,-422884
-19,-46,82,423057,10,-384,0,-423308
0,-59,83,423365,-32,-408,0,-422951
3,-58,95,423853,-15,-397,0,-423497
-15,-56,80,424555,55,-419,0,-424854
-32,-56,51,425383,123,-452,1,-424968
-35,-42,14,426316,183,-474,1,-426021
-47,-9,-38,427447,214,-318,1,427100
-47,8,-90,428782,140,-282,1,-428808
-58,12,-126,430019,129,-275,1,-429596
-65,11,-112,430918,132,-258,1,-430821
-21,10,-100,431511,33,-250,0,-431409
-8,9,-106,431984,2,-254,0,-432107
-11,12,-114,432479,-8,-244,0,432606
1,20,-116,432930,-38,-224,0,-433085
6,24,-116,433396,-42,-210,0,-433252
0,40,-117,433980,-27,-169,0,-434129
-9,32,-101,434618,-18,-165,0,434497
15,40,-90,435215,-78,-145,0,-435375
8,20,-75,435879,-66,-185,0,-435723
8,-5,-80,436660,-57,-276,0,436446
1,-13,-77,437489,-43,-301,0,437684
11,-36,-65,438228,-73,-378,0,437903
7,-35,-66,438934,-41,-392,0,439135
-22,-54,-102,439647,36,-403,0,439470
-21,-55,-143,440000,20,-376,0,440077
6,-40,-143,439961,-42,-332,0,440150
40,-26,-130,439833,-133,-301,1,440066
42,-19,-122,439946,-125,-290,1,440213
12,-20,-120,440338,-101,-283,0,440582
-16,-17,-110,440793,-70,-271,0,-440547
-45,-25,-107,441192,-23,-280,1,-440885
-70,-27,-102,441456,21,-274,1,441677
-68,-34,-72,441360,48,-295,1,441632
-50,-24,-37,440744,80,-298,1,440528
19,-33,12,439976,-229,-453,0,-440246
38,-50,47,439601,-206,-407,1,-439378
1,-60,60,439717,-54,-441,0,-439341
6,-61,64,440071,-70,-435,0,-439945
10,-59,75,440529,-69,-417,0,-440653
20,-67,78,441049,-80,-427,0,-441127
24,-73,82,441594,-78,-433,0,-441608
2,-81,71,442194,-40,-469,0,-442039
-1,-85,63,442725,-41,-488,0,442563
15,-85,51,443077,-86,-507,0,-443137
28,-88,49,443379,-107,-498,1,-442898
34,-86,43,443724,-127,-499,1,-443552
35,-90,44,444139,-126,-495,1,-444206
30,-90,55,444682,-107,-484,1,-444657
19,-86,54,445343,-86,-486,0,-445022
3,-72,57,446109,-56,-460,0,-446239
4,-47,61,446868,-60,-401,0,-446507
-10,-10,85,447692,-35,-254,0,447556
-18,8,125,448542,-41,-196,0,-448660
-5,-4,134,449258,-27,-268,0,449400
-16,-28,98,449957,30,-346,0,-449687
-16,-50,79,450476,26,-409,0,-450142
6,-59,84,450911,-20,-421,0,-450691
11,-61,71,451588,2,-450,0,452021
-31,-45,24,452563,154,-497,1,-452241
-60,-31,-28,453726,250,-410,1,453888
-61,-13,-70,454918,173,-334,1,454800
-57,-4,-87,456108,162,-320,1,455775
-41,3,-97,457304,122,-286,1,-457592
-45,13,-100,458280,117,-256,1,-458468
-39,10,-102,458926,69,-254,1,-458845
-20,14,-104,459357,13,-240,0,-459464
-13,21,-105,459792,-8,-219,0,459966
-8,28,-110,460253,-16,-206,0,460139
0,29,-114,460742,-33,-193,0,-460617
-5,27,-108,461364,-14,-193,0,461455
-10,38,-96,462096,-11,-147,0,462330
1,42,-85,462831,-43,-127,0,-462791
12,26,-71,463621,-78,-160,0,-463750
-2,1,-70,464582,-22,-243,0,464486
-12,-26,-71,465508,4,-338,0,465767
-16,-42,-78,466323,20,-381,0,466066
-36,-55,-102,466921,53,-389,1,466475
-27,-53,-117,467140,16,-382,1,467440
1,-59,-125,467102,-37,-387,0,467325
14,-45,-122,467081,-61,-356,0,467343
22,-32,-126,467215,-84,-324,0,467049
18,-16,-129,467591,-96,-284,0,467804
-2,-11,-124,468097,-64,-270,0,-468418
-21,-2,-111,468601,-47,-254,0,-468692
-46,-2,-99,468952,-14,-259,1,-468635
-55,-17,-100,468981,0,-282,1,468650
-49,-9,-89,468798,2,-261,1,468571
-59,-37,-53,468551,55,-335,1,468759
-54,-34,2,468285,117,-363,1,-468024
-6,-52,54,468051,-94,-429,0,468384
-12,-60,65,467996,-34,-436,0,468477
-15,-69,61,468164,-29,-464,0,468322
-15,-69,63,468430,-15,-460,0,468092
-6,-77,58,468746,-26,-480,0,468669
1,-78,58,469127,-40,-478,0,-469258
2,-80,59,469541,-41,-477,0,-469926
6,-83,58,469968,-63,-480,0,-469598
2,-83,71,470420,-54,-460,0,-470144
-4,-83,69,470838,-40,-473,0,470751
7,-92,64,471185,-68,-492,0,-471336
6,-93,60,471624,-56,-494,0,-472055
2,-90,58,472170,-59,-485,0,-472536
4,-60,70,472825,-85,-409,0,-472911
-1,-44,69,473439,-51,-381,0,473213
-7,-23,75,474097,-26,-319,0,473743
-23,0,93,474707,-19,-232,0,-474864
16,8,122,475165,-102,-223,0,475334
19,-9,110,475741,-64,-288,0,-475915
1,-31,88,476338,-14,-358,0,-476576
1,-50,88,476829,-22,-393,0,-477035
9,-58,94,477296,-38,-398,0,-477621
4,-53,93,477902,-9,-395,0,-477988
-16,-47,78,478728,69,-405,0,-479157
-29,-51,46,479606,103,-451,1,-479441
-37,-46,11,480568,182,-481,1,-480368
-49,-27,-26,481646,240,-387,1,481324
-39,1,-77,482842,137,-282,1,-483299
-62,22,-124,484157,154,-258,1,-484086
-107,-7,-133,484938,185,-283,1,485122
-1,3,-115,485806,-19,-266,0,485574
-16,11,-121,486287,6,-243,0,-486150
-12,16,-117,486807,-4,-227,0,486683
-5,22,-112,487362,-19,-196,0,487276
-8,13,-102,487915,-16,-211,0,487771
-2,20,-88,488535,-31,-188,0,488626
-10,-1,-81,489229,-11,-248,0,-489388
0,-1,-75,489937,-38,-259,0,489662
-5,-16,-70,490707,-18,-309,0,-490939
-1,-24,-67,491458,-31,-341,0,-491232
-9,-47,-78,492196,-3,-389,0,-492364
-21,-52,-83,492791,23,-395,0,492829
-9,-56,-102,493065,-10,-401,0,-493513
7,-77,-126,493092,-42,-415,0,493479
14,-70,-120,493269,-57,-392,0,493396
3,-43,-115,493784,-47,-348,0,494068
-6,-27,-117,494500,-38,-316,0,-494292
-6,-14,-103,495182,-36,-289,0,-495394
-12,-12,-96,495775,-12,-290,0,-496105
-15,-15,-95,496225,-13,-295,0,-496408
-13,-23,-94,496550,-16,-316,0,-496344
-6,-33,-93,496764,-31,-338,0,-496969
-17,-38,-96,496974,-14,-344,0,-496765
-37,-36,-105,497154,-10,-330,1,-497455
-62,-33,-113,497303,-1,-319,1,-497608
-79,-35,-127,497333,10,-302,1,497539
-60,-25,-94,497187,13,-287,1,497485
-22,-22,-38,496804,-8,-347,0,-497119
20,-28,12,496197,-244,-454,0,-496499
41,-61,47,495735,-199,-432,1,-495912
8,-68,65,495745,-60,-439,0,-495877
-2,-67,84,496093,-31,-403,0,495684
1,-74,83,496489,-44,-421,0,-496384
21,-86,80,496863,-76,-453,0,-496963
28,-103,74,497251,-89,-480,1,-497624
27,-98,74,497708,-97,-481,1,-498080
23,-95,67,498186,-96,-488,0,-498619
14,-81,75,498780,-76,-456,0,-499144
-1,-67,77,499449,-47,-433,0,499562
-14,-55,76,500189,-14,-407,0,499763
-13,-49,68,500872,-27,-403,0,501114
-1,-47,67,501511,-56,-392,0,501464
-2,-37,78,502189,-52,-343,0,501921
-11,-15,97,502873,-28,-282,0,503100
-4,-4,113,503477,-43,-263,0,503786
2,-27,88,504046,-27,-346,0,-504304
-11,-41,70,504571,20,-397,0,-504582
-7,-57,61,505006,7,-446,0,-505110
5,-67,62,505451,-24,-455,0,-505794
-10,-57,68,506170,41,-423,0,-506051
-29,-47,56,507101,117,-419,1,-507140
-48,-37,21,508127,222,-418,1,-508350
-62,-17,-24,509212,287,-344,1,509293
-77,-10,-82,510225,201,-319,1,510193
-62,-25,-106,511019,168,-338,1,511389
-44,-4,-100,511618,107,-283,1,511931
-24,-12,-110,512069,61,-300,0,512288
-8,-6,-105,512474,2,-281,0,512168
-4,-1,-107,512883,-23,-271,0,-512513
2,0,-106,513301,-35,-267,0,-513109
0,6,-107,513741,-34,-250,0,-513660
0,8,-108,514230,-39,-235,0,-514076
-5,6,-107,514736,-25,-238,0,514607
1,16,-96,515259,-48,-215,0,-515087
0,-3,-96,515878,-41,-256,0,516014
-6,-2,-89,516506,-30,-254,0,-516389
9,-9,-81,517113,-68,-281,0,516849
2,-16,-79,517870,-40,-304,0,518055
-19,-34,-75,518701,25,-359,0,518953
-11,-46,-77,519345,0,-389,0,519516
0,-50,-76,519734,-25,-408,0,520129
2,-56,-85,519955,-29,-417,0,519884
5,-58,-109,520057,-41,-406,0,519830
15,-63,-122,520193,-68,-395,0,520578
17,-48,-123,520574,-77,-360,0,520211
-3,-39,-127,521253,-41,-331,0,-521504
-21,-31,-125,521942,-26,-302,0,-522135
-25,-31,-126,522368,-40,-288,1,-522689
-34,-27,-111,522580,-37,-276,1,-522294
-64,-28,-89,522716,53,-299,1,522428
-76,-25,-78,522636,58,-290,1,522378
-60,-19,-66,522309,49,-301,1,522547
-13,-33,-36,521722,-22,-425,0,-521291
19,-66,-6,521103,-207,-547,0,520502
24,-71,15,520953,-139,-521,0,-520233
-6,-72,30,521360,-29,-516,0,521937
-19,-82,34,521975,-4,-501,0,522083
-2,-88,60,522616,-43,-467,0,522472
-12,-95,64,523308,-4,-476,0,523747
-28,-96,52,523966,12,-489,1,-524074
-16,-88,61,524476,-5,-480,0,524544
-10,-85,62,524873,-19,-482,0,525275
-8,-84,63,525243,-33,-482,0,524819
-4,-92,50,525587,-43,-520,0,526166
0,-102,55,525933,-53,-513,0,-525322
-17,-102,67,526395,-16,-485,0,526820
-29,-87,72,526917,-9,-442,1,527349
-37,-58,82,527429,15,-379,1,-527741
-21,-38,79,527866,0,-357,0,-527587
-1,-36,70,528253,-58,-362,0,527946
5,-34,65,528638,-81,-358,0,-528813
20,-23,69,529059,-123,-311,0,-529323
17,-8,101,529644,-79,-258,0,-529875
6,0,114,530335,-33,-266,0,530112
0,-35,76,530935,-9,-377,0,-530668
-14,-59,71,531438,8,-428,0,-531008
6,-67,88,531837,-42,-413,0,-531671
5,-60,104,532397,-9,-393,0,-532090
-17,-57,83,533162,50,-413,0,-533374
-45,-46,44,534052,170,-435,1,-534291
-53,-38,-1,535029,247,-437,1,534692
-59,-21,-51,536205,236,-358,1,536347
-87,-7,-90,537439,207,-285,1,537222
-109,-1,-81,538380,244,-272,1,538312
-69,-1,-83,538820,135,-276,1,538949
-16,-5,-92,538998,18,-288,0,538665
-29,-6,-96,539342,62,-287,1,539563
-45,-9,-93,539794,77,-284,1,540095
-34,0,-90,540258,39,-250,1,-540360
-30,3,-90,540750,47,-245,1,-540882
-37,5,-85,541317,66,-242,1,-541249
-10,5,-83,542968,0,-240,0,-542796
-9,-10,-72,543581,-5,-279,0,-543244
-7,-30,-65,544162,-7,-361,0,-543894
-8,-43,-76,544801,10,-399,0,545217
-23,-55,-101,545355,52,-399,0,545719
-14,-47,-115,545734,13,-369,0,545512
-7,-58,-128,545992,-10,-382,0,-546303
-13,-50,-128,546284,-8,-360,0,-545997
11,-42,-125,546489,-84,-343,0,546784
34,-33,-122,546800,-128,-316,1,546508
9,-24,-120,547330,-60,-298,0,547707
-26,-24,-124,547836,-20,-284,1,-547459
-46,-23,-123,548122,-27,-264,1,-547910
-67,-20,-112,548217,9,-247,1,548283
-73,-17,-96,548137,34,-250,1,548342
-33,-25,-71,547866,10,-314,1,548180
25,-40,-3,547468,-244,-469,1,547732
25,-61,47,547269,-141,-460,1,-546956
-21,-89,40,547463,-18,-517,0,547060
-12,-76,34,547838,-39,-514,0,547257
2,-75,41,548116,-59,-494,0,-548001
8,-76,52,548449,-56,-468,0,-548849
0,-76,64,548909,-24,-455,0,-549366
-6,-82,69,549436,-13,-463,0,549869
-10,-84,71,549976,-14,-464,0,550277
0,-87,65,550405,-41,-483,0,-550875
4,-79,56,550749,-60,-487,0,-550641
8,-80,52,551098,-68,-495,0,-551271
-1,-89,59,551558,-42,-493,0,551714
-6,-92,62,552026,-28,-488,0,552388
-5,-88,68,552543,-41,-466,0,552883
-11,-88,63,553094,-42,-466,0,553246
2,-66,66,553563,-83,-414,0,-553880
8,-16,92,554113,-97,-257,0,-554425
12,31,122,554796,-89,-170,0,554934
8,25,107,555722,-41,-212,0,555593
-24,-8,74,556740,70,-303,0,-557045
-27,-30,70,557434,62,-359,1,-557153
-12,-43,85,557847,-4,-371,0,557584
4,-49,96,558127,-41,-374,0,-558373
8,-50,99,558510,-33,-377,0,-558255
0,-49,87,559143,3,-391,0,559559
-36,-36,60,560059,139,-393,1,-559752
-55,-25,24,561158,259,-378,1,-561226
-57,-17,-14,562401,304,-350,1,562346
-64,-1,-38,563737,267,-279,1,563741
-69,18,-74,564993,198,-237,1,-565048
-87,17,-112,565975,161,-245,1,-565930
-85,17,-109,566704,166,-238,1,-566738
-51,19,-100,567178,79,-225,1,-567141
-38,17,-98,567603,48,-226,1,-567733
-33,16,-96,568071,40,-227,1,-568226
-34,20,-93,568553,48,-212,1,-568417
-35,25,-100,569014,48,-208,1,-568851
-39,27,-107,569493,50,-204,1,-569401
-29,38,-107,569970,15,-169,1,-569991
-15,31,-98,570488,-6,-171,0,570533
-17,32,-92,571137,7,-173,0,-571332
-21,8,-83,571865,15,-220,0,-571714
-15,-18,-70,572557,-1,-301,0,-572922
-2,-24,-61,573201,-34,-327,0,-573023
-5,-17,-69,573874,-7,-312,0,-573650
-26,-34,-93,574432,41,-348,1,574197
-24,-36,-104,574858,23,-348,0,574615
-20,-45,-113,575190,18,-366,0,575460
-31,-55,-124,575506,29,-371,1,575789
-26,-53,-119,575884,4,-362,1,575673
-23,-45,-117,576380,-3,-344,0,-576102
-32,-28,-114,576992,10,-304,1,576691
-39,-20,-114,577532,8,-288,1,577196
-46,-16,-109,577931,11,-281,1,577749
-61,-17,-103,578161,42,-289,1,578354
-74,-15,-92,578225,40,-287,1,578456
-33,-21,-59,577905,-1,-349,1,-577569
-68,-66,-71,577438,70,-399,1,577041
-73,-54,-69,577073,74,-364,1,577322
-66,-50,-63,576762,43,-353,1,577020
-24,-47,-41,576420,-27,-410,0,-576053
17,-55,-6,576081,-184,-521,0,575694
42,-57,38,575917,-189,-432,1,-575626
34,-71,57,576029,-127,-439,1,-576396
20,-75,67,576435,-78,-445,0,-576094
4,-80,68,576987,-42,-462,0,-576563
2,-85,61,577546,-41,-484,0,-577961
1,-87,57,578060,-47,-496,0,-578466
9,-88,46,578495,-66,-519,0,-577931
19,-90,34,578868,-94,-535,0,-579350
21,-87,29,579318,-95,-526,0,-578810
3,-85,50,579917,-43,-495,0,-579823
-14,-92,78,580674,-14,-448,0,581098
-19,-91,79,581330,-12,-451,0,581406
-9,-84,71,581871,-37,-453,0,581905
-6,-62,77,582421,-48,-407,0,582363
-1,-32,83,583005,-52,-340,0,582771
6,1,91,583669,-93,-229,0,583443
1,18,128,584466,-59,-205,0,584565
-7,-2,110,585280,-6,-276,0,585533
-22,-32,77,585914,50,-369,0,-586174
-12,-44,70,586290,0,-400,0,-586714
14,-52,79,586557,-62,-400,0,-586496
17,-48,91,587047,-35,-383,0,-586781
-7,-50,67,587811,49,-430,0,-588234
-34,-41,32,588799,181,-458,1,-588458
-58,-33,-10,589947,267,-403,1,590065
-70,-15,-43,591183,258,-321,1,591215
-86,0,-68,592306,217,-276,1,-591982
-70,-3,-96,593224,175,-289,1,593116
-58,1,-104,593855,147,-280,1,-593512
-36,8,-105,594220,52,-268,1,-594004
-10,5,-105,594580,-10,-264,0,594940
-20,12,-99,595094,16,-247,0,-594960
-31,11,-100,595630,35,-244,1,-595468
-17,20,-98,596083,1,-221,0,-596170
-9,27,-101,596489,-7,-208,0,596661
-5,39,-107,596949,-9,-180,0,596773
-6,45,-103,597484,-5,-153,0,597308
-1,52,-90,598148,-21,-122,0,598150
-12,38,-85,599010,2,-149,0,-598800
-21,23,-91,599940,22,-197,0,-599822
-13,2,-89,600798,-2,-250,0,600690
