-18,101,7,31,7,-5,0,109
-18,102,7,57,6,-4,0,78
-18,101,6,71,6,-4,0,50
-16,102,6,73,4,-2,0,33
-16,101,6,70,4,-1,0,44
-15,101,6,67,1,0,0,-46
-15,101,6,68,0,1,0,-43
-15,101,6,73,0,1,0,-40
-15,101,6,81,1,1,0,-63
-16,102,6,85,0,0,0,-57
-15,102,6,82,-1,1,0,63
-19,100,1,99,4,-4,0,17
-16,102,3,129,-11,6,0,229
-18,106,11,165,-10,0,0,222
-24,113,25,171,-6,-26,0,-203
-11,116,35,87,-23,-38,0,-60
-31,114,30,-41,24,-62,1,-125
-42,124,41,-223,28,-76,1,-247
-37,138,63,-520,16,-94,1,-729
-59,149,65,-918,45,-123,1,-816
-64,148,66,-1464,49,-140,1,-1512
-61,133,69,-2148,49,-140,1,-2087
-46,108,60,-2918,37,-170,0,-2967
-47,82,48,-3731,65,-191,1,-3619
-46,49,43,-4524,83,-237,1,-4385
-34,35,50,-5222,65,-242,1,-5351
-29,9,48,-5843,68,-345,1,-6121
-20,-14,48,-6381,32,-442,0,6489
-16,-35,37,-6755,26,-520,0,6261
-14,-56,35,-7062,-6,-585,0,-6596
-8,-68,34,-7295,-36,-616,0,-7775
-7,-79,29,-7461,-33,-626,0,-7971
-9,-82,23,-7599,-27,-638,0,-8070
0,-81,9,-7769,-52,-681,0,7320
9,-79,-14,-7940,-67,-650,0,-7553
14,-90,-36,-8101,-68,-599,0,-7624
15,-94,-39,-8256,-66,-584,0,-8784
23,-88,-26,-8400,-87,-578,0,-8836
26,-82,-20,-8496,-90,-568,1,-8987
29,-73,-20,-8545,-106,-539,1,-9047
29,-63,-9,-8517,-117,-518,1,-8990
8,-30,7,-8370,-75,-532,0,8952
5,-13,25,-8263,-59,-358,0,8459
-3,24,47,-8103,-2,-136,0,7959
-6,55,60,-7944,4,-77,0,-8004
-24,97,79,-7711,31,-49,0,-7691
-27,113,70,-7498,38,-23,1,-7512
-43,125,57,-7221,56,-8,1,-7271
-43,142,55,-6901,41,5,1,6728
-27,152,58,-6615,8,-4,1,-6503
-15,155,56,-6404,-3,23,0,-6586
-24,151,57,-6203,12,-12,0,-6279
-22,145,56,-6183,8,-37,0,-6325
-17,137,53,-6248,-3,-55,0,6397
-10,128,51,-6338,-17,-66,0,6184
-19,136,52,-6419,-4,-75,0,6647
-24,152,62,-6506,-7,-95,0,6530
-26,167,65,-6634,-3,-113,1,6503
-31,171,59,-6856,2,-94,1,-6678
-32,168,56,-7182,3,-93,1,-7391
-28,155,59,-7625,0,-101,1,-7445
-21,125,61,-8130,-16,-142,0,7957
-12,75,54,-8616,-14,-178,0,8559
-15,32,36,-9061,33,-235,0,-9128
-24,7,23,-9514,130,-364,0,-9414
-8,-16,13,-10027,38,-554,0,9506
12,-41,-12,-10538,-109,-661,0,-11261
25,-59,-33,-10954,-129,-592,1,-10247
44,-71,-53,-11184,-147,-542,1,-10622
46,-90,-89,-11237,-114,-511,1,-10824
39,-93,-95,-11123,-97,-471,1,-10979
43,-66,-83,-10930,-107,-403,1,-11123
31,-51,-64,-10608,-107,-414,1,-10378
24,-1,-47,-10039,-121,-256,0,-10118
0,50,-23,-9339,-9,12,0,-9305
-33,108,5,-8549,53,42,0,8496
-18,181,36,-7882,-11,60,0,-7806
-28,203,46,-7322,27,50,1,7245
-66,233,64,-6602,48,49,1,6435
-38,218,68,-6028,0,32,1,5907
-26,197,59,-5429,5,38,1,5619
-40,175,53,-4868,24,11,1,5038
-16,156,59,-4531,-2,-15,0,4375
-13,150,61,-4428,-1,-43,0,4548
-15,150,51,-4493,-5,-62,0,4380
-14,157,44,-4663,-19,-69,0,4830
-10,178,48,-4883,-24,-78,0,5057
-18,202,41,-5199,-10,-83,0,5349
-19,212,26,-5749,-6,-68,0,5868
-32,194,30,-6555,4,-83,1,-6413
-28,152,53,-7476,-14,-119,1,7677
-17,117,81,-8268,-60,-197,0,8322
24,90,45,-8758,-94,-127,0,-8828
-5,20,-8,-9121,51,-140,0,8973
-24,0,-14,-9652,198,-387,0,9455
15,-24,-36,-10274,-124,-493,0,-10640
27,-48,-49,-10775,-123,-541,1,-10360
33,-71,-74,-11111,-106,-529,1,-10547
46,-81,-98,-11294,-113,-486,1,-11669
56,-83,-117,-11365,-115,-442,1,-11699
53,-70,-106,-11252,-119,-412,1,-10757
41,-43,-77,-10885,-126,-378,1,-11213
20,-6,-48,-10229,-110,-275,0,-9912
5,57,-16,-9464,-41,44,0,-9411
-2,106,3,-8752,-13,102,0,-8752
-10,149,10,-8052,10,88,0,8117
-34,199,8,-7109,33,70,1,6990
-52,244,8,-6072,17,62,1,5972
-38,258,21,-5250,-9,48,1,-5513
-15,237,38,-4743,-22,47,0,-4732
-9,219,52,-4542,-15,20,0,-4419
-11,188,54,-4557,-4,-11,0,4423
-8,159,41,-4711,-10,-50,0,4845
-7,140,28,-4894,-21,-47,0,5043
-16,145,27,-5016,-2,-46,0,4924
-33,172,35,-5173,10,-66,1,-5332
-32,201,35,-5491,0,-83,1,-5591
-29,214,19,-6033,1,-69,1,-5904
-36,211,15,-6862,6,-51,1,-6662
-32,174,22,-7947,-4,-83,1,8191
-20,133,33,-9037,-21,-98,0,9100
-2,69,19,-10037,-44,-94,0,10007
12,45,-5,-10879,-105,-99,0,10835
20,-2,-64,-11560,-115,-400,0,-11507
30,-40,-85,-12035,-118,-459,1,-11988
45,-56,-102,-12304,-124,-475,1,-12755
42,-95,-120,-12358,-89,-483,1,-12800
32,-96,-104,-12179,-78,-465,1,-11797
29,-75,-86,-11887,-85,-448,1,-12165
19,-54,-70,-11467,-73,-419,0,-11586
9,-4,-51,-10811,-65,-266,0,-11082
0,69,-29,-9938,-23,20,0,-9865
-14,129,-6,-9050,-13,59,0,9189
-8,176,24,-8315,-27,102,0,-8364
-25,197,23,-7680,23,72,1,7529
-56,234,22,-6884,38,52,1,6713
-50,261,30,-6012,0,60,1,5742
-22,178,52,-5090,9,-19,0,-4972
-11,157,43,-5188,-10,-43,0,5342
-12,156,31,-5304,-8,-49,0,5130
-32,175,27,-5424,9,-67,1,-5581
-28,189,23,-5685,0,-75,1,-5837
-37,206,14,-6211,16,-76,1,-6399
-37,209,3,-7065,16,-73,1,-6966
-54,179,18,-8207,28,-103,1,-8420
-38,148,44,-9363,-31,-119,1,9316
23,105,27,-10290,-99,-108,0,-10336
3,36,4,-11001,-35,-68,0,-10937
-3,5,-20,-11673,1,-331,0,11461
14,-30,-40,-12302,-111,-533,0,-12866
34,-66,-72,-12836,-120,-514,1,-12403
34,-89,-84,-13098,-100,-519,1,-12647
28,-93,-84,-13128,-85,-496,1,-13037
29,-82,-72,-13052,-93,-471,1,-13178
30,-64,-58,-12846,-106,-458,1,-13207
17,-33,-35,-12397,-106,-432,0,-12732
0,5,-10,-11717,-24,-144,0,11602
-4,72,11,-11006,-18,72,0,-10983
-9,97,28,-10423,-4,68,0,-10375
-9,144,22,-9839,-12,48,0,-9946
-27,179,23,-9127,12,40,1,9023
-32,210,25,-8303,5,67,1,8447
-15,225,30,-7563,-13,77,0,-7481
-14,207,35,-7082,-6,43,0,-7013
-26,187,32,-6920,9,7,1,7048
-20,163,33,-6994,0,-11,0,-7113
-12,148,37,-7114,-13,-25,0,7013
-13,155,43,-7233,-14,-42,0,7386
-22,172,40,-7409,-4,-60,0,7259
-22,190,33,-7756,-9,-75,0,7809
-29,198,24,-8273,-2,-52,1,8355
-24,191,15,-9009,-2,-43,0,9150
-46,170,23,-9971,29,-77,1,-9777
-45,136,39,-11031,21,-104,1,-11237
-12,100,38,-11992,-23,-96,0,11989
3,47,19,-12790,-48,-123,0,-12702
2,3,0,-13510,-177,-182,0,-13508
15,-23,-11,-14102,-165,-595,0,-13811
29,-45,-28,-14561,-152,-581,1,-14875
26,-75,-58,-14848,-89,-573,1,-15346
22,-91,-85,-14992,-72,-538,0,-14540
28,-99,-98,-15036,-79,-502,1,-15133
32,-88,-91,-14949,-87,-462,1,-15314
26,-59,-80,-14653,-84,-405,1,-14488
15,-26,-57,-14152,-86,-342,0,-13932
10,26,-35,-13379,-93,-82,0,13439
12,108,-11,-12448,-65,52,0,-12420
0,158,11,-11565,-35,94,0,11719
1,184,23,-10922,-20,82,0,10820
-37,194,22,-10307,52,60,1,10425
-73,221,40,-9489,43,3,1,9606
-49,221,55,-8778,11,37,1,8894
-42,207,64,-8277,27,32,1,8394
-44,176,56,-8110,36,-32,1,-7991
-32,150,42,-8208,23,-47,1,-8343
-28,137,36,-8390,12,-50,1,-8270
-24,138,37,-8604,5,-53,0,-8465
-37,158,48,-8852,15,-73,1,-8798
-43,183,49,-9156,9,-93,1,-9018
-40,194,37,-9652,10,-96,1,-9510
-42,191,18,-10374,22,-86,1,-10306
-55,162,22,-11382,46,-113,1,-11435
-48,125,31,-12521,34,-131,1,-12295
-9,74,18,-13626,-12,-95,0,13630
8,15,-12,-14594,-104,-208,0,14759
-13,-32,-17,-15440,66,-630,0,-15994
-9,-44,-3,-16209,6,-675,0,-15832
6,-65,-2,-16930,-75,-694,0,-16540
26,-82,-17,-17473,-113,-630,1,-17950
24,-95,-34,-17790,-94,-600,0,-18195
40,-89,-51,-17933,-129,-535,1,-17628
44,-82,-63,-17904,-127,-492,1,-17467
44,-58,-61,-17617,-140,-404,1,-17891
36,-23,-52,-17012,-149,-330,1,-17325
19,39,-33,-16045,-102,-66,0,16030
-1,95,-13,-14834,-16,78,0,14817
-15,166,3,-13609,9,89,0,13777
-42,204,6,-12383,38,63,1,12455
-73,249,22,-11157,50,43,1,11049
-82,248,37,-10034,34,55,1,10155
-57,222,48,-9249,13,36,1,9436
-47,205,61,-8812,22,13,1,8877
-45,175,60,-8654,32,-34,1,-8561
-42,158,45,-8664,24,-63,1,-8553
-32,160,37,-8772,4,-65,1,-8863
-36,172,25,-8982,17,-72,1,-9175
-45,192,17,-9408,17,-88,1,-9224
-35,195,9,-10047,2,-74,1,-10143
-33,196,8,-10952,8,-72,1,-10856
-43,173,21,-12134,16,-94,1,-12218
-28,138,27,-13360,-11,-95,1,13554
-12,78,21,-14540,-7,-102,0,14586
0,26,-2,-15634,-23,-82,0,15695
-17,-20,-28,-16589,71,-517,0,-17046
10,-42,-45,-17445,-83,-533,0,-18032
32,-61,-62,-18140,-125,-533,1,-17554
47,-75,-89,-18576,-123,-493,1,-18728
50,-81,-97,-18744,-118,-460,1,-18569
50,-68,-82,-18725,-135,-437,1,-18486
55,-47,-68,-18508,-163,-396,1,-18748
40,-12,-51,-17904,-159,-290,1,-17475
17,38,-31,-16903,-87,-63,0,16965
18,104,-15,-15678,-50,60,0,-15687
-6,182,5,-14453,2,100,0,14502
-25,240,5,-13252,6,62,1,13077
-43,262,0,-12001,35,73,1,12197
-57,266,0,-10750,22,86,1,10380
-54,239,11,-9553,5,59,1,9660
-41,215,24,-8888,0,47,1,8828
-30,192,33,-8876,2,9,1,8799
-24,171,28,-9196,-3,-24,0,9052
-25,166,23,-9584,-6,-39,1,9702
-26,175,15,-9877,-5,-43,1,9728
-39,192,8,-10288,12,-91,1,-10389
-38,204,-7,-11073,11,-52,1,11156
-39,205,-13,-12248,4,-78,1,12154
-60,193,13,-13474,5,-103,1,-13367
-28,160,26,-14690,-66,-87,1,14804
-4,104,31,-15741,-72,-99,0,15663
18,53,-4,-16519,-116,-89,0,16523
8,6,-37,-17136,-69,-353,0,17379
9,-28,-56,-17635,-59,-499,0,-17678
23,-51,-72,-18071,-91,-511,0,-18259
33,-74,-92,-18356,-91,-502,1,-17965
30,-87,-96,-18412,-80,-485,1,-18005
29,-78,-83,-18281,-86,-469,1,-18153
33,-56,-81,-18008,-93,-406,1,-18396
18,-29,-69,-17508,-70,-336,0,-17698
5,24,-44,-16706,-49,-160,0,16858
9,91,-25,-15590,-47,45,0,-15535
0,159,-9,-14364,-15,97,0,-14562
-15,213,-6,-13138,-1,93,0,13264
-21,254,-4,-11938,-13,67,0,11781
-36,266,-8,-10719,-19,79,1,10414
-24,270,7,-9712,-34,65,0,-9364
-8,240,28,-9279,-38,83,0,-9378
-3,203,32,-9379,-26,21,0,-9286
0,175,28,-9712,-30,-5,0,-9544
4,154,18,-9959,-36,-17,0,-9820
-9,164,19,-10047,-7,-33,0,10149
-25,169,7,-10134,18,-78,1,-10112
-30,189,4,-10310,8,-68,1,-10410
-35,196,3,-10647,15,-73,1,-10552
-34,199,-1,-11288,6,-72,1,11443
-25,184,3,-12206,-8,-63,1,12084
-25,153,18,-13275,-7,-79,1,13058
0,112,12,-14314,-40,-58,0,-14218
1,58,-9,-15387,-38,-71,0,15432
11,18,-21,-16445,-117,-242,0,16566
29,-22,-50,-17523,-148,-474,1,-17667
32,-60,-53,-18223,-125,-550,1,-17756
44,-65,-57,-18600,-146,-525,1,-19054
45,-73,-76,-18739,-122,-502,1,-18580
45,-81,-94,-18744,-114,-480,1,-18619
52,-82,-98,-18676,-123,-445,1,-18739
50,-69,-93,-18468,-122,-416,1,-18925
41,-53,-79,-18004,-123,-372,1,-18187
37,-1,-59,-17208,-151,-276,1,-17071
14,67,-34,-16058,-60,-3,0,16110
-17,124,-3,-14832,10,79,0,-14791
-16,178,4,-13702,4,90,0,13664
-51,205,6,-12545,62,79,1,12683
-61,252,10,-11319,25,55,1,11473
-41,273,25,-10106,-13,71,1,-9746
-22,255,45,-9253,-11,66,0,-9386
-26,214,52,-8871,10,6,1,8786
-24,176,44,-8862,9,-38,0,-8761
-19,159,31,-9036,3,-49,0,-9193
-25,159,19,-9246,11,-53,1,-9398
-35,175,19,-9489,17,-68,1,-9696
-34,190,19,-9993,15,-80,1,-10184
-40,203,20,-10937,18,-59,1,-10860
-46,195,23,-12156,12,-69,1,-12234
-24,163,28,-13407,-25,-84,0,13503
-4,93,19,-14657,-33,-104,0,14664
-3,48,10,-15780,-16,-60,0,15789
13,17,-13,-16827,-160,-196,0,16884
22,-10,-32,-17721,-171,-449,0,-17489
44,-44,-63,-18439,-154,-501,1,-18770
49,-72,-74,-18922,-131,-509,1,-18604
53,-79,-71,-19149,-139,-507,1,-19331
50,-96,-75,-19222,-119,-515,1,-18758
44,-92,-69,-19178,-118,-506,1,-19286
46,-87,-70,-19076,-130,-480,1,-19428
50,-87,-71,-18875,-134,-450,1,-18656
39,-54,-46,-18422,-144,-416,1,-18138
21,-25,-21,-17696,-162,-410,0,-17469
6,21,0,-16814,-88,47,0,16836
-6,56,12,-15954,-3,54,0,-15959
-26,98,23,-15120,32,33,0,15200
-16,153,37,-14239,-17,51,0,-14093
-21,160,46,-13579,10,40,0,13744
-42,171,48,-13047,41,28,1,12914
-45,164,49,-12573,35,17,1,12692
-37,175,52,-12241,22,0,1,12154
-35,167,52,-12100,24,-18,1,-12281
-35,168,56,-12199,19,-49,1,-12085
-35,164,54,-12438,14,-68,1,-12396
-45,169,56,-12784,23,-93,1,-12571
-45,178,56,-13316,21,-117,1,-13512
-51,174,47,-14080,32,-120,1,-13849
-53,163,41,-15069,31,-122,1,-14856
-48,125,41,-16174,33,-116,1,-16136
-19,90,38,-17306,-3,-111,0,17305
2,46,12,-18364,-43,-94,0,-18415
4,4,-10,-19299,-109,-301,0,18985
13,-33,-30,-20094,-99,-547,0,-19472
23,-51,-41,-20724,-116,-571,0,-21174
41,-70,-77,-21148,-119,-512,1,-21298
36,-90,-107,-21333,-81,-504,1,-21224
32,-98,-110,-21355,-82,-480,1,-21196
35,-94,-92,-21261,-98,-460,1,-21121
37,-78,-82,-21041,-111,-445,1,-21465
27,-52,-62,-20634,-124,-398,1,-20858
33,6,-36,-20021,-216,-220,1,20031
23,59,-15,-19210,-124,10,0,-19289
3,115,4,-18268,-37,125,0,18292
-5,148,18,-17489,-22,82,0,-17560
-22,174,28,-16803,4,64,0,16707
-30,198,44,-16117,9,50,1,15931
-41,207,65,-15472,16,29,1,15559
-42,208,80,-15002,20,8,1,14895
-43,201,89,-14788,22,-38,1,-14666
-43,190,89,-14858,22,-81,1,-14978
-46,184,77,-15137,26,-107,1,-15244
-53,184,61,-15630,31,-128,1,-15840
-55,189,50,-16384,28,-118,1,-16173
-51,196,55,-17345,11,-116,1,-17275
-34,172,48,-18432,-2,-109,1,18220
-10,148,39,-19535,-33,-117,0,19618
18,88,-10,-20484,-76,-86,0,20572
12,7,-22,-21319,-127,-324,0,21095
14,-14,-27,-22025,-126,-468,0,-22462
17,-48,-55,-22617,-84,-553,0,-23082
26,-72,-70,-23064,-93,-542,1,-22606
37,-91,-89,-23357,-94,-526,1,-22857
35,-99,-99,-23455,-83,-503,1,-23067
31,-95,-100,-23432,-77,-484,1,-23050
35,-92,-99,-23337,-88,-461,1,-23211
31,-75,-87,-23107,-95,-429,1,-23473
21,-52,-66,-22758,-96,-420,0,-22909
30,-6,-43,-22254,-186,-275,1,-22389
27,42,-20,-21562,-161,-44,1,21651
2,91,2,-20660,-40,102,0,20651
-9,149,32,-19665,-33,60,0,-19572
-16,175,60,-18928,-15,32,0,-18784
-36,180,76,-18363,21,-13,1,-18300
-62,179,89,-17869,52,-13,1,-17697
-55,172,100,-17498,39,-44,1,-17577
-57,169,105,-17258,45,-80,1,-17393
-57,160,107,-17217,44,-114,1,-17390
-56,155,108,-17317,39,-139,1,-17355
-53,154,99,-17552,35,-139,1,-17641
-61,155,82,-17985,51,-167,1,-17956
-56,149,60,-18657,52,-148,1,-18651
-68,128,50,-19549,72,-165,1,-19523
-50,95,46,-20584,58,-151,0,-20618
-32,61,42,-21675,50,-196,1,-21585
-11,36,19,-22757,9,-162,0,-22644
5,0,-4,-23638,-263,-397,0,23771
20,-23,-9,-24345,-202,-553,0,-24050
46,-29,-23,-24929,-246,-508,1,-24650
60,-57,-63,-25326,-175,-498,1,-25484
67,-86,-96,-25461,-131,-497,1,-25165
50,-110,-102,-25323,-93,-516,1,-24717
41,-119,-95,-25023,-89,-513,1,-25573
24,-115,-90,-24622,-65,-501,0,-25001
4,-98,-78,-24181,-45,-478,0,-24496
6,-58,-54,-23765,-68,-439,0,-23850
3,-29,-31,-23336,-74,-420,0,-23247
11,8,-12,-22835,-194,-161,0,22873
1,49,14,-22222,-54,45,0,22249
-3,80,36,-21579,-32,14,0,-21552
-7,103,52,-21004,-31,3,0,-21058
-1,123,49,-20442,-30,23,0,-20380
-3,150,44,-19847,-21,46,0,-19719
-15,167,49,-19276,-3,42,0,-19450
-15,191,70,-18856,-11,27,0,-18756
-12,210,98,-18689,-11,-24,0,18852
-17,211,103,-18744,-4,-74,0,18907
-25,200,85,-18991,0,-104,1,-19152
-31,190,70,-19411,3,-121,1,-19277
-34,181,55,-19997,12,-111,1,-20191
-33,168,40,-20780,11,-101,1,-20968
-24,123,25,-21716,15,-95,0,-21750
-17,79,22,-22720,11,-112,0,-22673
-5,38,18,-23733,-11,-138,0,23557
10,9,13,-24662,-175,-280,0,-25057
28,3,-5,-25446,-343,-368,1,25412
32,-40,-39,-26099,-155,-545,1,-26475
44,-57,-48,-26536,-173,-531,1,-25890
70,-86,-71,-26718,-168,-523,1,-27303
63,-116,-93,-26670,-111,-540,1,-27212
40,-135,-97,-26463,-84,-531,1,-26067
27,-113,-81,-26188,-80,-515,1,-25663
26,-94,-91,-25944,-78,-468,1,-25816
15,-65,-81,-25682,-72,-402,0,-26011
23,-10,-48,-25263,-156,-291,0,-25381
20,26,-19,-24675,-167,-98,0,24763
3,72,6,-23956,-50,111,0,23938
-7,108,31,-23325,-28,44,0,-23389
-10,131,50,-22802,-17,25,0,-22947
-14,157,65,-22311,-6,19,0,-22500
-25,162,74,-21881,14,8,1,21901
-38,181,84,-21459,19,-21,1,-21267
-33,179,93,-21183,8,-45,1,-21080
-35,182,95,-21093,14,-62,1,-21152
-49,199,100,-21115,21,-81,1,-21168
-45,201,88,-21443,17,-101,1,-21258
-49,194,66,-22111,24,-124,1,-22159
-39,179,53,-23009,9,-113,1,-22843
-29,140,34,-23999,3,-104,1,-23916
-15,101,29,-25022,-3,-105,0,24995
-11,51,14,-26098,13,-111,0,-26024
0,29,8,-27096,-48,-96,0,-27057
19,-6,-17,-27960,-229,-447,0,-27754
21,-37,-35,-28615,-133,-560,0,-28029
36,-68,-52,-29086,-139,-562,1,-29554
43,-86,-68,-29287,-125,-533,1,-28721
42,-112,-96,-29256,-93,-541,1,-28703
31,-116,-112,-29055,-74,-498,1,-28871
25,-94,-109,-28803,-73,-454,1,-28965
21,-70,-90,-28533,-82,-428,0,-28294
23,-19,-61,-28140,-124,-313,0,-27796
24,36,-30,-27511,-141,-74,0,27536
-18,80,0,-26594,25,59,0,26496
-30,135,32,-25614,12,63,1,25735
-20,152,54,-24865,-21,27,0,-24977
-17,163,69,-24194,-2,16,0,-24165
-45,196,82,-23383,21,-14,1,-23544
-55,246,115,-22517,9,-22,1,-22361
-33,229,121,-22152,11,-54,1,-22023
-46,198,99,-22265,34,-105,1,-22074
-56,182,87,-22555,39,-145,1,-22649
-60,181,75,-22982,37,-144,1,-22954
-55,177,53,-23698,39,-126,1,-23675
-48,152,36,-24665,34,-119,1,-24733
-34,110,25,-25809,31,-117,1,-25839
-25,53,28,-27005,40,-175,1,-27081
7,27,25,-28050,-88,-186,0,-28025
15,2,13,-28993,-226,-367,0,-28878
10,-23,-3,-29764,-132,-648,0,-30300
30,-39,-21,-30418,-178,-549,1,-29804
48,-50,-41,-30930,-185,-512,1,-31165
63,-73,-70,-31269,-164,-502,1,-31556
71,-85,-97,-31368,-141,-494,1,-31639
65,-95,-114,-31253,-119,-476,1,-31701
55,-92,-111,-30984,-103,-447,1,-30943
41,-76,-95,-30610,-107,-440,1,-30324
33,-46,-76,-30113,-120,-368,1,-29949
24,-6,-49,-29486,-150,-274,0,-29319
27,52,-23,-28662,-134,-26,1,28499
-8,102,12,-27688,7,77,0,27650
-58,115,49,-26765,89,-22,1,-26809
-56,140,86,-25732,33,-9,1,-25669
-63,139,92,-24781,59,-43,1,-24632
-53,161,75,-23799,41,-31,1,-23581
-58,193,71,-22642,41,9,1,22765
-56,207,67,-21738,36,18,1,21607
-56,194,84,-21274,30,-34,1,-21381
-51,173,80,-21201,37,-77,1,-21110
-73,176,77,-21375,56,-135,1,-21367
-73,186,61,-21855,49,-141,1,-21808
-81,207,56,-22766,44,-134,1,-22753
-59,210,49,-23936,24,-89,1,-24038
-51,183,37,-25186,18,-108,1,-25276
-19,114,20,-26412,0,-88,0,-26379
-11,62,16,-27612,4,-80,0,-27575
5,25,4,-28858,-92,-69,0,-28861
29,-3,-13,-29944,-307,-415,1,-29772
46,-35,-40,-30810,-211,-496,1,-31053
57,-61,-59,-31339,-188,-497,1,-31518
69,-78,-72,-31528,-173,-481,1,-31272
65,-90,-74,-31477,-153,-488,1,-31706
56,-93,-61,-31263,-135,-495,1,-31534
49,-85,-46,-30929,-133,-497,1,-31216
38,-76,-39,-30504,-122,-510,1,-30444
35,-40,-29,-29906,-161,-425,1,-30147
9,-5,-13,-29067,-159,-319,0,-28714
-2,54,8,-28013,-15,75,0,-27925
-34,98,34,-26867,35,5,0,26807
-40,134,51,-25795,35,8,1,25720
-48,135,49,-24760,51,3,1,24605
-73,179,64,-23700,59,-27,1,-23563
-74,195,95,-22849,30,-15,1,-22919
-61,208,118,-22344,15,-43,1,-22524
-45,190,119,-22251,15,-98,1,-22115
-54,176,108,-22403,26,-130,1,-22516
-48,180,104,-22656,13,-147,1,-22545
-51,196,90,-23071,17,-144,1,-23088
-47,197,56,-23677,18,-90,1,-23784
-42,158,28,-24531,27,-80,1,-24367
-30,101,20,-25550,28,-87,0,-25578
-22,53,29,-26619,32,-170,0,-26445
1,24,16,-27625,-65,-168,0,-27397
26,4,-7,-28513,-336,-377,1,28492
38,-19,-54,-29213,-173,-433,1,-29443
50,-48,-91,-29770,-144,-483,1,-30049
67,-63,-108,-30131,-149,-459,1,-29946
76,-76,-115,-30228,-144,-444,1,-30546
64,-87,-102,-30056,-120,-448,1,-29920
57,-76,-83,-29730,-128,-430,1,-30161
46,-58,-69,-29299,-133,-397,1,-29483
31,-17,-51,-28688,-149,-335,1,-29164
23,44,-29,-27883,-128,-49,0,27776
3,99,1,-26951,-41,79,0,26946
4,155,14,-25971,-26,88,0,26016
-28,184,24,-24962,10,65,1,24946
-37,217,39,-23855,3,30,1,24042
-24,234,61,-23030,-20,72,0,-22893
6,230,78,-22506,-30,11,0,22355
-6,215,78,-22277,0,-18,0,-22412
-21,212,66,-22456,14,-52,0,-22283
-32,193,57,-22799,13,-83,1,-22966
-47,193,53,-23244,30,-108,1,-23144
-56,203,55,-23955,28,-117,1,-23859
-34,194,42,-25007,8,-119,1,-24859
-19,163,22,-26219,0,-74,0,-26247
-4,100,7,-27445,-11,-51,0,27502
9,44,1,-28670,-69,-81,0,-28624
3,2,5,-29892,-153,-292,0,-30079
26,-15,-3,-30964,-289,-512,1,-30778
47,-32,-28,-31781,-232,-488,1,-32013
51,-62,-59,-32345,-159,-525,1,-31998
57,-76,-80,-32601,-145,-506,1,-32272
61,-92,-98,-32663,-126,-491,1,-32262
60,-95,-101,-32567,-119,-469,1,-32402
49,-91,-87,-32334,-118,-466,1,-32728
41,-64,-67,-31973,-131,-433,1,-32130
37,-24,-42,-31440,-188,-340,1,-31552
23,9,-23,-30707,-205,-160,0,30635
12,75,0,-29760,-58,73,0,29706
-17,115,13,-28676,1,44,0,28738
-20,157,34,-27543,-13,54,0,-27395
-13,172,38,-26653,-25,57,0,-26810
-19,188,42,-25908,-9,31,0,-26019
-24,212,61,-25259,-10,17,0,-25167
-11,212,73,-24857,-12,43,0,-25006
-20,209,87,-24737,-1,-30,0,24618
-15,202,88,-24872,-11,-72,0,25076
-22,196,77,-25163,-2,-97,0,25269
-28,202,60,-25636,0,-105,1,-25766
-32,208,56,-26306,2,-101,1,-26196
-20,195,34,-27152,-8,-78,0,27317
-15,146,17,-28177,-1,-67,0,28381
-14,79,8,-29220,6,-81,0,-29246
-3,38,9,-30234,-23,-92,0,30331
24,-1,-16,-31158,-263,-402,0,-31032
26,-35,-29,-31862,-151,-558,1,-32490
28,-58,-40,-32387,-122,-572,1,-31938
32,-80,-48,-32739,-118,-558,1,-32250
47,-94,-62,-32873,-132,-544,1,-33465
49,-104,-79,-32748,-107,-516,1,-32154
33,-97,-73,-32470,-83,-497,1,-32638
28,-75,-57,-32145,-100,-469,1,-31819
27,-50,-41,-31780,-131,-454,1,-32102
24,-5,-19,-31268,-229,-290,0,-31723
6,42,7,-30524,-52,84,0,30581
-48,77,28,-29736,103,-56,1,-29707
-52,92,39,-29021,77,-30,0,-28999
-48,115,54,-28305,53,-17,1,-28381
-40,167,66,-27504,16,11,1,27573
-42,204,90,-26769,7,6,1,26669
-27,207,118,-26389,-4,-22,1,26530
-33,195,119,-26188,17,-61,1,-26354
-39,184,111,-26117,14,-106,1,-26258
-41,183,99,-26204,16,-127,1,-26315
-46,182,82,-26479,22,-118,1,-26568
-56,185,69,-27009,32,-112,1,-26888
-39,161,39,-27769,22,-108,1,-27815
-38,114,32,-28740,44,-127,1,-28774
-24,83,32,-29838,28,-137,0,-29824
-1,52,13,-30901,-22,-91,0,30912
13,21,-10,-31877,-130,-188,0,31917
22,-15,-46,-32739,-124,-434,0,-32288
41,-51,-82,-33478,-125,-482,1,-33554
59,-71,-103,-34027,-141,-483,1,-34205
73,-85,-117,-34308,-141,-456,1,-34595
72,-81,-113,-34289,-137,-432,1,-33981
57,-72,-94,-34008,-131,-421,1,-34258
44,-44,-66,-33527,-157,-363,1,-33606
41,-1,-44,-32870,-213,-254,1,-32846
28,50,-28,-32001,-135,-40,1,32151
17,119,-13,-30851,-72,69,0,-30953
1,165,5,-29627,-29,103,0,29538
-12,180,14,-28478,-5,111,0,-28646
-27,204,20,-27511,15,73,1,27633
-32,231,25,-26725,7,70,1,26823
-27,227,39,-26200,-6,32,1,-26288
-21,220,54,-25959,-13,-5,0,26002
-8,207,63,-25989,-27,-34,0,25930
-13,211,73,-26206,-19,-59,0,26337
-16,217,67,-26657,-11,-97,0,26845
-33,226,49,-27372,2,-91,1,-27204
-23,203,16,-28312,-6,-40,0,28282
-25,159,3,-29417,6,-45,1,-29254
-19,92,6,-30582,9,-58,0,-30480
3,39,4,-31671,-60,-43,0,-31622
8,9,5,-32626,-198,-226,0,-32596
20,-2,-1,-33402,-371,-394,0,-33430
34,-21,-34,-34028,-197,-488,1,-34269
41,-61,-74,-34464,-120,-532,1,-33957
43,-80,-100,-34696,-103,-509,1,-34330
49,-88,-114,-34748,-102,-483,1,-34345
48,-96,-121,-34677,-92,-459,1,-34546
42,-81,-103,-34472,-95,-411,1,-34685
34,-58,-77,-34127,-107,-391,1,-34039
20,-15,-42,-33654,-133,-320,0,-33536
23,18,-17,-33113,-202,-116,0,33269
7,63,-2,-32389,-52,81,0,-32478
-13,102,9,-31367,-1,75,0,-31405
-19,159,20,-30145,-23,71,0,-29963
-18,179,43,-29031,-38,76,0,-29061
-7,210,48,-28326,-29,58,0,-28262
-9,228,63,-27909,-19,48,0,-28152
-2,234,75,-27743,-20,40,0,-27848
-5,233,89,-27743,-15,-19,0,27892
-10,217,80,-27844,-12,-60,0,27761
-22,213,69,-28059,-1,-86,0,27976
-29,214,48,-28430,6,-91,1,-28585
-41,213,26,-28962,22,-84,1,-29057
-29,198,22,-29780,3,-75,1,-29910
-22,159,13,-30787,-2,-46,0,30955
-9,100,1,-31863,-17,-30,0,31764
4,55,-11,-32843,-71,-83,0,32869
18,27,-21,-33645,-167,-237,0,33593
23,-11,-44,-34223,-156,-419,0,-33956
32,-35,-64,-34609,-140,-497,1,-34422
37,-81,-109,-34949,-80,-527,1,-35552
32,-101,-129,-35190,-75,-492,1,-34836
38,-94,-111,-35170,-90,-462,1,-35044
28,-81,-85,-35035,-79,-459,1,-35142
29,-71,-65,-34922,-95,-458,1,-35303
32,-60,-57,-34798,-109,-431,1,-34320
32,-37,-40,-34539,-143,-392,1,-34756
23,9,-15,-34076,-225,-174,0,34116
15,58,-9,-33432,-50,41,0,-33457
-9,115,3,-32432,23,91,0,32409
-37,153,13,-31241,38,53,1,31400
-30,192,25,-30018,7,64,1,30145
-46,209,39,-28967,22,47,1,29127
-50,211,58,-28325,29,25,1,28283
-43,201,66,-27997,25,-9,1,-28144
-39,175,69,-27938,32,-47,1,-28129
-46,157,71,-28016,41,-78,1,-28160
-58,158,82,-28128,41,-105,1,-28009
-68,177,85,-28352,41,-132,1,-28338
-70,189,70,-28852,44,-119,1,-28757
-68,186,57,-29656,47,-135,1,-29630
-52,166,45,-30699,30,-123,1,-30518
-39,129,41,-31864,30,-127,1,-31899
-34,87,34,-33087,39,-148,1,-33246
-27,51,33,-34283,33,-194,1,-34050
9,25,25,-35354,-141,-243,0,-35437
41,3,6,-36138,-365,-374,1,-36128
51,-2,-23,-36643,-274,-378,1,-36718
52,-42,-94,-37010,-88,-479,1,-37212
47,-70,-103,-37191,-92,-486,1,-37112
66,-69,-99,-37191,-143,-458,1,-36967
66,-86,-101,-37064,-140,-459,1,-37367
55,-82,-83,-36742,-137,-444,1,-36482
36,-72,-62,-36246,-127,-458,1,-35968
34,-43,-47,-35619,-156,-409,1,-35333
20,-13,-34,-34787,-155,-346,0,-34331
6,45,-18,-33645,-78,17,0,-33545
-8,123,12,-32419,-32,83,0,-32413
-29,169,34,-31193,-3,51,1,-31102
-47,175,47,-29951,33,52,1,29766
-80,186,67,-28763,49,-6,1,-28892
-81,200,104,-27827,31,-46,1,-27764
-61,202,120,-27278,23,-64,1,-27177
-67,188,119,-27090,37,-99,1,-26909
-55,165,113,-27183,30,-131,1,-27220
-65,157,108,-27423,43,-154,1,-27423
-70,167,106,-27835,46,-196,1,-27869
-86,202,109,-28515,38,-170,1,-28445
-54,215,71,-29460,21,-99,1,-29635
-44,162,27,-30700,43,-104,1,-30519
-35,95,8,-31900,53,-92,0,-31875
-30,56,8,-33126,70,-126,1,-33137
6,36,-6,-34351,-83,-65,0,34329
33,3,-48,-35522,-168,-378,1,35601
42,-4,-64,-36501,-161,-395,1,-36780
84,-19,-95,-37423,-199,-383,1,-37774
111,-20,-107,-38091,-218,-377,1,-38271
114,-31,-104,-38330,-211,-383,1,-37918
106,-45,-100,-38275,-205,-391,1,-38127
104,-40,-96,-38016,-205,-368,1,-38352
89,-38,-95,-37471,-189,-352,1,-37789
62,-24,-76,-36577,-181,-310,1,-36609
35,18,-45,-35384,-183,-175,1,35377
33,71,-20,-34183,-135,-3,1,34164
5,117,1,-32957,-29,99,0,32944
-28,140,16,-31732,37,58,1,31592
-57,170,25,-30506,59,30,1,30596
-75,211,29,-29255,66,27,1,29336
-93,228,37,-28029,51,16,1,28097
-71,238,60,-26911,11,25,1,27035
-37,237,84,-26211,-14,6,1,-26360
-20,211,83,-26081,4,-45,0,-25946
-41,198,71,-26402,29,-75,1,-26589
-55,211,73,-26830,19,-111,1,-26656
-57,239,66,-27344,4,-113,1,-27182
-51,233,31,-28053,10,-90,1,-27905
-48,203,2,-29012,14,-86,1,-29166
-34,163,3,-30190,0,-79,1,-29986
-7,116,-9,-31416,-28,-56,0,-31460
5,69,-15,-32640,-57,-85,0,32607
19,46,-21,-33815,-120,-186,0,34035
39,31,-46,-34795,-170,-283,1,34383
60,-1,-95,-35640,-158,-371,1,-35514
90,-13,-147,-36275,-152,-409,1,-35963
104,-23,-175,-36538,-141,-379,1,-36765
95,-25,-151,-36517,-156,-349,1,-36786
90,-29,-117,-36372,-176,-338,1,-36829
77,-30,-88,-35983,-184,-320,1,-36099
59,-23,-71,-35256,-179,-334,1,-34849
32,7,-48,-34192,-153,-220,1,34247
16,34,-28,-32993,-113,-64,0,32900
6,66,-11,-31767,-57,68,0,-31783
-1,101,6,-30542,-39,96,0,-30571
-46,141,16,-29316,49,34,1,29219
-60,176,30,-28217,20,51,1,28297
-57,220,62,-27119,15,27,1,26915
-54,263,94,-25947,-1,21,1,-25633
-42,260,115,-25226,16,-4,1,-25544
-52,239,112,-25082,20,-70,1,-24840
-27,214,101,-25333,-9,-102,1,25139
-39,204,92,-25666,3,-106,1,-25759
-49,206,75,-26157,11,-103,1,-26360
-45,187,43,-26885,19,-82,1,-27130
-3,72,3,-29842,-26,-23,0,29909
12,27,-16,-30876,-118,-158,0,30825
13,0,-25,-31794,-153,-388,0,32061
34,-19,-39,-32590,-200,-471,1,-32330
52,-35,-63,-33243,-190,-470,1,-32922
70,-52,-92,-33674,-174,-445,1,-33462
81,-60,-113,-33766,-159,-439,1,-33493
55,-69,-94,-32962,-132,-433,1,-33248
43,-59,-71,-32474,-131,-421,1,-32684
29,-42,-51,-31859,-128,-406,1,-32158
22,-22,-34,-31132,-145,-367,0,-30790
9,10,-19,-30248,-120,-141,0,30415
-13,39,-6,-29203,56,27,0,-29214
-39,92,14,-27993,57,12,0,27931
-43,131,47,-26858,14,7,1,26725
-37,148,58,-25834,9,34,1,25675
-40,180,65,-24764,12,-5,1,-24675
-46,196,71,-23689,20,-6,1,-23605
-26,201,67,-22800,0,7,1,22936
-38,193,75,-22266,21,-27,1,-22107
-54,192,80,-22080,30,-58,1,-22207
-56,192,93,-22070,23,-81,1,-22236
-59,213,100,-22310,17,-101,1,-22489
-53,225,80,-22868,15,-101,1,-22975
-44,217,49,-23753,18,-77,1,-23639
-61,185,31,-24898,46,-114,1,-24968
-49,154,37,-26124,15,-120,1,-26368
-13,110,31,-27348,-25,-101,0,27344
1,65,18,-28511,-48,-95,0,-28544
17,34,-3,-29586,-148,-143,0,29631
25,9,-18,-30499,-234,-322,1,30344
39,-20,-53,-31311,-178,-460,1,-31544
52,-35,-79,-31880,-164,-439,1,-32202
61,-47,-109,-32134,-144,-446,1,-31948
57,-66,-132,-32136,-113,-440,1,-31929
57,-77,-134,-31998,-109,-426,1,-32204
53,-77,-117,-31721,-105,-407,1,-31257
41,-57,-89,-31321,-110,-374,1,-31499
34,-30,-60,-30788,-139,-342,1,-31132
26,12,-32,-30128,-180,-180,1,30117
23,57,-15,-29345,-112,7,0,-29419
5,116,5,-28339,-25,96,0,28348
-14,157,17,-27186,-2,78,0,-27390
-27,180,30,-25995,4,60,1,25857
-25,201,40,-24958,-9,58,1,-25014
-33,221,59,-23974,-1,43,1,-23884
-29,218,78,-23400,0,6,1,23530
-22,205,77,-23483,7,-40,0,-23310
-29,188,73,-23826,8,-72,1,-23989
-36,185,78,-24250,3,-121,1,-24086
-38,184,74,-24770,8,-130,1,-24733
-45,182,62,-25562,22,-124,1,-25364
-46,166,52,-26579,27,-123,1,-26384
-43,112,53,-27725,39,-158,1,-27803
-33,77,57,-28857,30,-194,1,-28721
-14,41,41,-29897,13,-195,0,-29705
2,21,18,-30878,-62,-222,0,-30843
12,-9,-11,-31727,-199,-485,0,-31425
28,-33,-34,-32550,-169,-536,1,-32133
47,-43,-42,-33196,-196,-509,1,-32956
54,-53,-61,-33543,-175,-490,1,-33405
52,-64,-81,-33621,-147,-478,1,-33348
59,-83,-97,-33555,-135,-472,1,-33354
54,-95,-104,-33390,-115,-474,1,-33739
44,-96,-95,-33129,-100,-467,1,-33016
34,-75,-74,-32805,-106,-446,1,-33235
29,-50,-53,-32438,-128,-412,1,-32587
35,-12,-28,-32037,-240,-311,1,-31950
29,15,-14,-31518,-241,-146,1,31584
8,63,6,-30786,-41,72,0,30738
-29,90,26,-29879,58,16,0,29890
-50,113,49,-28899,64,-15,1,-28895
-73,135,74,-27929,71,-38,1,-28157
-99,157,115,-27056,63,-64,1,-26913
-89,186,165,-26458,29,-69,1,-26437
-39,180,185,-26203,-5,-105,1,26142
-35,157,174,-26146,11,-152,1,-26288
-48,146,158,-26186,27,-178,1,-26308
-59,152,145,-26309,36,-196,1,-26132
-77,162,119,-26616,64,-197,1,-26602
-78,154,76,-27208,75,-173,1,-27193
-69,127,49,-28096,75,-167,1,-27996
-42,89,35,-29143,45,-159,1,-28982
-9,51,23,-30213,-9,-136,0,30373
11,19,2,-31221,-160,-154,0,-31211
19,3,-12,-32128,-272,-359,0,32015
29,-7,-37,-32907,-194,-427,1,-33246
34,-25,-61,-33527,-162,-438,1,-33768
55,-50,-86,-33970,-183,-462,1,-34203
64,-65,-102,-34091,-165,-455,1,-33839
68,-84,-125,-33896,-126,-459,1,-34233
46,-103,-132,-33515,-84,-463,1,-33728
34,-96,-115,-33069,-74,-448,1,-32983
24,-71,-96,-32569,-70,-410,0,-32488
8,-38,-73,-32009,-58,-357,0,-31795
5,2,-45,-31440,-80,-235,0,31299
6,43,-27,-30902,-100,-22,0,30966
13,83,-4,-30401,-119,71,0,-30383
29,132,20,-29997,-106,50,1,30201
12,156,39,-29661,-53,27,0,29510
2,189,56,-29272,-36,44,0,29405
8,229,92,-28782,-56,23,0,28926
28,229,115,-28420,-50,-7,1,-28606
8,221,121,-28332,-21,-67,0,-28244
7,190,117,-28557,-20,-113,0,-28450
-5,175,114,-28894,-10,-138,0,28806
-8,174,101,-29309,0,-147,0,-29217
-28,173,75,-29835,18,-109,1,-29707
-33,169,60,-30593,14,-97,1,-30553
-21,143,47,-31507,4,-88,0,-31736
-15,107,33,-32491,-4,-85,0,32507
19,60,6,-33487,-102,-81,0,-33489
32,20,-20,-34455,-195,-305,1,34624
39,-9,-50,-35329,-159,-425,1,-35628
52,-35,-65,-36079,-154,-485,1,-36295
61,-56,-81,-36618,-150,-482,1,-36389
73,-80,-94,-36829,-157,-474,1,-36546
77,-91,-101,-36716,-146,-468,1,-36442
61,-92,-97,-36374,-117,-468,1,-36792
44,-79,-84,-35857,-112,-453,1,-36234
38,-51,-70,-35179,-132,-405,1,-34864
18,-23,-52,-34326,-112,-369,0,-34624
4,12,-34,-33269,-93,-169,0,33067
10,62,-18,-32091,-97,13,0,-32017
-15,105,10,-30937,-16,45,0,-30870
-15,130,30,-30047,-20,29,0,-30145
-41,160,50,-29330,16,22,1,29230
-59,189,76,-28590,23,3,1,28529
-56,225,107,-27819,-7,-1,1,27666
-29,216,128,-27393,-2,-29,1,27482
-43,191,128,-27281,16,-78,1,-27356
-34,176,132,-27241,-3,-113,1,27148
-45,184,129,-27299,11,-141,1,-27188
-61,190,103,-27565,34,-183,1,-27615
-61,184,70,-28052,40,-140,1,-28146
-72,176,57,-28784,47,-143,1,-28676
-39,142,41,-29669,17,-119,1,-29442
-23,104,26,-30656,10,-107,0,-30650
-6,55,13,-31650,-19,-91,0,31700
50,-75,-82,-34285,-132,-514,1,-34629
46,-112,-101,-34236,-98,-526,1,-34802
43,-124,-108,-34103,-82,-516,1,-34653
25,-106,-91,-33867,-63,-503,1,-34220
14,-85,-77,-33556,-63,-478,0,-33509
17,-53,-60,-33202,-94,-418,0,-32850
17,-14,-34,-32742,-147,-353,0,-32297
17,22,-18,-32139,-177,-83,0,32124
23,71,-8,-31382,-108,10,0,-31394
10,118,2,-30402,-48,65,0,30419
-28,153,21,-29315,18,59,1,29247
-39,183,44,-28190,1,63,1,28317
-47,206,68,-27444,17,0,1,27525
-47,220,89,-26948,21,11,1,27125
-60,211,102,-26628,40,-42,1,-26768
-57,167,112,-26965,28,-137,1,-26925
-60,182,112,-27408,27,-157,1,-27511
-69,191,97,-28088,40,-160,1,-28058
-69,185,72,-28990,43,-146,1,-28978
-55,163,52,-30064,25,-108,1,-30144
-33,108,36,-31146,21,-105,0,-31167
-28,63,27,-32148,32,-159,1,-32018
-3,29,5,-33047,-28,-104,0,33138
2,2,-18,-33787,-75,-359,0,33477
14,-17,-40,-34389,-115,-481,0,-34814
29,-37,-70,-34884,-127,-490,1,-35244
43,-48,-98,-35145,-125,-459,1,-34969
41,-51,-121,-35171,-100,-431,1,-35024
33,-66,-134,-35108,-83,-425,1,-34880
33,-68,-117,-34976,-92,-411,1,-35148
27,-59,-99,-34751,-86,-410,1,-34355
20,-36,-74,-34417,-83,-351,0,-34561
14,-1,-45,-33967,-95,-257,0,-34257
8,45,-10,-33355,-62,46,0,-33400
-6,92,24,-32595,2,50,0,32545
-9,122,32,-31638,-2,49,0,-31734
-30,151,27,-30406,34,75,1,30270
-49,209,42,-29180,27,42,1,28930
-48,230,57,-27982,6,39,1,28063
-48,241,79,-26993,6,27,1,27135
-46,230,93,-26381,16,-18,1,-26521
-47,190,96,-26297,29,-73,1,-26143
-49,169,103,-26444,17,-109,1,-26572
-45,174,110,-26693,4,-137,1,-26664
-56,190,95,-27079,21,-127,1,-27001
-56,204,79,-27687,18,-135,1,-27654
-45,192,59,-28536,17,-93,1,-28655
-42,169,54,-29526,26,-121,1,-29571
-38,133,55,-30606,9,-140,1,-30620
-2,110,47,-31656,-57,-126,0,31648
15,63,16,-32558,-105,-112,0,-32521
20,22,-12,-33253,-190,-220,0,33161
18,-5,-36,-33779,-142,-424,0,-33520
10,-32,-59,-34164,-93,-490,0,-34028
32,-45,-90,-34388,-147,-460,1,-34653
41,-70,-125,-34331,-117,-460,1,-34743
15,-94,-147,-33998,-51,-454,0,-34297
-3,-96,-131,-33569,-20,-449,0,33326
-6,-85,-99,-33241,-9,-450,0,32800
-14,-69,-75,-32973,10,-439,0,-33138
-7,-40,-56,-32697,-7,-398,0,32295
-11,0,-35,-32353,35,-253,0,32405
-13,35,-21,-31982,32,-31,0,31978
0,94,-6,-31570,-49,95,0,-31592
-8,144,32,-31049,-13,83,0,-31139
-27,174,58,-30439,10,29,1,30332
-37,199,92,-29835,-10,4,1,-29756
-23,199,107,-29301,-18,-3,0,29407
-30,214,141,-28839,-16,-34,1,28877
-10,188,152,-28650,-21,-98,0,28595
-22,155,141,-28634,-5,-143,0,28498
-37,149,139,-28666,0,-175,1,-28527
-36,151,129,-28808,-3,-198,1,28790
-42,148,115,-29110,10,-191,1,-29133
-28,132,93,-29514,0,-178,1,-29498
-27,112,75,-29962,11,-174,1,-30094
-14,75,58,-30411,-2,-163,0,30231
-8,43,45,-30856,-13,-218,0,30801
6,11,22,-31241,-100,-263,0,-31605
2,-13,14,-31569,-78,-557,0,31027
21,-25,7,-31832,-206,-555,0,32440
45,-26,-20,-31982,-246,-503,1,-32203
45,-54,-80,-31961,-114,-484,1,-32031
39,-76,-106,-31817,-67,-500,1,-32256
34,-98,-119,-31530,-66,-494,1,-31412
32,-105,-120,-31207,-68,-477,1,-30790
23,-92,-102,-30886,-69,-466,0,-31004
17,-62,-76,-30457,-73,-419,0,-30584
12,-27,-55,-29875,-74,-352,0,-30087
-6,31,-29,-29116,1,-86,0,29163
-25,66,-5,-28332,43,0,1,-28382
-14,114,22,-27575,-17,35,0,-27631
-17,136,43,-26725,-14,59,0,-26852
-27,158,48,-25877,11,33,1,25993
-37,191,64,-24955,10,25,1,25009
-26,207,78,-24088,-7,24,1,-24211
-18,212,83,-23428,11,15,0,23315
-45,209,85,-23100,36,-29,1,-23209
-49,210,97,-23068,20,-70,1,-23243
-52,222,98,-23241,10,-103,1,-23081
-50,227,78,-23673,8,-121,1,-23704
-44,218,46,-24366,13,-98,1,-24478
-45,192,19,-25334,24,-90,1,-25161
-37,150,12,-26458,18,-91,1,-26541
-19,108,15,-27601,-11,-85,0,27645
12,79,9,-28697,-93,-100,0,-28784
24,38,-9,-29622,-164,-171,0,29576
21,6,-14,-30379,-249,-338,0,30495
27,-12,-24,-30962,-223,-440,1,-31133
43,-37,-44,-31401,-205,-512,1,-31677
53,-65,-76,-31675,-161,-528,1,-31017
47,-109,-140,-31680,-101,-510,1,-31470
30,-102,-157,-31374,-72,-459,1,-31717
20,-92,-143,-31094,-56,-436,0,-30771
19,-75,-106,-30885,-62,-422,0,-30991
16,-48,-76,-30545,-68,-411,0,-30464
-2,-24,-56,-30025,-16,-367,0,29706
-13,-2,-42,-29363,41,-260,0,-29631
-18,35,-30,-28645,48,-94,0,28580
-10,89,-3,-27869,-14,82,0,27859
-13,147,21,-27043,-15,72,0,-26989
-9,175,43,-26239,-25,55,0,-26336
-9,204,76,-25401,-10,28,0,-25512
-61,224,97,-24518,34,3,1,24410
-57,226,123,-23751,16,-28,1,-23664
-62,213,138,-23470,42,-92,1,-23486
-68,190,134,-23556,44,-144,1,-23769
-68,193,131,-23819,33,-164,1,-23947
-67,200,108,-24328,36,-138,1,-24400
-57,186,68,-25200,48,-135,1,-25117
-50,153,32,-26301,50,-94,1,-26201
-37,112,18,-27527,46,-89,1,-27574
-16,64,13,-28753,24,-105,0,-28769
8,28,3,-29943,-94,-101,0,-29915
18,6,-12,-30927,-239,-327,0,31099
26,-5,-33,-31733,-190,-391,1,-31475
40,-41,-73,-32388,-155,-472,1,-32646
58,-64,-91,-32737,-168,-462,1,-32471
56,-102,-91,-32738,-132,-497,1,-32407
42,-140,-83,-32484,-85,-534,1,-31827
10,-129,-65,-32091,-31,-545,0,-32685
4,-108,-65,-31748,-35,-527,0,-32259
4,-72,-58,-31471,-47,-468,0,-31596
15,-27,-42,-31123,-108,-396,0,-30797
11,9,-27,-30556,-131,-182,0,30582
14,59,-18,-29807,-86,23,0,-29707
4,110,-12,-28804,-30,83,0,-28847
-12,154,-6,-27590,-1,90,0,27401
-19,189,12,-26444,-10,83,0,-26545
-17,202,34,-25365,-49,68,0,-25499
-4,230,65,-24545,-45,48,0,-24411
-21,249,93,-24071,0,11,0,24255
-38,234,115,-23985,15,-56,1,-23864
-41,206,115,-24218,14,-109,1,-24174
-47,201,112,-24608,12,-138,1,-24591
-44,203,93,-25148,15,-140,1,-25090
-59,209,68,-25909,29,-126,1,-26105
-35,189,45,-26877,7,-100,1,-26666
-14,147,20,-27937,-7,-71,0,28136
-10,90,10,-29000,-1,-69,0,29016
-4,50,6,-30020,-17,-92,0,30013
13,19,-8,-30916,-156,-189,0,30975
14,-8,-23,-31652,-149,-437,0,-31391
31,-32,-36,-32270,-158,-518,1,-31926
31,-59,-62,-32680,-111,-527,1,-32221
38,-81,-75,-32870,-118,-530,1,-33343
43,-99,-89,-32978,-110,-528,1,-33442
49,-113,-113,-33015,-98,-513,1,-33446
42,-106,-113,-32905,-87,-472,1,-33082
33,-67,-95,-32655,-91,-410,1,-32372
29,-36,-76,-32256,-113,-343,1,-31920
34,16,-52,-31613,-168,-188,1,31586
27,77,-28,-30676,-101,-22,1,30700
5,124,-16,-29476,-20,80,0,-29461
-14,166,-3,-28275,1,66,0,-28315
-35,208,-5,-27025,19,47,1,-26970
-77,241,8,-25799,42,15,1,25685
-68,259,56,-24699,0,35,1,24866
-61,293,123,-24003,5,-1,1,-23719
-53,260,127,-23914,24,-83,1,-23664
-57,227,101,-24372,32,-120,1,-24538
-73,228,91,-24969,25,-165,1,-25026
-73,229,68,-25709,22,-127,1,-25839
-55,205,25,-26636,19,-99,1,-26780
-27,152,-1,-27810,6,-73,1,27758
-22,99,-2,-29035,11,-83,0,28998
12,51,-8,-30186,-86,-96,0,30169
23,22,-17,-31181,-178,-244,0,31133
23,-10,-31,-32015,-174,-455,0,-31848
34,-35,-45,-32637,-166,-499,1,-32261
39,-54,-53,-33099,-152,-519,1,-33791
42,-81,-74,-33316,-122,-522,1,-32868
35,-103,-82,-33324,-92,-531,1,-32886
34,-109,-102,-33260,-81,-509,1,-32880
35,-96,-104,-33190,-88,-478,1,-32824
43,-76,-92,-33081,-120,-423,1,-32978
42,-44,-68,-32767,-142,-374,1,-32328
20,-6,-39,-32201,-141,-280,0,-31847
17,28,-22,-31520,-143,-69,0,31695
4,56,-11,-30674,-51,60,0,-30700
-6,104,5,-29615,-11,91,0,-29590
-27,172,17,-28396,5,68,1,28174
-38,208,33,-27149,14,56,1,27373
-44,231,40,-26048,7,53,1,25962
-42,250,83,-25088,-16,28,1,-24944
-23,253,117,-24519,-7,-13,0,24400
-48,214,111,-24471,36,-80,1,-24425
-49,183,98,-24697,22,-109,1,-24805
-49,188,98,-25002,14,-126,1,-24888
-51,220,93,-25485,13,-135,1,-25528
-49,220,61,-26251,23,-110,1,-26147
-40,189,32,-27268,19,-93,1,-27254
-35,149,27,-28428,18,-99,1,-28629
-4,87,14,-29614,-28,-72,0,29609
4,47,14,-30672,-56,-103,0,-30650
13,21,1,-31594,-168,-188,0,-31599
34,10,-19,-32323,-263,-310,1,32328
38,-28,-63,-32891,-140,-476,1,-33067
37,-70,-89,-33202,-108,-498,1,-32785
48,-81,-106,-33222,-119,-494,1,-32853
34,-90,-133,-33060,-74,-474,1,-32848
26,-101,-134,-32902,-65,-453,1,-33274
22,-78,-102,-32679,-71,-404,0,-32336
19,-53,-72,-32350,-89,-391,0,-32738
28,-14,-44,-31897,-168,-310,1,-32052
28,30,-21,-31245,-181,-110,1,31424
14,82,-10,-30356,-73,38,0,-30379
7,137,2,-29295,-47,98,0,29356
-3,176,11,-28111,-32,95,0,-27958
-18,216,29,-26860,-12,99,0,-26710
-36,217,47,-25809,4,49,1,25651
-43,229,71,-25220,12,12,1,25096
-38,200,74,-25189,27,-38,1,-25343
-51,179,73,-25528,45,-80,1,-25375
-57,174,85,-25982,35,-111,1,-26097
-69,197,107,-26488,26,-142,1,-26378
-56,206,92,-27172,17,-143,1,-27163
-67,200,67,-28120,40,-135,1,-28084
-32,155,36,-29310,10,-103,1,-29363
-24,96,24,-30535,29,-111,0,-30553
-16,52,17,-31733,32,-128,0,-31620
-2,19,1,-32843,-5,-71,0,32793
14,-17,-24,-33810,-144,-517,0,-34450
21,-34,-36,-34644,-132,-533,0,-34258
35,-54,-58,-35269,-138,-517,1,-35686
39,-62,-66,-35684,-138,-503,1,-35397
54,-79,-80,-35913,-144,-496,1,-36125
53,-84,-84,-35896,-125,-484,1,-36255
47,-92,-86,-35698,-109,-484,1,-35549
42,-88,-85,-35363,-105,-458,1,-35754
28,-55,-65,-34889,-110,-385,1,-35277
26,-20,-39,-34331,-166,-365,1,-34816
29,18,-25,-33657,-213,-145,1,33576
15,64,-12,-32765,-77,43,0,-32734
5,123,0,-31643,-36,76,0,31625
-30,155,12,-30427,22,39,1,30306
-46,191,22,-29208,27,26,1,29329
-53,212,39,-28076,4,66,1,27945
-43,239,74,-27119,-1,7,1,-26982
-40,243,97,-26483,1,-19,1,-26584
-39,215,101,-26404,15,-61,1,-26504
-51,206,94,-26661,19,-88,1,-26818
-37,210,83,-26957,-3,-83,1,27066
-35,206,69,-27370,0,-91,1,-27162
-31,190,54,-28007,2,-82,1,-28065
-18,180,41,-28827,-12,-65,0,28767
-16,137,23,-29752,4,-56,0,-29848
-36,112,29,-30762,29,-99,1,-30748
-2,71,9,-31737,-31,-39,0,31629
13,38,-10,-32677,-101,-103,0,32646
15,-13,-64,-33536,-71,-463,0,-33610
12,-32,-68,-34185,-76,-480,0,-33871
43,-62,-93,-34735,-129,-487,1,-34434
50,-77,-106,-34981,-121,-475,1,-35091
58,-90,-115,-34988,-114,-458,1,-35074
51,-83,-105,-34811,-109,-443,1,-34343
43,-64,-87,-34429,-117,-399,1,-34760
33,-27,-67,-33824,-124,-327,1,-34137
11,34,-43,-32999,-80,-125,0,32980
6,85,-23,-32025,-61,46,0,-32078
7,156,-11,-31000,-49,91,0,-31216
-6,191,-1,-29985,-15,103,0,30193
-48,248,19,-28988,19,64,1,29103
-57,257,70,-28224,-8,33,1,-28518
-36,247,125,-27589,-34,0,1,-27472
-19,224,133,-27277,-5,-57,0,27333
-34,199,119,-27392,23,-102,1,-27168
-31,186,113,-27729,8,-131,1,-27661
-48,196,97,-28129,27,-144,1,-28158
-54,196,77,-28721,29,-135,1,-28693
