-7,100,17,-294,-2,0,0,-342
-6,100,11,-384,-3,11,0,-287
-5,101,6,-461,0,23,0,446
-8,101,5,-505,-4,24,0,-391
-14,101,8,-530,10,10,0,627
-14,107,12,-573,12,4,0,604
-34,124,20,-593,32,-21,1,-559
-28,145,37,-588,-17,-13,1,763
-15,150,44,-702,-28,-25,0,520
-11,136,32,-949,-20,-27,0,797
-17,123,32,-1214,-11,-33,0,1246
-33,134,55,-1354,9,-69,1,-1431
-33,150,69,-1491,8,-100,1,-1354
-38,161,66,-1708,17,-123,1,-1542
-30,163,55,-2094,26,-87,1,-2284
-29,146,34,-2654,32,-71,1,-2709
-26,109,26,-3269,40,-78,0,-3278
-25,72,22,-3912,61,-104,1,-3929
-12,34,4,-4541,60,-107,0,-4550
16,0,-49,-5051,-82,-387,0,4683
8,-68,-109,-5235,-32,-492,0,-5540
13,-78,-106,-5194,-41,-457,0,-5507
4,-81,-71,-5150,-35,-472,0,-5625
4,-67,-28,-5052,-46,-519,0,-4560
-6,-47,-6,-4853,16,-554,0,-4322
-22,13,10,-4518,195,-127,0,-4361
-33,65,30,-4061,71,-18,1,-4087
-30,102,29,-3511,29,29,0,3538
-11,148,34,-2938,-19,65,0,-2965
-18,170,33,-2390,-5,69,0,-2445
-12,177,27,-1963,-38,108,0,-1857
-8,187,28,-1619,-29,84,0,-1721
-6,192,40,-1306,-37,72,0,-1435
19,201,68,-1095,-65,29,0,1159
29,197,92,-977,-42,-45,1,-851
4,178,74,-1035,-18,-72,0,-1187
3,176,43,-1282,-19,-79,0,-1480
-10,185,31,-1601,-8,-85,0,1726
-5,204,45,-1955,-6,-74,0,1801
-12,203,47,-2365,2,-78,0,-2463
-15,168,51,-2787,1,-94,0,-2602
-22,132,65,-3171,16,-134,0,-3110
-35,92,52,-3522,58,-140,0,-3385
-37,58,27,-3844,92,-177,1,-4074
-10,7,-20,-4195,89,-308,0,4375
6,-53,-71,-4639,-30,-519,0,-4212
39,-73,-88,-5033,-102,-487,1,-4625
48,-84,-83,-5254,-104,-478,1,-5390
43,-76,-58,-5246,-117,-464,1,-5533
30,-60,-32,-5008,-102,-490,1,-4667
4,-26,-21,-4509,-38,-439,0,-4101
-20,34,-7,-3894,108,-7,0,3946
-29,109,14,-3264,38,53,0,3281
-35,160,21,-2523,11,62,1,2427
-31,194,26,-1843,-6,71,1,-1974
-22,195,31,-1425,-22,75,0,-1286
-12,190,36,-1214,-23,74,0,-1139
-7,185,43,-1070,-14,35,0,-1174
-1,173,49,-1002,-15,13,0,-885
0,170,57,-1097,-14,-9,0,-1245
22,174,74,-1291,-42,-30,0,-1487
23,179,83,-1462,-35,-62,0,-1376
32,191,84,-1591,-42,-92,1,-1677
21,206,53,-1692,-24,-86,0,-1590
-5,231,22,-1773,-3,-46,0,1588
-20,238,13,-1829,1,-46,0,-2043
-19,206,19,-2073,17,-54,0,-2290
-36,144,17,-2584,42,-86,1,-2762
-34,68,16,-3076,76,-138,1,-3249
-19,15,15,-3488,152,-233,0,-3584
-8,-15,3,-3895,91,-618,0,3340
8,-46,-17,-4293,-61,-651,0,-4678
10,-75,-53,-4622,-43,-556,0,-4219
22,-76,-63,-4859,-68,-505,0,-4897
30,-74,-50,-4960,-92,-489,1,-4746
23,-59,-27,-4882,-92,-494,0,-4755
13,-29,-5,-4651,-112,-494,0,-5056
-3,7,18,-4342,25,-152,0,-4207
-10,60,35,-3992,19,21,0,3973
-24,112,45,-3568,41,21,0,3483
-36,156,44,-3026,37,39,1,2883
-38,170,39,-2527,28,20,1,2429
-26,184,36,-2116,4,38,1,2279
-21,187,44,-1803,-16,61,0,-1978
-7,187,61,-1689,-22,42,0,-1574
1,184,83,-1759,-23,-3,0,-1571
6,182,99,-1924,-25,-54,0,-1920
6,178,99,-2128,-23,-88,0,-2268
-2,187,89,-2339,-14,-102,0,2475
-12,208,78,-2585,-4,-107,0,2790
-26,228,63,-2873,11,-69,1,-2999
-30,228,49,-3216,14,-60,1,-3186
-27,179,34,-3649,20,-78,1,-3730
-28,117,32,-4119,48,-84,1,-4153
-24,62,23,-4643,75,-116,0,-4647
-16,17,4,-5187,161,-202,0,-5171
0,-17,-20,-5714,-11,-538,0,-5188
16,-40,-52,-6169,-74,-510,0,-6571
23,-62,-77,-6497,-81,-491,0,-6335
25,-69,-65,-6589,-88,-475,1,-6192
20,-65,-35,-6504,-91,-495,0,-6312
19,-48,-1,-6271,-118,-510,0,-6601
17,-22,7,-5810,-155,-467,0,6136
-34,28,21,-5033,151,-100,1,-4984
-17,81,41,-4334,-8,5,0,-4230
-21,116,45,-3826,6,26,0,3746
-25,151,32,-3341,-4,59,1,-3481
-9,180,34,-2882,-40,75,0,-2994
4,196,40,-2534,-45,73,0,2410
0,194,47,-2365,-39,64,0,2485
23,187,62,-2342,-61,26,0,2451
23,174,74,-2441,-38,-8,0,-2396
16,167,83,-2625,-34,-38,0,-2723
14,169,84,-2812,-31,-77,0,-2649
8,184,78,-2984,-21,-81,0,-2848
13,225,87,-3232,-26,-109,0,-3156
5,261,56,-3638,-15,-73,0,-3914
-13,239,22,-3985,-15,-49,0,3929
-11,167,34,-4182,-3,-73,0,4242
-25,92,42,-4441,49,-137,0,-4494
-27,37,26,-4685,114,-184,1,-4784
-20,8,9,-4915,219,-301,0,-4822
-5,-17,-16,-5190,48,-557,0,-5697
4,-47,-42,-5490,-21,-550,0,-5954
15,-65,-61,-5723,-50,-523,0,-5137
15,-83,-65,-5853,-54,-517,0,-5363
22,-80,-50,-5885,-76,-517,0,-5338
28,-64,-31,-5778,-122,-485,1,-5939
16,-45,-23,-5438,-99,-471,0,-5282
-6,13,-10,-4868,59,-71,0,4989
-14,93,22,-4316,0,56,0,4263
-25,136,54,-3884,3,25,1,3988
-24,161,51,-3553,-2,41,0,-3408
-22,165,36,-3290,-17,61,0,-3171
1,184,40,-3104,-37,71,0,3311
1,199,53,-2888,-33,59,0,2989
19,200,82,-2651,-53,28,0,2809
20,190,100,-2438,-53,-36,0,-2399
26,181,93,-2395,-46,-77,1,-2507
21,179,75,-2534,-41,-94,0,-2432
12,192,66,-2791,-25,-101,0,-2583
4,209,63,-3103,-14,-91,0,-3234
3,215,64,-3481,-11,-90,0,-3422
-4,188,61,-3887,-4,-96,0,4082
-16,144,61,-4261,16,-98,0,-4214
-42,109,60,-4638,60,-139,0,-4818
-25,70,27,-4994,28,-155,1,-4930
-7,21,-24,-5323,25,-222,0,5128
4,-27,-77,-5668,-32,-441,0,-6101
24,-59,-105,-6039,-66,-454,0,-5723
42,-66,-103,-6276,-93,-434,1,-6497
34,-70,-84,-6259,-76,-429,1,-6563
26,-60,-58,-6052,-73,-448,1,-5712
18,-35,-30,-5672,-89,-446,0,-6126
1,17,1,-5082,-27,90,0,5002
-27,70,27,-4392,66,3,1,4386
-41,124,35,-3463,26,25,1,3569
-32,164,43,-2569,-46,47,1,-2714
5,182,51,-1999,-67,29,0,1811
30,186,58,-1890,-102,42,1,1971
38,184,62,-2233,-93,57,1,2174
43,179,71,-2656,-79,9,1,2756
50,177,84,-2948,-79,-20,1,-2827
51,181,99,-3128,-64,-55,1,-3289
35,188,103,-3286,-42,-85,1,-3156
19,196,88,-3437,-32,-104,0,-3482
3,204,67,-3496,-21,-97,0,-3422
1,212,55,-3527,-17,-103,0,-3409
-1,199,38,-3669,3,-67,0,-3831
-15,154,23,-3997,27,-64,0,-3898
-11,102,27,-4515,31,-88,0,-4512
-21,42,17,-5082,96,-155,0,-4879
-14,-3,8,-5573,214,-406,0,5250
-2,-32,2,-6012,-13,-707,0,-5548
18,-44,-14,-6424,-113,-610,0,-6961
46,-52,-47,-6842,-143,-495,1,-7146
52,-74,-74,-7215,-120,-479,1,-7601
61,-69,-61,-7118,-171,-430,1,-6797
42,-37,-30,-6475,-170,-386,1,-6259
-20,2,-15,-5495,229,-215,0,5464
-94,54,-10,-4381,200,-119,1,4547
-16,101,3,-3316,-79,108,0,-3259
-9,161,25,-2479,-13,54,0,-2343
-24,196,38,-1854,-13,68,0,-1923
-8,212,46,-1508,-17,43,0,-1320
1,199,46,-1334,-48,51,0,1475
18,179,55,-1340,-51,20,0,1417
13,162,65,-1456,-33,-5,0,-1384
10,160,73,-1585,-22,-41,0,-1773
-2,162,77,-1607,-17,-56,0,1677
-11,165,74,-1645,-4,-81,0,1752
-15,173,61,-1900,7,-93,0,-1965
-20,181,53,-2325,14,-93,0,-2520
-30,186,53,-2822,26,-96,1,-3026
-31,177,53,-3402,38,-79,1,-3513
-44,146,46,-4126,61,-118,1,-4290
-50,109,50,-4816,78,-135,0,-4716
-27,79,44,-5572,41,-156,1,-5388
-6,36,12,-6329,14,-109,0,-6390
9,-6,-23,-6994,-108,-438,0,-6808
19,-29,-64,-7534,-82,-477,0,-7379
17,-59,-99,-7947,-54,-462,0,-7866
29,-73,-96,-8165,-93,-443,1,-7692
32,-64,-65,-8140,-107,-418,1,-7773
28,-38,-24,-7884,-139,-448,1,-8148
13,7,4,-7373,-222,-125,0,-7266
-24,71,14,-6609,78,4,0,6598
-27,134,29,-5481,20,53,1,5579
-37,167,29,-4354,3,84,1,4555
-37,196,21,-3479,-10,69,1,-3373
-18,204,21,-2858,-45,88,0,-2968
1,212,36,-2523,-60,81,0,2371
18,207,57,-2392,-61,49,0,2492
15,189,72,-2460,-39,-2,0,-2373
12,175,74,-2696,-37,-45,0,-2661
13,167,68,-2969,-42,-75,0,-2840
4,166,56,-3177,-16,-63,0,-3266
-11,177,40,-3414,4,-56,0,-3576
-9,183,27,-3769,-5,-59,0,3616
-11,180,25,-4204,0,-58,0,-4344
-20,146,27,-4660,14,-76,0,-4847
-20,101,40,-5092,23,-119,0,-5087
-23,55,47,-5499,54,-199,0,-5511
-31,30,53,-5851,91,-278,1,-6051
-46,0,43,-6235,175,-384,1,-6544
-19,-25,15,-6730,122,-562,0,6149
5,-50,-24,-7310,-20,-629,0,-7884
21,-73,-71,-7891,-60,-531,0,-7395
43,-81,-80,-8345,-115,-484,1,-8511
55,-74,-62,-8542,-162,-441,1,-8197
44,-66,-41,-8395,-143,-445,1,-8639
24,-31,-25,-7906,-141,-408,0,-8167
-4,20,-2,-7221,22,66,0,-7285
-16,82,29,-6628,19,29,0,6575
-18,133,49,-6027,10,33,0,5894
-41,157,47,-5342,20,32,1,5232
-23,181,42,-4830,-19,87,0,-4628
-38,197,35,-4361,-1,60,1,-4597
-1,190,48,-4061,-23,36,0,-3939
7,179,62,-4161,-15,12,0,4298
7,174,76,-4426,-21,-3,0,-4537
9,173,84,-4501,-36,-38,0,-4449
-1,176,78,-4382,-23,-56,0,4544
-16,190,64,-4323,-1,-65,0,4177
-25,208,51,-4569,18,-59,1,-4361
-18,221,34,-5177,10,-43,0,-5365
-14,218,24,-5994,-3,-54,0,6035
-15,174,11,-6837,-7,-48,0,6708
-21,112,18,-7537,17,-81,0,-7494
-36,66,24,-8166,83,-159,1,-8019
-32,34,23,-8809,127,-199,1,-8953
-9,3,5,-9451,188,-322,0,-9500
14,-24,-22,-10013,-121,-553,0,-9539
21,-61,-69,-10437,-68,-512,0,-10520
30,-84,-89,-10687,-78,-487,1,-10244
48,-76,-71,-10753,-123,-447,1,-11259
43,-61,-42,-10536,-128,-436,1,-10455
22,-38,-16,-9994,-121,-483,0,-9902
9,5,0,-9212,-248,-126,0,-9088
-16,57,11,-8289,51,42,0,8262
-30,119,24,-7195,22,47,1,7250
-24,169,30,-6104,-4,67,0,-5942
-28,190,37,-5209,-16,65,1,-5270
-12,195,38,-4597,-34,73,0,-4465
2,189,42,-4272,-44,58,0,4137
1,177,49,-4159,-26,37,0,4225
-3,159,51,-4183,-14,9,0,-4351
-5,143,49,-4330,-8,-12,0,4189
0,139,53,-4529,-16,-25,0,-4380
-2,145,63,-4705,-11,-43,0,4845
-8,158,70,-4894,-4,-64,0,5116
-15,171,62,-5175,4,-80,0,-5349
-22,180,45,-5658,29,-83,0,-5849
-45,187,36,-6485,60,-93,1,-6533
-59,178,38,-7435,52,-110,1,-7679
-64,159,51,-8293,43,-133,1,-8284
-56,143,59,-9054,28,-142,1,-9037
-71,110,26,-9853,28,-182,1,-9957
-5,50,-10,-10610,-49,-78,0,-10546
17,-3,-29,-11176,-143,-388,0,-10920
22,-33,-46,-11548,-98,-510,0,-11423
19,-51,-65,-11740,-56,-498,0,-11391
9,-64,-69,-11835,-47,-482,0,-12166
41,-55,-62,-11823,-135,-432,1,-12071
31,-64,-57,-11538,-94,-416,1,-11465
20,-42,-41,-11030,-86,-410,0,-10959
12,28,-15,-10300,-95,-17,0,10345
-24,97,20,-9406,37,48,0,9416
-25,159,31,-8524,4,63,1,8683
-27,197,38,-7495,-36,66,1,-7646
-5,206,42,-6631,-58,73,0,-6517
6,203,47,-6344,-73,88,0,6199
29,188,55,-6576,-50,29,1,6422
11,172,65,-6820,-24,8,0,6744
12,161,79,-6894,-31,-29,0,-6672
25,168,97,-6904,-41,-64,1,-6708
12,177,95,-6940,-16,-86,0,-7074
0,185,71,-7025,-13,-96,0,-7136
-4,189,48,-7133,-14,-81,0,6925
-9,186,41,-7261,-9,-75,0,7303
-8,170,53,-7475,-1,-94,0,7669
-14,143,63,-7798,16,-121,0,-7843
-21,110,68,-8181,31,-156,0,-8013
-17,77,54,-8584,37,-171,0,-8546
-12,39,34,-9021,45,-197,0,-9178
2,-4,-2,-9473,-112,-597,0,-10042
10,-38,-31,-9846,-59,-574,0,-9282
15,-57,-54,-10144,-55,-535,0,-9664
21,-54,-58,-10409,-68,-495,0,-10527
23,-59,-74,-10618,-70,-459,0,-10385
33,-57,-69,-10599,-100,-433,1,-10476
30,-42,-42,-10319,-134,-395,1,-10589
23,-8,-19,-9823,-219,-272,0,-10124
-6,72,15,-9004,-2,67,0,-9002
-27,134,47,-8026,-4,31,1,-8182
-9,186,44,-7265,-16,38,0,-7382
-19,209,50,-6675,-3,35,0,-6849
-13,202,47,-6318,-29,65,0,-6172
5,186,48,-6182,-48,44,0,6315
6,170,47,-6177,-42,28,0,6292
10,162,56,-6244,-41,6,0,6367
13,153,67,-6356,-34,-21,0,-6196
6,159,74,-6485,-23,-42,0,-6587
-4,173,83,-6601,-15,-70,0,6524
-10,194,76,-6815,-8,-92,0,6727
-23,219,62,-7161,-2,-91,0,6994
-7,218,42,-7545,-17,-68,0,7647
-10,188,43,-7869,0,-77,0,-7789
-15,176,75,-8235,12,-97,0,-8370
-13,148,51,-8750,6,-103,0,-8933
-1,86,-1,-9296,-10,-30,0,-9232
8,32,-31,-9803,-41,-206,0,9883
23,-4,-72,-10311,-39,-419,0,-10644
9,-56,-104,-10825,3,-467,0,11202
20,-64,-91,-11101,-55,-445,0,-10918
28,-60,-61,-11144,-97,-435,1,-10830
29,-51,-33,-11025,-134,-439,1,-10800
35,-28,-3,-10699,-228,-394,1,-10394
11,3,10,-10091,-189,-192,0,-10090
-30,56,41,-9283,82,-49,1,-9264
-46,83,56,-8505,63,-43,1,-8553
-20,117,57,-7817,6,10,0,7897
-29,149,61,-7067,14,-5,1,-6952
-18,166,58,-6384,3,11,0,6248
-21,173,54,-5995,8,11,0,6116
-2,167,54,-5728,-23,29,0,-5831
-5,163,53,-5502,-21,34,0,-5596
-7,148,51,-5333,-10,0,0,-5247
-4,137,52,-5300,-10,-13,0,5130
-7,139,57,-5357,-5,-23,0,5192
-7,151,68,-5414,-10,-39,0,5597
-14,169,79,-5526,-2,-66,0,5436
-18,188,72,-5834,1,-90,0,-5751
-24,208,52,-6326,-6,-106,0,6184
-19,214,48,-6837,-12,-78,0,6660
-10,204,51,-7426,-5,-81,0,7585
-10,170,62,-8120,4,-84,0,-8064
-10,132,62,-8910,7,-105,0,-8724
-23,85,33,-9676,23,-125,0,-9665
-14,24,3,-10263,88,-151,0,-10445
-4,-14,-27,-10737,26,-471,0,-10283
0,-35,-66,-11160,-10,-468,0,-10797
5,-46,-90,-11509,-39,-442,0,-11545
26,-59,-99,-11742,-89,-434,1,-11382
37,-69,-87,-11838,-93,-447,1,-12268
35,-68,-63,-11723,-96,-446,1,-11382
20,-56,-45,-11393,-62,-452,0,-11636
-1,-37,-23,-10879,0,-446,0,-11252
-15,0,3,-10266,293,-235,0,-10714
-23,59,20,-9555,69,8,0,9508
-33,119,43,-8731,35,21,1,8787
-36,143,48,-7951,34,28,1,8111
-35,158,38,-7286,27,19,1,7396
-17,172,40,-6648,-11,36,0,-6480
-1,182,47,-6088,-39,61,0,-5960
0,188,54,-5702,-29,44,0,5885
-8,182,55,-5434,-14,18,0,-5539
0,167,58,-5389,-20,-6,0,-5510
-2,151,60,-5506,-13,-26,0,5436
-2,145,62,-5624,-18,-43,0,5472
-9,146,59,-5704,-9,-55,0,5850
-13,154,55,-5848,-2,-64,0,5706
-13,163,49,-6139,0,-73,0,-5935
-14,167,43,-6603,9,-64,0,-6528
-6,163,45,-7188,-11,-86,0,7365
2,136,44,-7730,-19,-95,0,-7898
-14,111,65,-8106,2,-147,0,-7961
-8,109,94,-8371,-2,-209,0,8277
-40,87,76,-8681,70,-182,1,-8485
-34,52,36,-9062,108,-198,1,-9215
-25,10,-22,-9535,190,-296,1,9379
-29,-39,-82,-10122,70,-480,1,-9849
8,-48,-89,-10790,-37,-458,0,-11190
38,-57,-91,-11425,-92,-440,1,-11532
43,-64,-81,-11745,-112,-425,1,-11361
40,-64,-58,-11651,-124,-436,1,-11368
30,-69,-36,-11260,-121,-462,1,-10805
40,-31,-22,-10605,-212,-375,1,-10474
-15,38,-3,-9652,79,29,0,-9674
-43,100,21,-8737,60,16,0,8789
-38,144,37,-7890,5,39,1,7776
-22,174,52,-7245,-10,20,0,-7389
-13,174,42,-6837,-31,62,0,-6687
-1,185,44,-6616,-35,65,0,-6436
0,190,54,-6343,-24,29,0,6214
2,188,65,-6051,-29,8,0,5963
17,177,80,-5943,-47,-16,0,-6118
13,164,82,-6049,-30,-53,0,-6001
2,161,77,-6280,-21,-79,0,-6194
-7,168,69,-6549,-1,-78,0,6448
-19,179,60,-6872,4,-102,0,-6698
-20,191,65,-7216,0,-103,0,-7335
-18,190,65,-7617,3,-102,0,-7499
-18,154,54,-8087,10,-106,0,-8011
-22,109,62,-8560,26,-149,0,-8614
-23,66,61,-9045,40,-203,0,-9182
-32,42,69,-9461,64,-268,1,-9677
-28,28,59,-9900,50,-289,1,-10119
3,-4,13,-10330,-89,-461,0,10690
-8,-28,-25,-10660,4,-572,0,-11163
1,-42,-74,-10931,-60,-499,0,-11033
10,-65,-126,-11150,-45,-449,0,-10837
12,-66,-129,-11177,-41,-411,0,-10966
7,-54,-100,-11055,-17,-381,0,-10770
5,-46,-67,-10848,-16,-379,0,-11075
1,-19,-30,-10531,-12,-370,0,-10325
-18,15,1,-10114,206,-81,0,-9987
-40,60,29,-9608,111,-38,1,-9673
-26,113,38,-8999,16,30,1,9061
-21,159,61,-8314,3,4,0,8394
-23,180,67,-7833,7,6,0,7802
-8,181,61,-7528,-26,44,0,-7648
-1,191,51,-7305,-22,55,0,-7205
-6,185,51,-7068,-21,45,0,-6960
0,163,54,-6872,-20,22,0,6725
0,154,64,-6841,-15,0,0,6766
-3,153,77,-6870,-6,-16,0,6667
-14,157,84,-6861,4,-63,0,-6705
-22,169,81,-6889,7,-91,0,-6747
-23,187,64,-7079,4,-103,0,-6956
-16,204,50,-7481,-3,-81,0,7577
-9,194,40,-8024,3,-50,0,-8070
-20,155,48,-8621,17,-99,0,-8550
-20,125,69,-9224,14,-143,0,-9391
-22,89,69,-9787,24,-180,0,-9883
-17,63,62,-10311,25,-207,0,-10371
-19,24,43,-10788,63,-274,0,-11055
-3,0,25,-11209,10,-377,0,-10916
9,-24,-16,-11559,-76,-570,0,-12104
4,-62,-70,-11856,-17,-529,0,-11314
12,-78,-95,-12133,-40,-487,0,-11961
27,-79,-96,-12289,-69,-457,1,-12678
28,-72,-82,-12213,-73,-439,1,-11844
15,-56,-60,-11908,-50,-428,0,-12057
1,-25,-33,-11445,-19,-388,0,-11551
-11,14,0,-10894,137,-56,0,-10806
-21,63,29,-10214,48,0,0,10209
-33,103,33,-9386,21,49,0,9449
-28,157,30,-8481,-1,60,1,-8584
-18,201,31,-7578,-23,78,0,-7429
-12,222,34,-6845,-39,82,0,-6718
16,214,46,-6261,-78,68,0,6295
22,196,57,-5862,-58,41,0,5660
4,182,60,-5711,-23,14,0,5850
10,178,70,-5805,-22,-14,0,-5705
13,174,83,-6040,-15,-51,0,-5978
-6,176,92,-6330,6,-77,0,-6169
-16,189,84,-6653,3,-103,0,-6526
-15,205,61,-7044,-4,-92,0,6951
-24,221,44,-7480,8,-54,0,-7663
-9,219,42,-7989,-1,-47,0,8161
-2,177,39,-8585,1,-52,0,-8496
-22,124,39,-9105,34,-82,0,-9136
-24,82,40,-9632,34,-142,0,-9568
-14,44,28,-10134,28,-166,0,-10004
0,15,1,-10619,-25,-39,0,-10569
8,-18,-56,-11110,-34,-433,0,-10969
0,-66,-112,-11662,-14,-493,0,-11329
22,-76,-112,-11981,-73,-448,0,-12044
40,-74,-89,-12099,-95,-437,1,-11923
36,-69,-61,-12074,-91,-463,1,-12003
31,-51,-29,-11837,-121,-451,1,-12213
31,-20,-10,-11336,-216,-392,1,-11538
-19,10,0,-10556,237,-120,0,-10684
-22,85,11,-9610,36,55,0,9683
-53,143,27,-8611,42,29,1,8502
-24,182,38,-7873,-11,63,0,-7793
-16,191,20,-7343,-13,88,0,-7261
-11,214,29,-6685,-30,85,0,-6808
-9,220,46,-6086,-25,71,0,-5987
-4,207,60,-5728,-22,41,0,-5778
-1,183,66,-5622,-15,21,0,-5402
-6,164,72,-5692,-1,-26,0,5833
-13,157,82,-5919,14,-66,0,-6033
-31,168,85,-6286,25,-93,1,-6185
-34,188,83,-6664,13,-119,1,-6834
-32,217,70,-7086,3,-102,1,-6985
-25,240,58,-7587,-2,-83,1,7456
7,228,49,-8351,10,-73,0,8204
-35,165,33,-9363,67,-89,1,-9261
-38,108,36,-10345,44,-128,0,-10325
-34,61,46,-11214,41,-196,1,-11031
-22,25,41,-11943,40,-271,0,-12200
-18,3,22,-12513,108,-357,0,-12783
-2,-28,-53,-13029,-3,-477,0,13078
6,-64,-121,-13420,-30,-460,0,-13823
44,-64,-138,-13685,-72,-410,1,-13364
46,-60,-113,-13769,-80,-408,1,-13431
41,-45,-71,-13567,-111,-390,1,-13654
21,-34,-44,-13157,-87,-404,0,-12989
-3,-18,-29,-12509,19,-372,0,-12722
-47,25,3,-11615,223,-129,1,-11575
-36,70,50,-10734,44,-45,1,-10682
-25,113,42,-9954,8,24,1,9905
-20,171,52,-9261,2,46,0,9358
-25,187,62,-8673,2,40,1,8532
-11,184,56,-8095,-16,51,0,-7979
-18,172,42,-7521,-10,46,0,-7635
-17,164,36,-7128,11,23,0,7001
-23,171,45,-6893,8,52,0,6722
-12,178,67,-6741,-2,4,0,-6826
-8,178,86,-6704,-6,-43,0,6881
-12,177,88,-6859,1,-77,0,-6760
-14,187,75,-7162,-4,-96,0,7002
-19,197,58,-7523,-3,-93,0,7635
-12,211,51,-7915,-11,-80,0,7750
-6,227,64,-8329,-15,-87,0,8308
-3,193,40,-8871,-5,-71,0,8717
-13,127,37,-9474,15,-93,0,-9479
-25,83,42,-10058,50,-147,1,-10124
-35,44,35,-10611,114,-196,1,-10734
-20,26,11,-11164,112,-191,0,-11094
-6,-15,-59,-11682,-11,-443,0,11298
5,-62,-138,-12209,-51,-464,0,-12031
41,-92,-154,-12695,-68,-444,1,-12423
60,-77,-103,-12999,-99,-417,1,-13074
52,-59,-58,-12908,-115,-415,1,-13236
26,-41,-24,-12489,-112,-474,1,-12633
4,-25,-9,-11878,-40,-517,0,-11345
-20,21,8,-11110,162,-61,0,-11256
-29,64,34,-10296,48,7,1,10365
-33,104,36,-9394,38,18,0,9451
-26,170,38,-8538,-4,58,1,-8695
-23,197,39,-7760,0,67,0,7930
-23,205,24,-7159,3,82,0,7014
-37,204,15,-6779,16,75,1,6853
-21,198,26,-6482,-5,81,0,-6607
-16,195,47,-6273,-6,58,0,-6239
-13,191,73,-6200,-4,7,0,-6348
-17,186,83,-6283,0,-49,0,-6210
-21,181,68,-6518,3,-80,0,-6623
-27,185,49,-6849,5,-91,1,-6671
-37,207,40,-7257,10,-83,1,-7361
-41,225,36,-7724,1,-99,1,-7847
-28,214,37,-8258,7,-73,1,-8422
-26,169,40,-8906,22,-88,1,-8724
-28,117,44,-9618,37,-120,1,-9603
-28,63,34,-10354,66,-165,1,-10387
-19,29,18,-11081,95,-197,0,-11213
5,-1,-22,-11764,-64,-395,0,-11349
16,-45,-79,-12425,-53,-515,0,-13007
30,-61,-102,-12964,-83,-455,1,-13172
52,-59,-93,-13290,-117,-424,1,-12908
48,-59,-69,-13309,-126,-414,1,-12882
35,-49,-40,-13010,-127,-423,1,-13119
16,-31,-14,-12436,-106,-458,0,-12595
-1,3,8,-11693,32,-173,0,-11562
-24,50,46,-10822,66,-37,0,-10795
-42,83,48,-9900,86,-58,1,-9870
-55,126,53,-8915,37,-6,1,-8845
-35,157,54,-8017,-7,30,1,-8131
-16,172,50,-7175,-47,51,0,-7305
22,179,60,-6585,-69,41,0,6478
7,193,63,-6326,-22,39,0,6268
-14,189,59,-6156,-17,8,0,-6299
9,161,56,-6051,-53,-17,0,-5909
22,143,63,-6215,-49,-40,0,-6390
7,140,73,-6528,-19,-58,0,-6549
0,150,83,-6791,-20,-86,0,-6664
-5,169,84,-7008,-16,-107,0,7105
-9,184,74,-7308,-8,-112,0,7195
-11,189,62,-7677,0,-77,0,-7484
-19,174,59,-8055,5,-102,0,-8084
-19,144,74,-8446,7,-136,0,-8376
-11,122,84,-8843,3,-163,0,-8718
-11,85,52,-9228,20,-132,0,-9462
-11,40,20,-9625,52,-146,0,-9482
2,8,-17,-10018,-22,-282,0,9781
8,-29,-64,-10454,-12,-460,0,-10557
3,-53,-73,-10883,0,-487,0,11033
13,-58,-69,-11230,-44,-491,0,-10863
25,-74,-72,-11492,-82,-492,1,-11598
34,-77,-65,-11608,-114,-470,1,-11487
37,-66,-48,-11502,-129,-451,1,-11752
26,-49,-30,-11170,-116,-473,1,-10815
7,-33,-17,-10599,-90,-455,0,-10445
-1,27,4,-9898,-21,80,0,-9969
-3,93,21,-9198,-16,67,0,-9194
-30,144,42,-8342,17,40,1,8200
-27,169,50,-7511,-13,45,1,-7670
-21,179,36,-6885,-22,67,0,-6708
-4,191,37,-6525,-29,75,0,-6577
-2,211,51,-6283,-22,65,0,-6206
5,212,77,-6029,-30,33,0,5934
9,194,95,-5951,-22,-30,0,-6049
4,177,88,-6171,-12,-73,0,-6327
-2,169,72,-6513,-4,-76,0,6618
-15,177,59,-6853,3,-93,0,-6686
-19,186,57,-7252,8,-95,0,-7319
-24,191,56,-7839,22,-94,0,-7752
-19,174,44,-8600,21,-86,0,-8518
-33,126,45,-9444,51,-120,1,-9432
-39,86,55,-10266,66,-177,1,-10416
-38,53,59,-11020,75,-236,1,-11140
-36,23,54,-11715,91,-303,1,-11447
-11,5,16,-12350,98,-325,0,-12551
1,-26,-23,-12859,-35,-575,0,-12331
14,-53,-72,-13214,-46,-497,0,-12864
3,-81,-97,-13456,-27,-481,0,-13637
34,-61,-80,-13622,-111,-440,1,-13503
23,-78,-68,-13610,-74,-480,0,-13477
22,-67,-52,-13421,-79,-474,0,-13727
11,-52,-41,-13062,-46,-467,0,-13033
-10,-35,-28,-12560,48,-444,0,-12471
-35,-2,-7,-12099,308,-252,1,-11948
-38,31,13,-11590,168,-88,1,-11663
-38,88,26,-10766,55,9,1,10839
-14,149,52,-9881,-20,39,0,-9731
-29,178,52,-9027,18,18,1,9179
-11,191,45,-8344,0,38,0,8235
-22,196,43,-8023,26,64,0,8180
-30,195,53,-7638,13,42,1,7450
-36,192,67,-7199,24,-12,1,-7343
-35,182,80,-7021,24,-36,1,-7057
-37,168,84,-7111,29,-74,1,-6986
-38,168,82,-7322,24,-97,1,-7230
-45,177,71,-7610,17,-130,1,-7665
-44,193,61,-8046,21,-109,1,-8129
-36,204,59,-8607,11,-99,1,-8481
-26,187,52,-9284,12,-93,1,-9351
-29,140,53,-10018,28,-118,1,-10223
-30,98,60,-10768,33,-161,0,-10960
-26,56,47,-11481,60,-179,1,-11356
-35,32,33,-12285,111,-249,1,-12108
6,-10,-22,-13022,-105,-477,0,-13170
27,-37,-61,-13481,-107,-492,1,-13610
29,-53,-85,-13702,-69,-461,1,-13428
22,-61,-98,-13773,-53,-446,0,-13325
28,-57,-94,-13792,-70,-424,1,-13384
32,-56,-78,-13729,-97,-404,1,-13323
34,-49,-55,-13461,-117,-368,1,-13737
15,-22,-29,-12930,-83,-377,0,-13232
-18,24,-3,-12173,156,-56,0,12078
-89,74,23,-11295,163,-84,1,-11497
-25,121,43,-10668,-31,29,1,-10722
-8,176,41,-10117,-35,65,0,-10108
-18,222,46,-9671,-18,69,0,-9586
-6,234,59,-9313,-43,90,0,-9415
9,213,73,-8993,-48,43,0,9139
8,183,77,-8841,-20,-15,0,-8806
2,148,68,-8929,-1,-30,0,-8750
-5,129,59,-9166,10,-49,0,-9036
-29,125,58,-9335,36,-74,1,-9284
-26,136,75,-9351,0,-100,1,-9277
-11,156,93,-9399,-8,-118,0,9229
-19,185,104,-9657,14,-116,0,-9477
-21,200,90,-10038,10,-123,0,-10178
-16,187,75,-10496,8,-113,0,-10363
-27,160,77,-11076,27,-132,1,-11056
-35,112,75,-11791,39,-149,1,-11944
-28,81,99,-12423,5,-231,1,-12368
-14,58,87,-12909,-2,-251,0,13045
-12,32,46,-13255,24,-247,0,-13104
-3,12,-13,-13519,36,-220,0,13361
-16,-38,-87,-13823,17,-475,0,-13388
15,-47,-109,-14192,-65,-433,0,-14033
41,-46,-118,-14453,-80,-398,1,-14789
23,-52,-109,-14384,-47,-388,0,-14793
19,-44,-83,-14092,-55,-351,0,-13836
12,-30,-55,-13658,-47,-381,0,-13359
-3,-5,-28,-13067,22,-286,0,-12831
-26,53,23,-12456,85,-13,1,-12487
-38,93,51,-11829,54,-17,0,-11868
-27,130,53,-11073,11,21,1,11248
-21,171,39,-10422,7,62,0,10262
-32,208,28,-9647,-8,73,1,-9521
-1,246,39,-8837,-63,84,0,-8766
10,252,68,-8145,-49,58,0,8042
-6,214,84,-7751,-11,15,0,-7879
-4,172,72,-7832,0,-36,0,-7762
-2,135,54,-8162,-1,-54,0,8038
-2,125,57,-8420,-11,-62,0,8339
-11,149,79,-8559,-2,-83,0,8687
-21,179,85,-8762,14,-90,0,-8863
-23,200,74,-9086,6,-109,0,-9090
-20,211,62,-9507,4,-93,0,-9607
-16,190,47,-10045,12,-83,0,-10239
-27,146,55,-10633,20,-115,1,-10579
-9,118,87,-11149,-32,-191,0,11014
0,99,87,-11498,-18,-169,0,-11367
-17,59,59,-11823,28,-208,0,-12016
-31,42,46,-12160,76,-234,1,-12228
-7,19,-4,-12529,57,-115,0,12463
3,-18,-72,-12822,-6,-440,0,-13297
-21,-49,-116,-13102,23,-434,0,-13023
19,-57,-121,-13469,-72,-422,0,-13616
35,-74,-113,-13754,-81,-424,1,-13400
33,-69,-88,-13726,-69,-414,1,-13430
14,-49,-62,-13386,-37,-420,0,-13776
-9,-31,-35,-12859,44,-402,0,-13234
-8,20,-15,-12235,43,-36,0,12253
-1,94,19,-11494,-20,73,0,-11505
-22,133,43,-10826,24,40,0,10944
-20,152,46,-10192,5,46,0,10051
-23,162,33,-9587,-2,63,0,-9692
-12,179,22,-9021,-18,86,0,-9176
-16,198,26,-8487,-14,83,0,-8618
0,214,48,-8069,-20,42,0,8025
10,215,72,-7724,-19,12,0,7842
0,187,79,-7493,-4,-18,0,-7585
-5,161,68,-7585,8,-52,0,-7545
-14,152,58,-7892,18,-62,0,-7762
-28,160,56,-8216,26,-76,1,-8391
-34,188,62,-8625,19,-96,1,-8541
-34,223,72,-9284,20,-82,1,-9396
-28,247,69,-10318,8,-70,1,-10411
-27,179,78,-11481,0,-102,1,-11354
-4,135,84,-12203,-42,-151,0,12231
-15,85,57,-12614,18,-162,0,-12695
-29,42,33,-12990,94,-209,1,-12840
-20,8,10,-13432,190,-303,0,-13813
12,-15,-34,-13872,-97,-477,0,-14259
23,-41,-82,-14174,-65,-468,0,-13987
22,-40,-101,-14330,-54,-424,0,-13885
26,-47,-109,-14402,-63,-408,1,-14772
42,-52,-100,-14374,-99,-394,1,-14776
34,-47,-82,-14046,-83,-398,1,-14173
1,-35,-56,-13399,-5,-398,0,-13770
-28,-10,-22,-12589,181,-305,1,-12462
-29,26,-3,-11763,166,-73,1,11547
-41,106,16,-10892,30,57,0,11004
-36,165,38,-10136,6,49,1,9987
-17,193,44,-9440,-24,64,0,-9336
-25,209,40,-8758,-30,68,1,-8847
9,206,51,-8273,-44,36,0,8361
11,205,69,-8025,-37,44,0,8145
13,195,89,-7901,-21,0,0,7773
-1,178,94,-7958,1,-51,0,-8137
-8,156,85,-8165,10,-83,0,-8049
-20,148,79,-8384,18,-99,0,-8198
-29,168,95,-8612,24,-114,1,-8483
-37,193,95,-8925,22,-115,1,-8706
-32,193,84,-9317,19,-102,1,-9372
-31,166,73,-9788,29,-126,1,-9898
-39,138,83,-10386,43,-158,1,-10460
-31,110,89,-11049,26,-186,1,-11170
-14,62,59,-11645,21,-180,0,-11729
-17,19,30,-12127,81,-269,0,-11805
-16,-1,3,-12598,292,-406,0,12682
0,-25,-34,-13090,-21,-528,0,-12546
20,-45,-77,-13530,-65,-477,0,-13620
20,-65,-101,-13846,-52,-449,0,-14293
35,-54,-83,-13980,-89,-423,1,-14115
38,-55,-61,-13918,-110,-424,1,-14265
28,-58,-40,-13621,-96,-458,1,-13476
9,-39,-14,-13102,-53,-508,0,-12995
-28,-15,16,-12496,197,-341,1,12632
-35,18,41,-11916,125,-165,1,-11849
-28,43,51,-11385,74,-95,1,-11373
-42,92,44,-10611,74,-41,0,-10572
-31,143,38,-9777,26,16,1,9870
-25,178,39,-8954,7,33,1,8785
-14,193,41,-8222,-18,42,0,-8386
9,195,53,-7742,-39,29,0,7931
8,192,62,-7478,-41,33,0,7624
10,171,71,-7283,-32,-1,0,-7306
5,155,74,-7309,-11,-33,0,-7281
-3,151,77,-7508,0,-62,0,-7605
-8,158,78,-7749,0,-83,0,-7876
-13,176,77,-7991,0,-95,0,-8092
-24,195,69,-8292,11,-106,0,-8339
-31,218,66,-8703,5,-118,1,-8460
-12,217,58,-9245,3,-85,0,-9378
-6,181,50,-9943,5,-86,0,-9735
-11,121,44,-10609,10,-106,0,-10575
-21,68,51,-11175,37,-159,0,-11133
-9,30,32,-11670,10,-217,0,-11636
-10,-4,2,-12044,226,-480,0,11836
-16,-40,-36,-12399,35,-572,0,-12928
-5,-58,-57,-12707,-6,-522,0,13225
10,-67,-72,-12951,-48,-505,0,-13133
8,-79,-87,-13078,-33,-480,0,-13049
14,-69,-75,-13055,-46,-455,0,-13080
8,-55,-53,-12903,-27,-470,0,-13218
-3,-37,-29,-12603,11,-451,0,-12492
-22,0,15,-12214,215,-208,0,-12214
-32,26,42,-11827,122,-135,1,-12003
-47,42,41,-11310,131,-104,1,-11496
-37,101,36,-10698,53,-16,0,-10645
-5,164,45,-9999,-19,58,0,-10154
-11,192,37,-9256,12,47,0,9449
-29,206,38,-8717,35,67,1,8859
-31,205,44,-8190,0,72,1,8009
-19,185,55,-7692,4,19,0,7810
-33,169,61,-7469,34,-19,1,-7596
-38,155,66,-7470,42,-54,1,-7630
-41,147,76,-7539,39,-86,1,-7669
-50,155,85,-7662,36,-114,1,-7493
-44,173,88,-7890,18,-127,1,-7777
-44,199,85,-8249,15,-127,1,-8436
-40,214,75,-8743,23,-90,1,-8914
-26,199,70,-9394,12,-106,1,-9296
-25,165,68,-10116,16,-98,1,-9993
-16,126,58,-10862,-2,-125,0,10841
-8,83,35,-11571,-7,-119,0,11575
1,42,5,-12223,-31,-54,0,-12218
13,-6,-47,-12839,-71,-413,0,-13273
10,-40,-75,-13371,-53,-473,0,-13748
38,-53,-93,-13797,-109,-452,1,-13319
46,-74,-103,-14029,-94,-445,1,-14128
41,-68,-81,-13932,-90,-423,1,-14254
27,-49,-48,-13545,-83,-420,1,-13599
6,-27,-12,-12983,-47,-492,0,-13159
-16,12,30,-12368,98,-185,0,-12427
-34,46,62,-11725,78,-107,1,-11739
-28,79,64,-11087,39,-46,1,-11092
-30,119,67,-10427,46,-6,1,-10428
-54,155,62,-9695,55,8,1,9586
-47,165,51,-8804,15,28,1,8907
-25,173,51,-8017,5,19,1,8131
-28,173,55,-7401,17,11,1,7280
-27,166,56,-7016,12,9,1,7141
-14,158,57,-6946,8,-19,0,-7060
-4,153,65,-7129,-1,-34,0,6944
-6,158,76,-7376,-7,-50,0,7213
-12,167,81,-7606,-5,-77,0,7426
-13,183,74,-7884,-9,-92,0,7787
-18,198,65,-8244,6,-78,0,-8429
-23,203,50,-8726,13,-63,0,-8908
-22,182,41,-9311,12,-81,0,-9355
-33,144,41,-9943,34,-104,1,-9738
-29,102,41,-10606,41,-129,0,-10646
-37,64,50,-11253,75,-201,1,-11043
-23,38,47,-11875,45,-262,0,-12120
-12,10,22,-12433,88,-273,0,-12750
-2,-23,-18,-12954,-5,-590,0,12500
11,-53,-78,-13389,-41,-492,0,-13824
14,-87,-112,-13746,-46,-476,0,-13427
40,-78,-94,-13978,-89,-445,1,-14151
20,-75,-63,-13954,-52,-473,0,-14089
11,-64,-35,-13742,-45,-506,0,-13421
-2,-54,-14,-13422,-10,-544,0,13888
-9,-12,2,-12935,103,-447,0,13148
-3,34,24,-12448,-24,-22,0,12455
8,76,41,-12118,-30,3,0,12068
-22,101,47,-11740,41,10,0,11685
-22,134,46,-11270,15,36,0,11409
-10,164,47,-10662,-38,81,0,-10578
-6,177,42,-10045,-21,38,0,-10131
9,180,42,-9638,-34,37,0,9524
2,186,42,-9422,-19,34,0,9325
0,188,50,-9136,-27,21,0,9004
15,179,69,-8908,-44,3,0,8728
6,169,77,-8990,-15,-36,0,-9169
5,164,78,-9332,-21,-70,0,-9424
1,179,86,-9697,-13,-93,0,-9559
-12,206,77,-10123,7,-85,0,-10068
-17,225,46,-10706,3,-73,0,-10568
-17,230,38,-11343,18,-65,0,-11471
-27,217,38,-12200,29,-72,1,-12060
-16,160,32,-13227,4,-75,0,-13162
-3,93,21,-14196,-22,-76,0,14181
2,33,0,-15019,-47,-42,0,-14989
2,-8,-16,-15613,-56,-467,0,-15634
10,-31,-29,-15977,-88,-549,0,-15378
17,-49,-45,-16175,-74,-526,0,-15718
16,-74,-69,-16293,-40,-527,0,-15763
7,-91,-83,-16291,-21,-508,0,-15937
7,-86,-74,-16080,-27,-489,0,-16165
-3,-76,-57,-15696,-3,-496,0,15569
-17,-43,-40,-15140,55,-419,0,-15018
-39,6,-15,-14539,248,-206,1,14546
-46,53,6,-14014,119,-44,1,-14077
-3,104,22,-13400,-38,71,0,-13388
-10,152,32,-12593,-19,41,0,-12729
-3,173,31,-11772,-29,51,0,-11623
11,176,31,-11364,-38,49,0,11473
14,193,34,-11132,-38,75,0,11258
7,205,46,-10718,-25,41,0,10506
7,197,58,-10279,-18,39,0,10474
-9,189,71,-10027,4,2,0,10204
-7,180,87,-9932,-2,-33,0,9741
-13,183,91,-9990,3,-75,0,-10159
-9,209,83,-10220,-4,-92,0,10043
-8,234,62,-10637,0,-63,0,-10596
-8,247,39,-11281,-3,-61,0,11515
-6,217,32,-12005,-4,-58,0,11808
-4,172,42,-12746,0,-80,0,-12546
-23,127,51,-13469,29,-98,0,-13497
-18,83,51,-14178,13,-156,0,-14213
1,50,29,-14839,-33,-144,0,-14710
16,14,-15,-15412,-157,-248,0,15434
5,-35,-77,-15869,-24,-477,0,-15455
20,-53,-94,-16259,-68,-463,0,-15985
42,-65,-95,-16582,-94,-458,1,-16743
43,-71,-94,-16757,-86,-454,1,-16600
40,-73,-87,-16679,-85,-437,1,-16628
34,-51,-67,-16319,-94,-409,1,-15915
15,-16,-44,-15652,-79,-318,0,-15482
-15,46,-5,-14832,73,40,0,-14761
-24,106,28,-14050,40,42,0,13952
-37,141,40,-13071,35,34,1,13197
-32,163,37,-12089,24,25,1,12195
-26,178,31,-11395,16,41,1,11276
-27,195,28,-10756,5,46,1,10990
-3,206,40,-10001,-49,75,0,-10126
6,209,55,-9430,-24,33,0,9217
-4,199,70,-9238,-4,14,0,-9369
-3,179,78,-9409,3,-40,0,-9242
-14,165,80,-9712,10,-65,0,-9568
-25,178,84,-9975,9,-90,1,-9820
-27,201,79,-10284,5,-106,1,-10457
-34,229,68,-10745,8,-97,1,-10516
-22,233,52,-11384,0,-79,0,-11508
-20,206,56,-12117,4,-89,0,-12272
-17,161,54,-12856,-2,-122,0,13002
-18,110,46,-13561,9,-121,0,-13531
-15,63,39,-14200,13,-158,0,-14324
-9,15,19,-14763,41,-243,0,-14696
14,0,-12,-15211,-233,-394,0,14860
0,-30,-64,-15492,-35,-478,0,-15709
13,-42,-102,-15632,-68,-444,0,-15541
15,-49,-121,-15643,-44,-433,0,-15557
-3,-58,-123,-15571,-1,-412,0,15626
7,-51,-98,-15386,-22,-397,0,-15831
-7,-33,-67,-15194,39,-344,0,-14928
-19,-1,-43,-14979,99,-244,0,-14889
-26,50,1,-14497,102,-18,1,-14591
-13,113,35,-13883,16,18,0,13924
-45,160,53,-13047,28,52,1,12900
-18,184,64,-12299,-11,40,0,-12484
-31,196,57,-11719,6,45,1,11533
-16,197,59,-11207,-7,50,0,-11010
-15,205,74,-10729,-2,38,0,-10565
-13,189,85,-10462,17,3,0,10281
-24,177,93,-10401,26,-50,0,-10355
-24,166,98,-10429,15,-67,0,-10273
-23,164,100,-10534,13,-94,0,-10658
-23,179,101,-10737,10,-110,0,-10582
-31,208,85,-11073,12,-115,1,-11175
-25,231,66,-11537,7,-92,1,-11763
-27,227,45,-12187,17,-76,1,-12056
-27,181,47,-12967,22,-91,1,-12906
-34,141,60,-13771,25,-128,1,-13632
-25,97,48,-14524,21,-141,0,-14442
-20,63,33,-15238,25,-149,0,-15112
4,24,-6,-15866,-69,-76,0,15853
30,-10,-56,-16353,-126,-422,1,-15900
4,-48,-123,-16687,-16,-449,0,-16563
25,-53,-142,-16967,-70,-408,1,-17208
43,-58,-125,-17144,-88,-393,1,-17222
39,-53,-93,-17044,-82,-401,1,-17183
26,-35,-64,-16643,-77,-360,1,-16430
9,-9,-38,-16031,-55,-296,0,-16298
8,40,-21,-15231,-51,0,0,-15227
-17,114,1,-14222,30,59,0,14281
-25,167,15,-13076,11,80,1,13307
-29,215,13,-11880,-24,85,1,-12001
-1,256,14,-10763,-67,107,0,-11056
12,259,30,-10087,-36,63,0,9833
-16,254,43,-9510,-16,51,0,-9666
21,226,65,-9042,-50,41,0,9213
0,194,69,-8997,5,2,0,-9127
-1,170,77,-9325,6,-30,0,-9363
-8,166,90,-9673,-2,-75,0,9594
-19,191,93,-9952,-1,-96,0,9842
-32,236,81,-10282,2,-105,1,-10467
-31,270,59,-10758,-2,-79,1,11106
-11,281,49,-11394,-10,-64,0,11671
-14,254,36,-12113,7,-58,0,-12220
-14,213,28,-12907,11,-57,0,-12960
-11,153,8,-13809,17,-46,0,-13654
-12,96,-7,-14793,12,-58,0,14738
5,46,-23,-15769,-52,-133,0,15632
16,-10,-45,-16572,-111,-432,0,-16718
26,-39,-58,-17196,-116,-486,1,-17084
35,-57,-93,-17693,-111,-463,1,-17657
52,-75,-133,-17987,-115,-430,1,-18277
50,-84,-126,-18005,-90,-413,1,-18319
37,-73,-85,-17813,-78,-412,1,-17529
28,-51,-41,-17469,-99,-426,1,-17907
22,-26,-4,-16981,-166,-436,0,-17229
3,16,21,-16347,-18,-119,0,-16314
-10,56,25,-15466,58,14,0,15479
-61,100,17,-14381,141,17,0,14587
-44,144,16,-13287,31,46,1,13183
-21,169,16,-12099,-19,83,0,-12205
-15,198,21,-10981,-17,90,0,-10866
1,216,31,-10098,-19,60,0,10139
-21,221,43,-9348,12,70,0,9257
-26,211,54,-8873,16,31,1,8792
-35,197,62,-8658,22,-13,1,-8466
-25,183,68,-8717,12,-42,1,-8898
-33,182,66,-9036,19,-67,1,-9166
-35,190,59,-9502,13,-83,1,-9703
-39,218,58,-10067,5,-95,1,-10189
-27,221,38,-10763,2,-72,1,-10926
-30,197,35,-11638,16,-98,1,-11773
-30,168,46,-12590,18,-96,1,-12793
-22,133,47,-13545,1,-110,0,-13370
-7,97,51,-14438,-25,-136,0,14508
8,58,34,-15189,-59,-149,0,-15337
0,8,1,-15755,-33,-47,0,-15760
0,-27,-17,-16240,-25,-612,0,-15645
6,-52,-46,-16678,-51,-580,0,-17231
7,-77,-84,-17063,-44,-508,0,-17261
29,-61,-94,-17351,-76,-441,1,-16971
24,-60,-84,-17454,-73,-430,0,-17851
26,-59,-69,-17414,-79,-431,1,-17795
30,-51,-55,-17241,-97,-413,1,-17086
17,-36,-40,-16866,-70,-423,0,-16406
-5,2,-18,-16295,58,-204,0,16194
-14,80,13,-15566,32,37,0,15514
-32,138,32,-14760,35,19,1,14625
-18,197,28,-13893,-7,53,0,-14014
-20,236,29,-13103,-18,85,0,-13195
-10,243,35,-12527,-28,85,0,-12412
-2,233,44,-12069,-32,76,0,-12210
2,204,55,-11764,-31,50,0,11556
2,178,62,-11723,-12,-7,0,-11596
-4,164,65,-11858,-3,-32,0,11944
-7,149,68,-12025,-4,-56,0,11801
-19,148,61,-12240,10,-75,0,-12087
-24,159,44,-12570,15,-79,0,-12799
-32,179,26,-13031,21,-76,1,-12814
-28,184,17,-13663,17,-64,1,-13762
-17,154,13,-14380,17,-35,0,-14494
-40,126,51,-15093,57,-112,1,-15052
-56,103,72,-15896,65,-189,0,-16113
-35,71,109,-16594,34,-235,1,-16403
-23,54,121,-17233,4,-288,0,-16913
-14,35,85,-17782,3,-295,0,-17450
-12,21,47,-18286,35,-268,0,-18039
6,13,-6,-18741,-108,-158,0,18894
3,-22,-87,-19100,-23,-441,0,-19320
13,-37,-121,-19266,-62,-415,0,-19122
31,-48,-130,-19292,-74,-394,1,-18986
29,-56,-119,-19134,-64,-380,1,-19367
26,-43,-90,-18735,-63,-349,1,-18471
9,-22,-58,-18071,-35,-297,0,-18364
-29,19,-13,-17150,212,-116,1,16986
-58,71,27,-16239,135,-48,1,-16289
-77,107,53,-15255,96,-44,0,-15310
-55,133,61,-14456,35,-7,1,-14560
-48,158,67,-13763,7,9,1,13629
-28,190,62,-12842,-37,41,1,-12989
6,206,68,-12033,-34,19,0,12220
-20,211,72,-11509,10,14,0,11386
-19,198,77,-11188,6,-8,0,-11050
-15,174,76,-11123,5,-24,0,-11151
-22,158,73,-11226,13,-51,0,-11047
-29,155,78,-11380,14,-83,1,-11494
-36,174,82,-11678,19,-107,1,-11577
-45,198,70,-12230,27,-115,1,-12036
-39,205,39,-13018,19,-84,1,-12887
-37,186,16,-13985,27,-73,1,-13951
-43,137,39,-14939,30,-116,1,-15025
-13,96,67,-15753,-15,-165,0,15631
-17,39,61,-16472,4,-257,0,-16732
6,13,44,-17062,-73,-294,0,-17390
22,-19,0,-17433,-234,-548,0,18132
6,-39,-41,-17505,-36,-549,0,-18030
-5,-39,-65,-17399,9,-467,0,-16974
6,-37,-81,-17242,-19,-440,0,-17037
-2,-57,-111,-17045,-4,-429,0,17262
5,-60,-102,-16731,-33,-397,0,-16560
6,-32,-68,-16254,-31,-369,0,-15948
-11,6,-25,-15578,88,-189,0,15403
-39,48,17,-14798,139,-48,1,-14702
-37,94,46,-13816,53,-9,0,-13725
-60,128,66,-12738,56,-20,1,-12561
-40,143,70,-11854,25,2,1,11963
-45,147,59,-11083,25,8,1,11228
-24,160,53,-10381,-2,34,0,-10288
-19,167,50,-9718,2,15,0,9597
-11,169,50,-9066,-19,35,0,-9164
-9,171,51,-8488,-18,24,0,-8637
-6,166,57,-8090,-10,4,0,-7949
-8,151,62,-7972,5,-22,0,-8096
-19,148,65,-8050,23,-51,0,-8082
-32,156,69,-8228,30,-72,1,-8384
-35,164,60,-8577,23,-93,1,-8563
-43,171,49,-9124,26,-108,1,-9058
-35,176,47,-9836,16,-98,1,-9893
-26,165,46,-10686,13,-95,1,-10624
-31,131,54,-11605,31,-127,1,-11678
-34,84,58,-12528,50,-178,1,-12321
-39,48,69,-13422,60,-280,1,-13591
-31,25,83,-14240,41,-319,1,-14048
-6,1,89,-14985,-36,-376,0,15235
18,-3,86,-15584,-100,-390,0,15741
16,-6,58,-15956,-109,-406,0,16263
30,-4,5,-16152,-319,-395,1,16312
11,-37,-84,-16201,-20,-470,0,-16113
8,-59,-112,-16199,-49,-444,0,-16019
42,-58,-106,-16156,-102,-414,1,-16027
31,-73,-93,-15890,-65,-442,1,-16353
7,-66,-68,-15344,-20,-454,0,-14911
-17,-41,-42,-14634,60,-407,0,-14481
-27,7,-23,-13838,169,-195,1,13934
-37,85,48,-12851,35,-22,1,-12871
-36,106,71,-12082,28,-27,0,-12092
-29,127,55,-11560,30,-11,1,-11621
-29,153,42,-11031,22,18,1,11198
-11,171,44,-10596,5,32,0,10697
-38,175,42,-10173,34,48,1,9997
-32,175,45,-9745,16,37,1,9915
-33,166,50,-9426,25,15,1,9328
-26,169,65,-9337,10,9,1,9353
-16,166,77,-9378,7,-41,0,-9321
-24,163,77,-9494,11,-80,0,-9643
-21,163,68,-9764,11,-100,0,-9915
-33,170,55,-10182,20,-107,1,-9990
-43,176,46,-10652,24,-103,1,-10579
-66,176,51,-11018,29,-126,1,-11177
-35,159,80,-11188,-1,-118,1,11048
-2,110,82,-11373,-34,-169,0,11482
-2,68,70,-11536,-22,-206,0,11734
-15,34,59,-11691,23,-265,0,-11425
-11,9,53,-11869,25,-324,0,-12083
-5,-14,48,-12041,-19,-450,0,-12001
-10,-4,26,-12014,35,-422,0,12153
-67,-52,-77,-11828,33,-504,1,-12252
-46,-54,-104,-11792,5,-438,1,-12228
-43,-60,-110,-11913,55,-422,1,-12134
-28,-62,-100,-12243,48,-405,1,-11825
-3,-57,-73,-12607,12,-410,0,-12508
4,-46,-46,-12807,-7,-420,0,-13222
3,-16,-8,-12914,-39,-483,0,-13245
3,31,26,-13047,-24,-15,0,-13036
3,78,47,-13302,-16,-3,0,-13209
6,134,75,-13470,-16,2,0,13401
-15,167,75,-13519,24,20,0,13346
-21,184,70,-13368,3,32,0,13564
-17,190,75,-13088,-8,31,0,-13281
-14,184,75,-12780,-4,2,0,-12567
0,169,72,-12518,-24,47,0,12350
4,167,78,-12474,-4,7,0,12370
-10,167,84,-12578,15,-21,0,-12739
-10,161,86,-12754,0,-57,0,-12566
-12,165,79,-13061,-1,-74,0,13230
-12,176,68,-13437,-19,-91,0,13513
-14,189,62,-13845,-15,-98,0,14071
-4,193,54,-14336,-17,-86,0,14156
4,174,38,-14895,-10,-74,0,-15073
-20,131,38,-15403,31,-97,0,-15586
-34,107,70,-15866,43,-168,0,-15740
-26,88,90,-16290,28,-190,1,-16153
-23,62,76,-16684,38,-231,0,-16782
-30,32,34,-17099,119,-243,1,-16980
-22,-13,-25,-17625,148,-453,0,-17804
-19,-54,-59,-18096,43,-527,0,-17558
-4,-56,-73,-18506,-10,-507,0,18884
4,-55,-94,-18826,-29,-459,0,-18483
5,-61,-103,-19007,-28,-433,0,-19401
18,-49,-86,-19076,-65,-391,0,-19249
20,-45,-65,-18988,-73,-384,0,-19303
6,-37,-42,-18669,-50,-374,0,-18850
-9,-4,-2,-18211,223,-370,0,-18053
12,45,37,-17702,-86,-42,0,-17760
13,95,52,-16945,-60,1,0,17006
1,140,55,-16165,-20,33,0,16302
-9,169,55,-15497,-6,46,0,-15416
-19,173,43,-14848,6,30,0,14705
-10,170,33,-14233,-33,83,0,-14188
-5,176,34,-13732,-18,65,0,-13672
-6,180,46,-13351,-4,29,0,-13478
-5,193,63,-13103,0,8,0,13278
-17,187,84,-12987,11,-33,0,-12909
-17,174,94,-13169,8,-68,0,-13274
-24,182,90,-13575,5,-94,0,-13736
-39,201,74,-14016,9,-110,1,-13950
-31,218,48,-14525,-5,-83,1,14365
-22,210,31,-15247,3,-65,0,-15128
-27,179,39,-16148,18,-62,1,-16306
-17,155,70,-16975,-22,-124,0,17135
10,130,75,-17660,-55,-145,0,-17565
2,87,50,-18220,-34,-165,0,-18380
-6,46,15,-18662,4,-103,0,-18594
-13,-2,-22,-19095,89,-406,0,-19265
4,-36,-77,-19527,-37,-464,0,-19909
22,-55,-125,-19947,-60,-446,0,-19507
12,-58,-136,-20226,-25,-412,0,-20019
30,-58,-118,-20404,-59,-393,1,-20049
49,-45,-88,-20377,-95,-375,1,-20218
20,-11,-54,-19922,-50,-283,0,-19668
-7,36,-27,-19152,57,-29,0,19152
-29,119,7,-18191,58,62,1,18277
-49,173,44,-17237,54,36,1,17396
-38,186,55,-16297,29,40,1,16182
