-31,-30,72,112,17,-50,1,-25
-35,-28,80,141,23,-35,1,-211
-35,-28,78,161,20,-35,1,-228
-41,-33,76,199,35,-45,1,-144
-48,-33,84,237,35,-30,1,-140
-35,-31,83,276,13,-28,1,-367
-53,-34,90,333,42,-23,1,-318
-46,-36,71,368,66,-25,1,-353
-71,-26,76,383,106,29,1,280
-93,34,168,445,42,132,1,-455
-91,89,230,452,-5,122,1,348
-104,76,169,202,27,64,1,-17
-73,87,110,-208,-13,98,1,-212
-29,23,8,-698,117,139,1,583
-32,4,0,-1287,232,19,1,1509
22,-43,-48,-1762,-170,-188,0,-1763
5,-74,-76,-2152,-98,-163,0,-2210
48,-101,-137,-2298,-151,-89,1,-2281
23,-44,-130,-2233,-97,34,0,2117
17,71,-41,-1948,-94,340,0,-1775
-28,153,-1,-1493,33,427,1,-1248
-101,193,116,-988,52,315,1,518
-84,168,142,-423,30,269,1,195
-90,122,136,-214,43,226,1,180
-100,126,162,-95,41,187,1,112
-97,130,191,-84,13,140,1,140
-114,133,200,-210,23,108,1,149
-93,154,128,-578,27,142,1,657
-95,134,93,-1290,25,145,1,1287
-47,90,-13,-2162,20,210,0,-2254
-45,31,30,-2973,21,60,1,2971
7,21,-30,-3385,-149,102,0,-3528
-31,-50,-5,-3766,39,-248,1,-3662
14,-46,-40,-4084,-160,-209,0,-4027
3,-89,-53,-4280,-84,-213,0,-4190
22,-96,-87,-4448,-122,-154,0,-4515
9,-101,-103,-4528,-72,-88,0,-4535
7,-40,-74,-4552,-87,-25,0,-4579
12,11,-13,-4520,-179,235,0,-4600
-13,78,8,-4346,7,400,0,4390
-68,140,100,-3942,18,306,1,3821
-24,132,79,-3519,-8,341,0,-3123
-73,130,78,-3225,46,289,1,3344
-65,119,83,-2966,32,303,1,2813
-88,165,142,-2722,27,275,1,3030
-59,186,198,-2764,-11,204,1,-2633
-95,197,83,-4032,-3,194,1,-4021
-55,123,-33,-4817,-3,214,1,4714
-45,62,-2,-5614,26,181,1,-5459
-5,0,-56,-6231,-67,-6,0,-6177
-5,-31,-23,-6798,-58,-231,0,6748
37,-77,-56,-7212,-163,-194,1,-7190
22,-71,-37,-7389,-145,-204,0,-7410
39,-108,-108,-7395,-127,-122,1,-7362
3,-71,-59,-7258,-78,-95,0,-7224
14,-33,-73,-6991,-101,14,0,6976
-23,46,-10,-6715,57,353,0,-6994
-48,91,28,-6351,77,343,0,6590
-39,158,57,-5835,-24,374,1,-5930
-61,165,98,-5600,16,306,1,5125
-72,166,100,-5340,13,322,1,5394
-60,156,104,-5262,9,299,1,5475
-65,183,162,-5199,-10,253,1,-5357
-54,202,202,-5251,-10,183,1,-5131
-65,224,188,-5447,-19,184,1,-5620
-98,234,93,-5911,29,205,1,5907
-76,199,12,-6629,-15,240,1,-6554
-70,81,-6,-7503,76,162,1,-7603
-35,60,-35,-8410,-5,165,1,8263
-21,-43,-70,-9144,-49,-157,0,9058
11,-49,-28,-9719,-158,-233,0,-9634
33,-65,-44,-10162,-178,-196,1,-10123
29,-79,-57,-10397,-147,-178,1,-10456
38,-84,-75,-10491,-148,-135,1,-10452
14,-90,-87,-10420,-83,-95,0,-10429
13,-49,-53,-10243,-101,-59,0,-10328
-4,1,-32,-9955,-6,122,0,9858
-46,59,24,-9564,88,280,1,9238
-20,117,46,-9132,-16,375,0,-8858
-81,142,106,-8822,31,297,1,9204
-39,142,77,-8544,4,344,1,8421
-68,126,53,-8363,53,331,1,8671
-69,166,119,-8163,9,311,1,7754
-63,208,194,-8036,-9,241,1,-8118
-80,184,181,-8172,12,161,1,7943
-96,193,152,-8508,15,153,1,8616
-104,185,84,-9195,44,181,1,9210
-98,156,44,-10204,33,212,1,10236
-72,83,40,-11231,42,146,1,11097
-38,74,-1,-12287,7,215,1,-12099
-20,-4,-23,-13245,60,-68,0,-13256
21,-12,-39,-14006,-210,-65,0,-13855
34,-68,-76,-14576,-153,-139,1,-14549
51,-74,-73,-14894,-194,-123,1,-15016
49,-83,-68,-14975,-163,-125,1,-14980
32,-68,-51,-14861,-155,-117,1,-15025
27,-45,-43,-14547,-147,-55,1,-14441
-1,-1,-15,-14134,-10,91,0,-14188
-52,45,29,-13542,120,235,1,13430
-31,94,23,-12960,31,401,0,13124
-73,147,83,-12369,22,320,1,12685
-46,142,69,-11947,7,324,1,12044
-78,155,74,-11649,45,330,1,11384
-65,160,99,-11368,2,312,1,11741
-61,187,140,-11159,-11,272,1,-10885
-55,168,141,-11261,-5,216,1,-11057
-67,174,140,-11506,7,156,1,11273
-88,176,125,-11882,25,161,1,11848
-89,197,76,-12429,8,201,1,12447
-82,124,45,-13166,27,177,1,13252
-60,102,27,-13955,15,192,0,13833
-40,49,11,-14788,44,163,1,14674
-18,23,-3,-15556,63,199,0,-15422
1,-26,-37,-16368,-107,-170,0,-16147
26,-60,-64,-16914,-164,-180,1,-16925
46,-84,-75,-17259,-179,-156,1,-17272
44,-88,-83,-17392,-148,-124,1,-17198
38,-74,-46,-17288,-183,-121,1,-17161
33,-55,-66,-16976,-128,-43,1,-16976
-29,-18,-15,-16590,144,-32,1,-16451
-10,22,0,-16080,71,391,0,16146
-47,85,18,-15471,75,344,1,15639
-93,127,76,-14925,81,295,1,15190
-54,155,94,-14271,4,329,1,13824
-67,132,64,-13972,44,324,1,14206
-77,148,76,-13790,30,301,1,13433
-72,188,142,-13421,2,280,1,13568
-60,177,161,-13404,-8,198,1,-13491
-83,174,158,-13589,16,184,1,13789
-91,189,128,-13888,7,166,1,14074
-103,164,80,-14448,44,171,1,14457
-96,158,43,-15073,8,190,1,15039
-61,67,30,-15826,44,142,1,15633
-41,72,13,-16543,4,202,1,16446
-16,-21,-31,-17259,10,-182,0,-17363
-6,-17,-34,-17893,-80,-129,0,17693
43,-73,-94,-18303,-164,-151,1,-18295
22,-77,-74,-18531,-124,-137,0,-18561
41,-73,-74,-18592,-158,-95,1,-18552
9,-60,-48,-18541,-69,-102,0,-18515
3,-33,-16,-18360,-76,-143,0,-18269
-22,21,5,-18070,142,258,0,18206
-70,48,39,-17659,153,233,1,17627
-49,113,58,-17212,18,333,1,16924
-52,97,34,-16987,53,315,0,17190
-65,163,50,-16689,33,362,1,16553
-93,166,63,-16521,62,332,1,16700
-77,193,129,-16306,-7,310,1,-16015
-66,205,148,-16264,-1,252,1,-16225
-56,177,139,-16431,-18,198,1,-16632
-58,168,120,-16582,0,179,1,16540
-89,175,89,-16841,19,182,1,16832
-93,159,65,-17189,30,183,1,17164
-95,121,48,-17734,47,160,1,17886
-68,98,35,-18329,28,173,0,18217
-56,18,7,-19111,179,12,1,19000
-20,25,8,-19776,48,185,0,19894
1,-38,-23,-20356,-91,-266,0,-20193
11,-44,-36,-20818,-143,-211,0,-20749
36,-93,-82,-21123,-140,-181,1,-21144
31,-88,-79,-21243,-137,-141,1,-21244
26,-83,-68,-21171,-117,-117,1,-21179
5,-49,-36,-20938,-87,-107,0,-20962
-10,-23,-3,-20592,43,-149,0,-20688
-14,35,16,-20117,17,343,0,20462
-38,60,46,-19675,57,289,1,19958
-42,111,53,-19214,17,344,1,18996
-55,116,44,-18865,49,343,1,18619
-94,166,60,-18511,44,311,1,18833
-86,171,109,-18217,23,335,1,18144
-73,175,146,-18118,-5,265,1,-18367
-61,159,144,-18191,7,223,1,18406
-65,151,138,-18345,10,187,1,18247
-91,160,144,-18551,20,161,1,18602
-84,164,118,-18895,12,159,1,18911
-102,179,97,-19346,9,172,1,19328
-83,113,45,-20026,32,140,1,20120
-74,110,45,-20680,21,197,1,20510
-38,29,3,-21386,103,114,1,21412
-21,25,-4,-22028,47,162,0,-22155
5,-23,-46,-22519,-112,-139,0,-22320
12,-51,-60,-22872,-132,-151,0,-22854
40,-74,-96,-23039,-156,-135,1,-23007
18,-98,-97,-23075,-81,-117,0,-23064
24,-67,-64,-22974,-134,-105,0,-22840
9,-56,-56,-22758,-68,-69,0,-22762
-19,8,-14,-22398,155,183,0,-22341
-49,42,13,-21920,138,245,1,22004
-28,110,30,-21407,0,386,1,21108
-71,132,63,-20944,58,326,1,20557
-66,163,77,-20460,22,341,1,19972
-86,134,48,-20179,61,301,1,20258
-84,164,89,-19870,28,318,1,19474
-82,185,134,-19797,7,278,1,19496
-55,176,146,-19815,-11,216,1,-19876
-70,151,121,-20096,12,204,1,19991
-75,163,115,-20305,9,167,1,20327
-110,162,107,-20791,43,126,1,20932
-103,179,61,-21296,8,190,1,21362
-79,140,60,-22017,0,184,1,22085
-59,115,9,-22816,8,214,1,22914
-41,24,-20,-23695,120,101,1,-23732
28,-67,-67,-25474,-202,-153,1,-25552
56,-88,-79,-25554,-171,-117,1,-25390
24,-68,-48,-25452,-129,-140,0,-25367
22,-62,-53,-25185,-102,-82,0,-25162
-15,-7,-15,-24748,115,12,0,24784
-53,21,19,-24139,195,192,1,24184
-26,89,17,-23500,13,391,1,23059
-73,141,57,-22859,53,336,1,22736
-76,162,73,-22359,22,314,1,22233
-76,160,76,-22088,31,333,1,22449
-65,161,95,-21917,-3,306,1,-21522
-58,172,114,-21904,-5,270,1,-21602
-51,163,124,-21899,-15,235,1,-21890
-49,154,134,-22049,-4,189,1,-22194
-79,153,112,-22213,34,132,1,22214
-95,159,106,-22583,28,183,1,22581
-93,145,59,-23083,40,176,1,23111
-85,133,75,-23611,14,189,1,23568
-52,86,11,-24192,27,198,1,24271
-55,42,33,-24835,70,97,1,24859
-22,22,-16,-25366,65,148,0,-25551
-33,-40,-28,-26026,34,-208,1,-25948
17,-41,-43,-26491,-192,-179,0,-26471
28,-84,-71,-26825,-129,-170,1,-26860
43,-83,-73,-27053,-185,-149,1,-27059
57,-103,-81,-27128,-153,-138,1,-27115
37,-82,-79,-27013,-142,-93,1,-26989
27,-55,-56,-26736,-123,-55,1,-26683
-2,1,-27,-26324,-24,100,0,26296
-35,48,19,-25758,97,310,1,26056
-57,97,27,-25272,75,337,0,25581
-77,118,58,-24874,54,311,1,24619
-59,145,77,-24354,26,334,1,24208
-74,151,70,-24072,46,333,1,24575
-89,164,94,-23721,27,315,1,23849
-58,154,92,-23519,-6,302,1,-23050
-53,160,119,-23418,-14,263,1,-23188
-45,169,135,-23470,-16,220,1,-23424
-51,165,130,-23649,-15,192,1,-23737
-73,179,104,-23785,13,183,1,23746
-86,163,84,-24240,18,179,1,24239
-54,175,54,-24748,-15,256,1,-24843
-76,74,24,-25537,100,137,1,25399
-61,84,23,-26318,38,200,1,26207
-27,-11,-30,-27076,65,-99,1,-27119
-31,-12,-11,-27784,132,-108,1,-27765
30,-81,-77,-28354,-152,-191,1,-28394
-7,-69,-36,-28732,-92,-218,0,28890
56,-79,-65,-28945,-215,-136,1,-29045
43,-94,-70,-29046,-121,-129,1,-29118
-22,11,5,-28244,204,213,0,28243
-56,35,26,-27807,145,229,1,27879
-20,111,38,-27410,-7,384,0,-27344
-81,137,44,-26986,59,310,1,26770
-56,174,51,-26504,5,374,1,26205
-77,181,70,-26106,23,349,1,25615
-53,202,149,-25831,-31,293,1,-26038
-64,186,158,-25837,-3,220,1,-25643
-53,165,143,-26049,-10,195,1,-25880
-90,165,134,-26338,17,149,1,26140
-74,179,95,-26670,0,189,1,26678
-84,161,73,-27284,15,161,1,27269
-65,120,29,-28009,20,227,1,28089
-34,68,12,-28741,6,212,1,28924
-7,14,-22,-29462,-16,90,0,29535
-16,-21,-13,-30027,42,-178,0,-30149
12,-43,-22,-30398,-139,-253,0,-30459
-2,-83,-29,-30681,-82,-263,0,30402
34,-106,-44,-30859,-168,-219,1,-30869
20,-106,-25,-30913,-118,-232,0,-30774
22,-95,-28,-30813,-130,-202,0,-30790
0,-65,-31,-30652,-56,-151,0,-30535
-5,-15,-11,-30300,-11,-93,0,30223
-20,22,-11,-29963,107,286,0,-29811
-39,80,34,-29544,37,315,1,29230
-72,115,50,-29166,59,342,1,28805
-33,170,79,-28838,-33,362,1,-28970
-72,168,68,-28614,30,346,1,28201
-77,170,77,-28474,25,313,1,28337
-64,161,106,-28386,8,288,1,28478
-51,182,148,-28278,-15,246,1,-28319
-69,181,133,-28392,10,187,1,28193
-80,169,94,-28755,17,205,1,28725
-87,150,60,-29334,39,184,1,29429
-81,128,54,-29966,21,175,1,30034
-77,103,85,-30565,17,158,0,30615
-52,109,38,-31069,-1,201,0,-31216
-41,-3,0,-31807,253,-52,1,31961
-18,5,8,-32487,139,29,0,32366
-4,-36,14,-33036,-67,-287,0,-32892
9,-42,-4,-33457,-139,-306,0,-33579
18,-93,-43,-33806,-115,-233,0,-34034
34,-84,-44,-33969,-186,-197,1,-33941
42,-110,-69,-33993,-131,-166,1,-34032
11,-80,-28,-33823,-101,-191,0,-33946
14,-76,-44,-33563,-74,-111,0,-33618
-22,-20,4,-33152,136,-53,0,33219
-28,-1,8,-32751,232,73,1,-32608
-24,68,36,-32213,0,339,0,31986
-48,106,47,-31751,44,339,0,32017
-55,145,54,-31330,15,356,1,31640
-65,157,71,-30947,21,343,1,31033
-61,150,78,-30672,-4,329,1,-30307
-56,166,99,-30609,7,299,1,30285
-47,170,123,-30654,-21,257,1,-30293
-38,161,122,-30771,-16,215,1,-30744
-57,154,109,-31016,5,184,1,31062
-69,142,80,-31393,26,203,1,31464
-77,134,58,-31899,37,181,1,31993
-83,92,57,-32539,57,109,0,32635
-62,79,49,-33199,50,145,1,33101
-79,37,57,-33963,100,73,1,34006
-28,47,35,-34569,-12,149,1,-34691
-28,-33,5,-35217,87,-203,1,35120
-20,-29,1,-35794,14,-251,0,35625
19,-81,-56,-36200,-131,-231,0,-36214
0,-83,-51,-36484,-116,-222,0,-36432
46,-97,-77,-36652,-161,-155,1,-36625
8,-89,-60,-36678,-77,-161,0,-36801
8,-78,-55,-36589,-79,-130,0,-36435
-13,-42,-27,-36393,2,-108,0,-36477
-8,-5,-13,-36163,68,9,0,36098
-36,54,15,-35754,79,327,1,35512
-38,102,25,-35291,42,396,0,34852
-48,153,36,-34837,23,383,1,35309
-70,176,101,-34255,5,330,1,33810
-52,176,90,-33709,-6,324,1,-33336
-73,168,89,-33335,35,307,1,33692
-74,141,59,-33172,25,291,1,32853
-37,169,103,-33046,-29,284,1,-33021
-48,153,92,-33134,-6,241,1,-33137
-41,158,90,-33331,-16,246,1,-33317
-74,165,86,-33647,26,194,1,33551
-76,171,69,-34112,10,201,1,34138
-85,153,65,-34767,21,185,1,34797
-69,148,41,-35405,6,236,1,35420
-54,71,36,-36264,22,156,1,36216
-32,71,18,-37025,3,215,1,36925
-28,-28,-33,-37966,46,-167,1,-38119
-5,-9,-24,-38866,-83,-114,0,38891
42,-83,-96,-39458,-155,-148,1,-39437
24,-73,-68,-39790,-160,-154,0,-39803
55,-82,-80,-39924,-175,-117,1,-39684
24,-82,-53,-39930,-115,-152,0,-39780
37,-81,-52,-39766,-152,-134,1,-39683
15,-49,-30,-39467,-101,-110,0,-39428
-10,-23,0,-38980,68,-152,0,39053
-25,45,18,-38211,56,310,1,37992
-60,92,63,-37444,39,295,0,37657
-41,131,71,-36770,-12,341,1,-36369
-38,131,87,-36430,-13,302,1,-36766
-44,116,72,-36229,0,302,1,36030
-34,139,76,-35927,-8,331,1,-36352
-46,136,76,-35788,-13,305,1,-35357
-33,159,91,-35699,-7,294,1,-35510
-58,150,90,-35812,9,246,1,35818
-59,156,98,-35992,3,220,1,35983
-65,156,90,-36241,6,215,1,36292
-60,159,72,-36719,1,203,1,36683
-66,140,59,-37270,16,195,1,37299
-63,101,52,-37920,18,170,0,38090
-48,79,52,-38511,15,156,1,38570
-47,28,29,-39236,105,72,1,39246
-27,18,24,-39990,85,97,1,39954
-12,-48,-17,-40736,-43,-324,0,40512
-5,-46,-19,-41316,-83,-282,0,40977
32,-78,-58,-41798,-159,-205,1,-41793
21,-88,-57,-42141,-131,-190,0,-42204
53,-96,-55,-42350,-180,-172,1,-42283
29,-97,-50,-42398,-122,-189,1,-42264
42,-98,-56,-42300,-161,-146,1,-42358
26,-68,-40,-42045,-115,-102,1,-42071
-6,-43,-8,-41642,-6,-195,0,41540
-20,-12,0,-41063,204,-14,0,41149
-44,40,31,-40457,96,233,1,40606
-32,54,31,-39853,52,309,1,39576
-57,124,61,-39135,42,333,1,39363
-65,127,74,-38680,35,296,1,38506
-75,131,58,-38194,52,340,1,38049
-67,140,71,-37821,28,318,1,37396
-81,154,97,-37525,30,290,1,37632
-89,182,139,-37267,23,239,1,37132
-87,169,128,-37471,23,195,1,37622
-91,170,116,-37815,15,193,1,37887
-80,157,72,-38376,25,187,1,38364
-106,136,67,-39119,33,155,1,39125
-72,112,46,-39747,7,176,1,39919
-74,94,63,-40353,6,141,0,40193
-31,67,0,-40858,-12,226,1,-40751
-24,0,3,-41488,242,-28,0,-41713
5,-24,-19,-42044,-156,-233,0,-42059
3,-46,-31,-42490,-101,-250,0,-42327
36,-72,-56,-42915,-186,-191,1,-42995
37,-94,-66,-43234,-152,-180,1,-43264
62,-96,-78,-43349,-187,-136,1,-43335
34,-91,-67,-43287,-122,-148,1,-43462
34,-88,-76,-43126,-126,-107,1,-43104
8,-55,-38,-42905,-63,-115,0,-42958
0,-33,-29,-42506,-51,-85,0,-42578
-9,3,-7,-42016,154,145,0,-42012
-38,58,16,-41435,99,328,1,41213
-48,93,40,-40761,49,332,0,40477
-68,138,34,-40153,47,331,1,40276
-61,151,58,-39524,3,352,1,39826
-60,178,64,-39023,14,363,1,39361
-80,189,111,-38616,11,313,1,38779
-62,177,107,-38416,0,281,1,38898
-69,177,123,-38487,3,242,1,38442
-67,170,115,-38687,-4,208,1,-38742
-69,165,91,-39063,9,192,1,39142
-82,147,58,-39609,24,186,1,39649
-68,130,53,-40199,16,216,1,40249
-64,94,47,-40892,29,164,0,40782
-55,73,31,-41634,42,162,1,41546
-24,16,1,-42450,128,126,0,42283
0,-18,-3,-43147,-75,-341,0,-43398
-4,-47,10,-43673,-79,-311,0,-43974
7,-57,15,-44001,-123,-294,0,43661
20,-94,-1,-44557,-120,-283,0,-44843
23,-90,-39,-44570,-128,-218,0,-44758
21,-94,-52,-44446,-104,-159,0,-44318
8,-36,-45,-44157,-81,-43,0,-44036
-15,7,-22,-43717,96,175,0,-43542
-29,75,2,-43061,31,383,1,43266
-22,133,31,-42281,-20,405,0,-42020
-77,178,78,-41617,31,319,1,41731
-75,156,81,-41116,36,328,1,41331
-85,173,94,-40690,27,305,1,40831
-72,159,90,-40544,21,277,1,40926
-62,133,65,-40582,21,275,1,40825
-50,125,71,-40573,4,262,1,40822
-47,127,76,-40645,-7,250,1,-40487
-55,147,89,-40725,0,229,1,40718
-67,159,90,-40945,2,201,1,40895
-71,165,89,-41288,0,187,1,41285
-68,166,67,-41669,-8,205,1,-41644
-58,114,32,-42280,8,204,1,42379
-38,70,17,-42988,27,203,1,42826
-51,14,25,-43706,141,24,1,43530
-14,0,1,-44302,245,-7,0,-44529
-15,-52,-9,-44903,-10,-285,0,44612
8,-53,-17,-45389,-148,-294,0,-45269
23,-83,-46,-45751,-127,-229,0,-45639
30,-88,-56,-45967,-168,-190,1,-46058
43,-98,-60,-46041,-133,-160,1,-46002
24,-83,-48,-45954,-127,-163,0,-45883
-35,12,30,-44633,143,169,1,44621
-30,61,50,-43837,21,293,1,43549
-46,68,47,-43173,52,293,1,43504
-49,121,66,-42588,30,332,1,42753
-75,128,77,-42073,45,308,1,42437
-65,150,63,-41572,28,338,1,41927
-65,151,77,-41171,4,310,1,41337
-49,148,73,-40949,-3,299,1,-40500
-54,170,112,-40881,-5,269,1,-40534
-65,173,111,-40985,3,223,1,41029
-69,173,86,-41324,8,179,1,41324
-89,174,72,-41869,23,191,1,41881
-72,160,46,-42611,11,237,1,42590
-70,118,43,-43510,17,185,1,43334
-59,96,19,-44307,21,194,0,44430
-31,41,24,-45159,28,175,1,45305
-1,17,-20,-45895,-86,128,0,45971
-2,-50,-46,-46641,-75,-237,0,46729
23,-62,-60,-47227,-185,-180,0,-47203
52,-94,-90,-47665,-161,-140,1,-47657
29,-90,-61,-47807,-143,-155,1,-47826
53,-79,-64,-47689,-181,-96,1,-47845
23,-62,-27,-47453,-113,-141,0,-47507
9,-23,-29,-47042,-94,-38,0,-47033
-45,21,27,-46435,172,196,1,46379
-17,69,9,-45779,11,404,0,45843
-60,129,72,-45042,38,324,1,44642
-71,140,55,-44436,37,316,1,44148
-79,172,108,-43994,3,317,1,43626
-46,150,86,-43707,0,295,1,43891
-61,132,68,-43663,31,297,1,43847
-55,122,58,-43598,25,281,1,43832
-48,125,72,-43478,-18,275,1,-43215
-42,132,72,-43356,0,267,1,43190
-59,148,76,-43548,5,236,1,43539
-80,175,88,-43829,12,211,1,43856
-73,184,74,-44264,-3,232,1,-44213
-74,173,67,-44901,-17,205,1,-44830
-50,138,19,-45487,-25,239,1,-45555
-21,40,-16,-46197,2,190,0,-46330
-23,-2,-3,-46847,231,-60,0,-46646
0,-23,-11,-47396,-98,-268,0,-47192
9,-55,-12,-47815,-120,-315,0,-48062
10,-72,-32,-48070,-110,-241,0,-47881
12,-99,-40,-48292,-101,-245,0,-48249
23,-100,-49,-48330,-127,-191,0,-48208
8,-86,-32,-48174,-85,-195,0,-48380
2,-65,-23,-47962,-64,-169,0,-48025
-15,-8,12,-47630,142,15,0,-47756
-36,13,28,-47218,141,152,1,47189
-44,58,53,-46683,64,269,1,46896
-47,104,49,-46103,41,314,0,46448
-66,145,72,-45405,32,332,1,45227
-57,164,58,-44713,10,363,1,44908
-86,188,99,-44081,20,320,1,44525
-69,180,107,-43856,6,270,1,43743
-91,185,120,-43938,20,228,1,43977
-77,170,95,-44245,8,194,1,44196
-86,168,80,-44735,15,160,1,44735
-77,142,44,-45408,27,222,1,45431
-74,113,47,-46223,32,173,1,46103
-58,73,29,-47089,48,159,1,46897
-50,45,44,-47872,43,102,1,47745
-28,25,13,-48554,78,121,1,48530
-18,-36,-3,-49319,10,-279,0,-49545
11,-40,-26,-50005,-169,-264,0,-49869
15,-86,-47,-50571,-126,-224,0,-50527
51,-88,-49,-50865,-207,-168,1,-50831
51,-93,-38,-50965,-179,-175,1,-51010
37,-86,-36,-50903,-150,-172,1,-50873
22,-73,-17,-50724,-122,-192,0,-50858
8,-54,-24,-50407,-68,-154,0,-50197
-25,-11,8,-49962,205,40,0,-50133
-29,26,16,-49434,128,262,1,49290
-42,80,42,-48879,48,322,1,49100
-51,104,41,-48332,45,317,0,48554
-69,152,62,-47628,27,343,1,48038
-56,179,81,-47066,-13,354,1,-46690
-62,181,88,-46707,6,341,1,47090
-59,189,113,-46663,-2,285,1,-47024
-59,162,106,-46797,0,237,1,46800
-57,140,90,-47037,5,224,1,47028
-68,127,75,-47359,25,194,1,47185
-73,131,80,-47711,24,177,1,47727
-75,128,62,-48189,31,201,1,48157
-72,120,71,-48777,23,164,1,48704
-70,88,63,-49455,36,137,1,49570
-61,104,74,-49987,-22,153,0,-50131
-28,59,-10,-50553,6,216,1,-50573
-23,-12,-9,-51208,125,-113,0,-51230
2,-43,-30,-51692,-113,-255,0,-51539
1,-85,-64,-52043,-110,-212,0,-52125
37,-94,-75,-52283,-159,-168,1,-52275
30,-103,-69,-52473,-125,-169,1,-52244
32,-89,-72,-52417,-125,-114,1,-52466
6,-59,-13,-52250,-86,-223,0,-52385
5,-45,-21,-51995,-83,-169,0,-52192
-22,0,-5,-51683,273,111,0,-51344
-48,49,12,-51209,148,287,1,51602
-49,97,17,-50600,55,334,0,50332
-75,152,71,-49906,28,332,1,49975
-60,168,87,-49208,-1,340,1,-49573
-56,140,60,-48803,11,333,1,48992
-61,150,78,-48528,19,313,1,48194
-59,153,75,-48265,6,291,1,48454
-57,165,101,-48060,8,276,1,47708
-66,155,93,-48128,15,218,1,48046
-56,155,83,-48318,-5,224,1,-48294
-73,160,79,-48610,17,220,1,48520
-70,165,63,-49150,12,206,1,49123
-74,133,49,-49844,17,190,1,49890
-53,112,39,-50543,1,203,1,50628
-53,46,25,-51356,85,143,1,51265
-27,36,30,-52093,9,107,1,52029
-12,-6,-3,-52832,159,-141,0,-52803
-15,-23,-16,-53572,19,-218,0,-53661
27,-62,-40,-54135,-164,-240,1,-54073
6,-82,-47,-54606,-98,-236,0,-54717
43,-85,-64,-54971,-180,-178,1,-55036
44,-101,-76,-55247,-156,-161,1,-55286
54,-93,-71,-55302,-171,-132,1,-55300
46,-92,-74,-55162,-149,-107,1,-55225
38,-66,-55,-54770,-154,-75,1,-54641
7,-40,-34,-54154,-71,-85,0,-54169
-6,5,-11,-53369,67,174,0,-53406
-30,43,5,-52493,95,326,1,52261
-87,83,40,-51622,107,273,1,51441
-43,101,67,-50948,-15,339,0,-50769
-63,109,51,-50435,76,322,0,50286
-84,143,71,-49877,43,296,1,49999
-76,144,65,-49350,35,325,1,49466
-80,168,100,-48865,7,314,1,48989
-72,174,110,-48552,4,266,1,48173
-62,187,132,-48529,-13,241,1,-48493
-67,185,115,-48662,3,183,1,48682
-72,171,79,-49075,14,196,1,49112
-68,157,58,-49619,2,206,1,49657
-59,137,28,-50282,17,222,1,50186
-64,90,46,-51118,19,161,0,51030
-31,81,12,-51838,-1,234,1,-51928
-48,18,17,-52708,152,44,1,52600
0,18,-14,-53516,-94,175,0,-53733
-17,-48,-50,-54160,-23,-202,0,54108
21,-57,-75,-54693,-148,-137,0,-54747
35,-113,-114,-55099,-130,-149,1,-55055
53,-90,-82,-55289,-180,-121,1,-55054
44,-102,-68,-55317,-137,-142,1,-55321
30,-79,-56,-55089,-129,-116,1,-55208
9,-64,-32,-54721,-62,-116,0,-54694
4,-9,-17,-54223,-91,-2,0,-54156
-49,6,16,-53693,235,114,1,53504
-37,50,29,-52976,74,296,1,53125
-49,83,41,-52250,49,318,1,52575
-72,134,60,-51470,42,329,1,51344
-48,141,92,-50938,-18,324,1,-51026
-59,149,82,-50373,-4,324,1,-50558
-41,150,86,-49952,-17,316,1,-49881
-54,165,132,-49690,-13,254,1,-49917
-45,169,142,-49786,-12,209,1,-49836
-69,164,127,-50061,7,177,1,50086
-59,162,98,-50429,0,210,1,50391
-76,160,72,-50976,20,192,1,51051
-58,124,56,-51632,0,193,1,51472
-39,72,26,-52382,28,192,1,52278
-39,37,27,-53258,74,115,1,53291
-13,0,-4,-54185,194,-40,0,54080
-3,-33,-19,-54994,-62,-273,0,55246
13,-60,-35,-55764,-139,-247,0,-55738
40,-70,-52,-56347,-189,-189,1,-56392
41,-91,-63,-56689,-150,-184,1,-56605
53,-91,-67,-56838,-180,-148,1,-56844
56,-97,-67,-56825,-157,-131,1,-56832
40,-78,-51,-56565,-155,-113,1,-56395
9,-51,-16,-56132,-92,-191,0,-56209
-7,-16,-3,-55496,34,-164,0,-55376
-37,4,27,-54856,164,133,1,54878
-29,40,22,-54087,70,277,1,53812
-59,91,61,-53300,55,297,0,53619
-54,111,43,-52572,48,341,1,52300
-76,153,64,-51788,43,337,1,52128
-77,165,87,-51100,0,328,1,50798
-38,157,86,-50651,-25,319,1,-50193
-60,178,123,-50461,0,259,1,50414
-53,157,105,-50601,-9,233,1,-50571
-55,159,107,-50763,-8,223,1,-50772
-58,150,90,-50949,-2,186,1,-51018
-54,144,67,-51288,2,202,1,51322
-60,113,52,-51724,23,184,1,51929
-49,88,44,-52224,23,177,1,51998
-41,40,48,-52806,42,93,1,52737
-43,18,35,-53387,109,39,1,53464
-31,-5,35,-54091,69,-60,1,54030
-3,-34,-5,-54751,-63,-351,0,54427
35,-98,-64,-56100,-143,-185,1,-56172
39,-105,-67,-56224,-138,-168,1,-56256
26,-95,-32,-56174,-137,-202,1,-56181
33,-83,-42,-55987,-137,-149,1,-56056
-8,-53,-8,-55622,-20,-210,0,55729
-12,-38,-7,-55102,2,-168,0,-55219
-24,15,28,-54557,91,200,0,54665
-41,29,36,-54064,116,221,1,54164
-40,70,46,-53515,43,328,1,53285
-61,97,38,-52975,82,323,0,53126
-69,154,49,-52260,23,331,1,52627
-57,186,94,-51518,-18,346,1,-51370
-51,183,93,-51073,-7,324,1,-50714
-54,160,82,-50891,1,289,1,50990
-58,167,96,-50914,-3,261,1,-50972
-67,177,102,-51061,4,214,1,50992
-74,184,90,-51516,13,202,1,51540
-71,175,53,-52231,2,217,1,52226
-55,130,26,-53104,13,250,1,53045
-65,82,20,-54034,57,167,1,54154
-39,42,31,-54906,41,125,1,54845
-24,18,23,-55652,65,80,0,55650
-18,-8,21,-56445,59,-125,0,56378
5,-23,-10,-57148,-128,-288,0,-56900
-14,-73,-37,-57759,-44,-264,0,57553
24,-75,-44,-58153,-164,-211,0,-58147
27,-94,-71,-58382,-128,-186,1,-58569
20,-95,-57,-58452,-125,-200,0,-58521
34,-100,-78,-58440,-138,-145,1,-58450
18,-86,-62,-58274,-103,-130,0,-58175
20,-68,-53,-57947,-120,-92,0,-57880
-5,-20,-23,-57452,-5,-54,0,57433
-9,19,-7,-56732,49,345,0,-56557
-53,79,18,-55772,81,327,1,55463
-44,124,30,-54784,4,352,1,54481
-54,180,66,-53848,10,368,1,54253
-68,162,70,-53088,6,345,1,52900
-44,141,50,-52534,-9,354,1,-52425
-52,144,68,-52152,6,315,1,51822
-62,144,56,-51925,15,300,1,52065
-56,157,63,-51781,9,293,1,52222
-59,164,73,-51965,1,261,1,52012
-50,170,77,-52364,-4,230,1,-52412
-69,166,71,-52874,5,205,1,52967
-47,150,50,-53551,-11,251,1,-53591
-74,132,55,-54351,35,185,1,54317
-68,102,36,-55285,35,178,0,55142
-51,77,52,-56097,26,177,1,56259
-44,40,22,-56967,92,122,1,57014
-41,28,36,-57844,54,47,1,57849
-2,6,-28,-58686,-67,44,0,58701
-20,-58,-41,-59567,-35,-222,0,59473
34,-64,-60,-60204,-194,-176,1,-60257
37,-93,-80,-60569,-153,-159,1,-60588
49,-88,-79,-60706,-172,-131,1,-60708
44,-95,-65,-60705,-148,-143,1,-60685
28,-83,-61,-60511,-105,-107,1,-60462
6,-67,-22,-60155,-78,-181,0,-59985
4,-45,-15,-59632,-68,-173,0,-59429
-24,2,27,-58998,113,122,0,58994
-38,13,23,-58245,158,173,1,58251
-45,81,65,-57491,25,293,1,57745
-51,87,43,-56991,44,319,1,57280
-50,139,60,-56436,19,374,1,56723
-53,143,68,-56028,1,345,1,56191
-44,141,48,-55733,1,339,1,55411
-58,137,66,-55445,10,301,1,55618
-51,133,60,-55205,19,311,1,54792
-70,163,93,-55053,19,271,1,54952
-62,156,83,-55179,0,242,1,55177
-53,173,97,-55437,-14,226,1,-55449
-72,166,77,-55847,12,195,1,55878
-68,164,62,-56527,1,207,1,56538
-79,122,51,-57244,38,199,1,57214
-61,120,49,-57890,0,192,1,58007
-44,38,22,-58625,97,115,1,58634
-45,32,26,-59331,103,116,1,59332
-27,-30,15,-60093,63,-211,1,59994
-24,-14,22,-60704,71,-97,0,60726
0,-59,-8,-61318,-80,-349,0,-61098
-18,-60,-10,-61970,-40,-286,0,62218
50,-85,-41,-62508,-231,-212,1,-62548
45,-93,-47,-62884,-179,-200,1,-62859
67,-96,-49,-63080,-213,-167,1,-63035
56,-94,-71,-63031,-172,-142,1,-63025
1,-44,-18,-61938,-54,-160,0,-61795
-12,-1,9,-61315,160,86,0,-61301
-46,9,36,-60748,157,122,1,60847
-44,48,31,-60071,85,276,1,60384
-48,88,56,-59427,30,308,1,59716
-52,124,65,-58715,17,334,1,58376
-44,132,56,-58194,-10,332,1,-57985
-39,147,57,-57868,-9,345,1,-58326
-46,166,86,-57430,-13,333,1,-57803
-51,163,93,-57162,-9,293,1,-57004
-45,165,101,-57073,-10,258,1,-57109
-45,158,100,-57213,-18,224,1,-57177
-39,155,88,-57478,-17,212,1,-57512
-48,159,83,-57781,-15,200,1,-57747
-48,146,61,-58209,0,213,1,58166
-57,130,60,-58773,16,195,1,58818
-60,71,42,-59491,60,167,1,59564
-32,60,39,-60146,0,137,1,60031
-48,4,19,-60850,197,8,1,60743
-25,-4,23,-61610,64,-62,1,61659
4,-48,-27,-62137,-90,-274,0,-62404
-7,-70,-35,-62600,-91,-259,0,62908
44,-81,-75,-62981,-165,-157,1,-62986
23,-99,-67,-63253,-125,-179,0,-63472
43,-89,-58,-63289,-166,-155,1,-63311
25,-101,-55,-63211,-100,-171,1,-63084
13,-85,-38,-63004,-91,-177,0,-63120
-21,-5,11,-61815,171,34,0,-61927
-36,36,21,-61243,108,271,1,61000
-31,87,41,-60461,-6,324,1,-60687
-47,134,24,-59538,-13,383,1,-59730
-15,164,46,-58876,-71,403,0,-58537
-25,174,65,-58471,-52,381,0,-58846
-21,172,72,-58247,-40,353,0,-57907
-18,167,83,-58231,-45,324,0,-58106
-42,155,80,-58247,2,284,1,57977
-27,153,78,-58412,-36,271,1,-58826
-31,162,85,-58651,-25,239,1,-58632
-42,173,84,-59064,-18,220,1,-59050
-48,164,68,-59533,-2,217,1,-59545
-54,158,64,-60140,-4,239,1,-60144
-66,117,56,-60841,26,203,1,60790
-44,120,60,-61499,-44,172,1,-61650
-30,33,11,-62180,78,147,1,61962
-35,40,23,-62748,59,165,1,62875
-3,-6,-47,-63351,-65,-65,0,63325
-20,-51,-40,-64009,-19,-214,0,64203
34,-81,-72,-64581,-157,-174,1,-64580
13,-96,-56,-64968,-104,-210,0,-64791
49,-100,-58,-65182,-185,-177,1,-65278
40,-98,-36,-65278,-154,-198,1,-65225
54,-104,-77,-65268,-154,-139,1,-65279
30,-83,-72,-65071,-115,-93,1,-65033
19,-42,-57,-64680,-108,-30,0,-64722
-20,4,-9,-64081,212,151,0,-64015
-21,44,-9,-63308,59,356,0,-63015
-44,104,31,-62465,27,358,0,62755
-46,125,26,-61798,19,378,1,61509
-52,175,83,-61191,-19,352,1,-61113
-57,153,64,-60805,17,347,1,60460
-40,160,87,-60494,-33,322,1,-60925
-35,138,54,-60312,-12,323,1,-59971
-50,164,93,-60157,-12,280,1,-60197
-40,149,90,-60150,-19,261,1,-60170
-48,157,97,-60271,-7,230,1,-60255
-46,151,84,-60471,-11,212,1,-60422
-54,153,78,-60781,3,198,1,60744
-59,128,61,-61270,16,190,1,61311
-59,103,51,-61835,29,201,0,61746
-53,71,74,-62455,8,92,1,62360
-49,62,61,-63017,28,119,1,63091
-31,34,46,-63678,28,116,1,63684
-17,-3,4,-64435,216,-73,0,64310
-24,-32,2,-65217,53,-217,0,65061
15,-60,-22,-65819,-157,-279,0,-65716
25,-78,-32,-66231,-165,-241,1,-66219
49,-87,-46,-66511,-193,-189,1,-66556
51,-100,-59,-66618,-167,-178,1,-66632
19,-100,-31,-66560,-104,-227,0,-66327
33,-101,-39,-66403,-151,-192,1,-66348
17,-94,-46,-66203,-86,-166,0,-66058
15,-69,-54,-65851,-103,-115,0,-65875
-33,-10,17,-65330,182,44,1,-65425
-15,23,0,-64730,88,358,0,65020
-56,84,53,-64108,44,277,1,64263
-23,112,45,-63479,-22,371,0,-63194
-47,141,88,-62970,-14,328,1,-62533
-31,129,57,-62606,-19,362,1,-62801
-44,148,74,-62375,5,343,1,61954
-51,138,71,-62178,1,312,1,62244
-40,157,86,-61990,-7,303,1,-62436
-48,162,101,-61987,-9,257,1,-62401
-44,154,95,-62116,-15,241,1,-62130
-51,142,84,-62367,0,211,1,62374
-63,152,91,-62637,6,188,1,62696
-71,151,95,-63049,-4,172,1,-63083
-49,156,65,-63503,-10,215,1,-63551
-67,90,53,-64354,41,150,0,64497
-35,84,33,-65144,-3,230,1,-65224
-27,18,0,-66147,144,103,1,66206
1,-15,-16,-67168,-121,-211,0,-67320
-2,-27,-7,-67879,-64,-329,0,67662
41,-71,-56,-68458,-197,-195,1,-68405
23,-79,-49,-68822,-136,-198,0,-68861
61,-100,-74,-69065,-205,-151,1,-68999
54,-91,-59,-69131,-174,-139,1,-69241
50,-91,-50,-69066,-167,-146,1,-69029
38,-80,-31,-68836,-154,-162,1,-68784
14,-64,-27,-68478,-82,-169,0,-68526
-8,-45,1,-67964,-7,-205,0,-67994
-17,-8,8,-67365,211,43,0,-67522
-35,17,28,-66673,114,192,1,66798
-37,73,17,-66023,69,351,1,65667
-49,113,52,-65371,-1,339,1,-65152
-44,136,36,-64711,11,378,1,64819
-39,177,59,-64210,-8,382,1,-64264
-71,183,76,-63732,18,348,1,63747
-40,175,82,-63370,12,357,1,63033
-81,191,118,-63254,40,265,1,63150
-72,177,98,-63594,20,229,1,63503
-77,163,76,-64006,17,207,1,64123
-73,141,44,-64516,25,199,1,64567
-75,127,45,-65147,27,187,1,65217
-70,104,50,-65818,31,166,0,65981
-76,113,78,-66484,19,149,1,66370
-52,84,50,-67232,22,187,1,67172
-50,54,56,-68088,39,109,1,67969
-35,38,39,-68992,23,109,1,68901
-15,-15,5,-69917,78,-204,0,70046
18,-26,-14,-70767,-234,-229,0,-70760
39,-75,-79,-71329,-169,-175,1,-71303
54,-84,-88,-71631,-201,-146,1,-71591
60,-96,-76,-71693,-186,-135,1,-71705
42,-83,-52,-71577,-158,-145,1,-71646
32,-89,-60,-71327,-127,-131,1,-71203
13,-64,-39,-70912,-82,-117,0,-70861
-12,-26,-9,-70327,43,-149,0,-70162
-28,8,3,-69647,248,177,1,69716
-75,60,44,-68854,160,271,1,68867
-64,71,45,-68125,83,277,1,68364
-68,114,75,-67377,49,302,1,67158
-72,121,69,-66874,31,302,1,66672
-49,118,53,-66480,24,342,1,66193
-71,127,71,-66161,39,300,1,66310
-68,134,71,-65856,21,284,1,65719
-74,156,87,-65567,33,291,1,65949
-74,171,102,-65495,3,240,1,65442
-62,165,94,-65671,-2,219,1,-65690
-63,158,78,-65950,2,195,1,65969
-75,142,65,-66386,23,210,1,66322
-64,128,47,-66894,16,198,1,66824
-78,85,54,-67553,60,131,1,67442
-47,72,42,-68273,9,135,1,68209
-59,24,58,-68937,75,31,1,68871
-31,24,33,-69617,43,78,1,69553
-29,-35,6,-70294,70,-232,1,70159
0,-35,-10,-70848,-103,-302,0,-71134
20,-86,-58,-71304,-115,-227,0,-71278
15,-81,-45,-71629,-158,-215,0,-71671
57,-95,-58,-71852,-182,-169,1,-71916
25,-90,-35,-71935,-134,-214,1,-71888
45,-96,-61,-71865,-147,-154,1,-71935
14,-88,-53,-71668,-83,-146,0,-71520
17,-65,-38,-71309,-116,-141,0,-71174
-3,-16,-6,-70785,0,-160,0,-70678
-27,7,10,-70199,226,166,1,70246
-53,69,44,-69533,69,265,1,69262
-54,80,50,-68950,61,298,1,68630
-74,136,86,-68400,33,309,1,68271
-53,125,80,-67970,13,318,1,67752
-65,139,76,-67573,24,296,1,67136
-53,127,76,-67285,9,287,1,67526
-69,126,70,-67003,44,277,1,66812
-60,139,93,-66879,1,259,1,66770
-65,151,107,-66867,13,224,1,66912
-67,148,96,-67065,8,219,1,66974
-67,150,96,-67356,5,184,1,67345
-65,139,72,-67808,15,185,1,67817
-78,126,73,-68395,21,164,1,68578
-58,90,41,-69168,45,172,0,69350
-73,80,79,-69963,28,112,1,70002
-25,32,26,-70818,46,131,1,70701
-46,18,52,-71606,37,29,1,71557
8,5,-15,-72228,-193,58,0,-72409
-31,-49,-24,-72826,19,-222,1,-72846
36,-51,-60,-73342,-202,-161,1,-73275
26,-99,-86,-73652,-122,-170,1,-73550
50,-94,-79,-73760,-179,-141,1,-73732
48,-103,-68,-73733,-146,-142,1,-73743
25,-84,-47,-73546,-124,-166,1,-73713
19,-71,-34,-73243,-116,-164,0,-73405
3,-28,-12,-72736,-85,-177,0,-72939
-24,-15,12,-72149,162,-11,0,72043
-20,35,18,-71437,80,340,0,71208
-72,56,42,-70637,135,246,1,70603
-55,92,41,-69792,54,321,0,70057
-85,139,90,-69029,39,280,1,68637
-74,127,59,-68362,29,315,1,68129
-66,148,62,-67868,38,343,1,67714
-90,149,81,-67382,31,294,1,67218
-63,147,84,-67059,17,297,1,66608
-73,161,107,-66978,8,247,1,67039
-61,162,103,-67093,0,220,1,67122
-79,163,87,-67483,25,192,1,67578
-79,154,64,-68105,23,216,1,68176
-75,144,47,-68861,27,198,1,68823
-77,95,32,-69774,55,159,0,69652
-53,81,41,-70593,21,166,1,70460
-56,24,31,-71494,123,48,1,71485
-32,28,28,-72422,49,101,1,72365
-11,-19,-20,-73354,0,-196,0,-73284
-3,-63,-20,-74395,-104,-298,0,74745
37,-67,-15,-75015,-233,-228,1,-75112
48,-87,-41,-75335,-201,-199,1,-75270
34,-93,-45,-75475,-151,-198,1,-75473
54,-94,-57,-75555,-188,-158,1,-75605
52,-88,-57,-75491,-164,-134,1,-75421
23,-74,-34,-75286,-122,-171,0,-75452
24,-62,-26,-74928,-124,-150,0,-74880
-14,-29,0,-74458,71,-156,0,74262
-25,-9,16,-73887,179,34,1,-73741
-45,21,23,-73201,176,202,1,73127
-71,51,59,-72392,131,224,1,72425
-75,77,54,-71505,100,268,1,71178
-76,129,71,-70441,40,313,1,70327
-92,157,62,-69384,50,328,1,69254
-60,145,61,-68745,-2,340,1,-68938
-69,143,60,-68332,23,306,1,68410
-57,155,92,-67923,-9,295,1,-67714
-61,161,106,-67788,1,250,1,67780
-60,168,97,-67995,3,219,1,68019
-68,161,77,-68459,15,201,1,68352
-75,159,64,-69054,21,223,1,69089
-71,160,66,-69755,3,200,1,69654
-86,118,53,-70633,53,163,1,70507
-69,129,55,-71576,-3,187,1,-71648
-26,50,-11,-72636,30,232,1,-72560
-41,29,-6,-73731,116,133,1,-73921
11,-31,-58,-74703,-111,-145,0,-74527
-14,-60,-40,-75453,-62,-203,0,75352
49,-73,-61,-75990,-212,-160,1,-76000
29,-81,-42,-76303,-148,-203,1,-76337
44,-83,-56,-76511,-170,-163,1,-76448
40,-93,-56,-76527,-156,-163,1,-76440
39,-87,-51,-76377,-151,-147,1,-76317
17,-88,-49,-76073,-87,-149,0,-76191
8,-59,-21,-75627,-90,-166,0,-75699
-14,-32,-3,-75045,58,-152,0,-75164
-30,4,26,-74365,148,155,1,74355
-52,22,17,-73631,192,176,1,73689
-64,87,52,-72733,50,295,1,73046
-59,107,54,-72013,36,321,0,71756
-52,146,89,-71320,-23,306,1,-71497
-50,157,86,-70801,7,338,1,70972
-38,136,79,-70392,-22,316,1,-70464
-31,135,74,-70157,-23,311,1,-70654
-37,128,76,-70074,-9,269,1,-69720
-45,134,77,-70168,1,256,1,70642
-61,160,102,-70269,2,218,1,70237
-57,168,100,-70554,-7,219,1,-70580
-65,164,75,-71041,11,225,1,71110
-71,137,61,-71753,15,187,1,71693
-59,100,47,-72650,28,176,0,72470
-52,68,54,-73534,26,133,1,73696
-26,31,22,-74430,47,134,1,74247
0,-15,-10,-75308,-61,-232,0,-75510
-20,-45,5,-75979,17,-279,0,76277
20,-68,-23,-76471,-156,-258,0,-76656
14,-79,-12,-76798,-125,-288,0,-76504
24,-92,-10,-77036,-144,-272,0,-77092
35,-91,-14,-77163,-167,-234,1,-77139
30,-104,-32,-77167,-134,-228,1,-77166
19,-100,-22,-77085,-129,-245,0,-77072
41,-94,-38,-76922,-161,-170,1,-76835
-6,-73,-10,-76602,-41,-234,0,76734
8,-56,-14,-76126,-77,-179,0,-76180
-40,-6,16,-75472,220,76,1,-75375
-36,4,18,-74793,204,134,1,74836
-55,51,26,-73988,126,270,1,73839
-75,86,28,-73140,95,276,1,72955
-66,139,53,-72171,20,343,1,71765
-67,157,54,-71393,17,354,1,71545
-76,159,84,-69986,29,278,1,69865
-72,165,90,-69974,5,249,1,69906
-63,161,82,-70226,6,231,1,70270
-68,157,74,-70621,11,206,1,70542
-76,140,49,-71219,37,219,1,71225
-84,145,58,-71973,31,185,1,72057
-84,108,39,-72934,64,162,0,72733
-73,91,45,-73936,51,177,0,73841
-69,33,43,-74911,117,54,1,74896
-46,52,49,-75845,34,142,1,75971
-5,-29,-32,-76796,-36,-199,0,76571
-34,-30,-13,-77692,63,-170,1,-77791
34,-54,-42,-78435,-228,-218,1,-78438
20,-73,-38,-78987,-149,-233,0,-78990
41,-69,-44,-79425,-197,-190,1,-79485
53,-89,-65,-79697,-183,-156,1,-79700
55,-88,-72,-79694,-177,-135,1,-79712
41,-97,-72,-79427,-140,-122,1,-79550
27,-63,-47,-78915,-144,-98,1,-79013
-3,-54,-12,-78269,-35,-195,0,78178
-8,-5,4,-77454,133,-2,0,77324
-32,20,19,-76649,134,226,1,76567
-69,60,55,-75832,107,245,1,76005
-77,90,88,-74996,41,260,0,75154
-61,107,102,-74460,35,272,0,74715
-69,87,88,-74294,55,230,1,74412
-67,82,75,-74047,43,234,1,74151
-50,97,86,-73759,9,255,0,73964
-65,110,87,-73520,19,262,1,73280
-57,120,91,-73310,16,248,1,73389
-60,118,85,-73287,8,235,1,73406
-47,131,107,-73223,-9,211,1,-73241
-63,133,104,-73426,11,182,1,73404
-69,132,88,-73757,20,139,1,73752
-74,124,91,-74291,30,152,1,74457
-72,97,55,-75044,58,153,0,75155
-71,53,56,-75974,80,113,1,75948
-27,18,33,-76818,51,83,1,76891
-54,-13,38,-77565,127,-75,1,77525
-7,-21,4,-78270,-28,-300,0,-77978
-19,-62,5,-78862,-16,-315,0,-79121
24,-63,-24,-79307,-183,-254,0,-79283
9,-96,-23,-79591,-87,-288,0,-79854
28,-83,-28,-79803,-173,-237,1,-79789
38,-100,-46,-79908,-142,-203,1,-79888
19,-97,-35,-79844,-117,-219,0,-79647
31,-96,-51,-79706,-129,-162,1,-79626
9,-71,-24,-79390,-87,-185,0,-79530
1,-59,-9,-78953,-68,-236,0,-79090
-26,-15,19,-78378,131,9,1,-78501
-23,10,13,-77709,161,193,0,77823
-47,59,58,-76900,38,262,1,77167
-24,105,78,-76126,-8,317,0,-75862
-82,123,107,-75450,23,256,1,75756
-27,112,80,-74927,-40,293,1,-75158
-53,109,75,-74696,26,290,0,74479
-53,104,46,-74419,27,294,0,74751
-40,109,61,-74225,-3,296,0,-73904
-55,112,43,-73956,30,311,1,74148
-54,168,95,-73891,-10,286,1,-74101
-35,156,90,-73999,-34,245,1,-74046
-40,164,92,-74344,-18,233,1,-74308
-62,159,84,-74713,-6,192,1,-74729
-50,141,73,-75245,-11,196,1,-75221
-70,126,65,-75826,26,202,1,75928
-57,101,60,-76580,12,167,0,76779
-52,55,44,-77408,56,121,1,77365
-39,31,33,-78206,68,91,1,78201
-19,3,21,-79070,76,-5,0,-78996
-6,-49,-3,-80006,-44,-350,0,80326
7,-53,7,-80758,-138,-321,0,80522
33,-70,-20,-81315,-188,-246,1,-81305
42,-75,-41,-81678,-191,-184,1,-81744
67,-87,-63,-81903,-222,-146,1,-81803
62,-94,-72,-81888,-176,-123,1,-81710
42,-83,-49,-81691,-167,-134,1,-81779
38,-67,-42,-81321,-151,-99,1,-81171
-2,-26,-7,-80793,-33,-209,0,80756
-8,-13,5,-80192,80,-122,0,80154
-30,48,11,-79330,89,334,1,79059
-64,73,46,-78455,89,257,1,78709
-50,121,49,-77385,22,371,1,77655
-83,156,59,-76686,45,336,1,76294
-61,157,56,-76134,16,357,1,75914
-67,166,66,-75621,14,326,1,75401
-57,155,73,-75307,3,303,1,75759
-52,156,80,-75004,2,293,1,75040
-59,153,82,-74905,3,254,1,74903
-46,165,86,-75064,-12,227,1,-75011
-61,166,73,-75457,7,215,1,75456
-61,161,54,-76042,1,218,1,76154
-60,127,36,-76777,23,209,1,76621
-70,100,43,-77579,44,193,0,77807
-57,58,45,-78373,55,120,1,78407
-47,44,54,-79068,31,90,1,79017
-40,-7,51,-79750,63,-55,1,79773
-34,20,59,-80432,-9,31,1,-80438
16,-46,-9,-81016,-148,-304,0,-81405
-10,-62,-20,-81506,-54,-289,0,81745
20,-82,-24,-81952,-139,-253,0,-81978
38,-90,-39,-82255,-173,-211,1,-82283
45,-101,-45,-82336,-163,-187,1,-82402
34,-91,-34,-82287,-141,-195,1,-82299
21,-89,-24,-82087,-113,-209,0,-82015
6,-59,-10,-81812,-75,-228,0,-81678
-18,-56,17,-81498,11,-162,0,81606
-5,-16,19,-81038,-3,-49,0,-81062
-32,0,45,-80476,89,111,1,80476
-36,51,41,-79760,68,281,1,79592
-57,68,38,-79215,88,310,1,78937
-51,115,30,-78589,30,359,1,78809
-65,163,48,-77900,5,363,1,78325
-41,199,72,-77197,-22,378,1,-76872
-66,194,86,-76529,10,341,1,76665
-43,186,98,-76215,-20,299,1,-75904
-53,166,94,-76334,9,244,1,76319
-61,162,77,-76734,0,239,1,76674
-55,151,63,-77153,1,236,1,77072
-81,160,73,-77744,19,188,1,77754
-63,146,51,-78545,18,209,1,78479
-83,129,59,-79535,31,171,1,79601
-46,67,20,-80570,42,203,1,80417
-48,44,43,-81539,49,101,1,81661
0,-19,3,-82475,-90,-353,0,82688
-12,-9,11,-83115,67,-123,0,83097
15,-68,-49,-83685,-118,-214,0,-83515
16,-61,-48,-84111,-152,-195,0,-84187
48,-90,-77,-84416,-165,-164,1,-84383
29,-93,-61,-84504,-137,-172,1,-84555
31,-94,-43,-84427,-139,-190,1,-84375
15,-94,-26,-84212,-100,-224,0,-83975
5,-83,-22,-83902,-80,-229,0,-83799
-4,-63,6,-83500,-46,-245,0,-83660
-10,-29,12,-82989,32,-133,0,83091
-35,-5,36,-82310,115,85,1,-82339
-32,42,27,-81523,92,290,1,81697
-62,69,47,-80758,79,298,1,80452
-34,101,22,-79970,3,380,0,80206
-63,160,52,-79173,19,360,1,78998
-49,160,62,-78487,-28,364,1,-78669
-29,158,66,-77927,-17,339,1,-78311
-65,175,90,-77621,3,299,1,77482
-65,178,101,-77577,12,247,1,77671
-63,171,87,-77932,-3,201,1,-77922
-47,164,76,-78427,-8,210,1,-78411
-68,146,56,-79136,28,201,1,79136
-64,124,44,-80014,20,196,1,79921
-63,83,51,-80830,41,173,1,80740
-55,56,51,-81597,48,112,1,81602
-39,20,33,-82427,94,52,1,82304
-31,-17,17,-83278,104,-160,1,83366
-1,-36,-4,-83969,-75,-360,0,84239
-10,-62,8,-84469,-50,-331,0,-84146
18,-75,-36,-84731,-128,-264,0,-84988
0,-88,-42,-84935,-74,-237,0,-84768
35,-93,-79,-85136,-153,-157,1,-85178
30,-93,-70,-85235,-128,-152,1,-85023
23,-88,-57,-85164,-126,-151,0,-85051
11,-83,-34,-84992,-81,-180,0,-84839
-8,-69,-21,-84709,-36,-190,0,84527
-5,-45,3,-84240,-28,-218,0,-84453
-27,-12,18,-83753,140,2,1,-83879
-32,15,28,-83050,113,188,1,83115
-61,68,56,-82330,71,244,1,82281
-47,74,53,-81592,14,293,1,81870
-54,132,80,-81017,24,302,1,81324
-56,120,65,-80501,2,327,1,80700
-49,129,42,-80001,26,363,1,80233
-62,149,72,-79525,3,330,1,79630
-54,160,87,-79149,4,307,1,79066
-68,165,97,-79137,1,245,1,79184
-42,152,84,-79275,-23,254,1,-79269
-67,170,100,-79528,0,223,1,79607
-47,167,74,-80023,-22,214,1,-80022
-79,154,75,-80717,28,183,1,80763
-57,143,49,-81504,1,214,1,81421
-76,80,53,-82473,76,129,1,82632
-47,83,32,-83390,-10,162,1,-83273
-33,-17,18,-84271,134,-130,1,84232
-17,1,8,-84985,143,-18,0,-84862
-6,-44,-29,-85578,-49,-256,0,85686
24,-60,-59,-86066,-166,-160,0,-86033
38,-66,-61,-86474,-167,-165,1,-86420
42,-86,-64,-86619,-168,-165,1,-86555
23,-83,-45,-86602,-109,-197,0,-86667
30,-97,-69,-86408,-121,-153,1,-86367
-1,-81,-42,-86133,-47,-164,0,86146
6,-62,-30,-85753,-93,-150,0,-85526
-24,-26,5,-85236,129,-76,0,85040
-32,2,35,-84669,108,97,1,84620
-36,21,46,-83946,84,190,1,83736
-57,80,70,-83181,71,297,1,83375
