-23,94,-27,37,19,-24,0,-114
-13,95,-22,50,-10,-3,0,125
-9,101,-25,114,-16,-7,0,12
-17,96,-35,190,5,-38,0,-207
-21,92,-38,246,13,-46,0,-186
-19,94,-35,296,4,-36,0,-356
-13,95,-33,345,-7,-26,0,311
-13,98,-31,393,-4,-20,0,491
-12,98,-30,437,-7,-16,0,458
-12,98,-28,473,-3,-13,0,423
-14,101,-25,500,0,-9,0,-399
-12,105,-23,502,-3,-3,0,384
-9,106,-20,459,-9,5,0,-438
-2,98,-25,378,-17,-5,0,279
-15,97,-26,352,8,-19,0,-271
-39,119,-5,383,33,-20,1,-284
-53,131,5,195,73,-45,1,23
-82,142,0,-460,123,-83,1,-319
-115,141,-17,-1358,121,-130,1,1369
-98,119,-34,-2360,112,-135,1,2549
-114,114,-27,-3554,131,-146,1,3561
-107,120,-13,-4737,106,-132,1,4724
-98,103,-14,-5944,127,-151,0,6103
-86,79,-12,-7127,134,-163,1,7136
-41,50,-3,-8334,90,-127,1,8370
0,5,3,-9516,-51,-80,0,-9555
-8,-21,3,-10681,47,-595,0,11223
3,-42,-13,-11647,-81,-634,0,-12148
36,-65,-36,-12374,-142,-541,1,-12929
40,-80,-49,-12851,-128,-522,1,-12305
55,-86,-56,-12960,-149,-494,1,-13233
40,-87,-55,-12591,-112,-490,1,-12516
15,-68,-42,-11766,-82,-498,0,-11315
-20,-40,-29,-10601,56,-426,0,-10452
-30,-2,-24,-9332,164,-229,1,-9276
-53,44,-11,-8113,151,-102,1,8019
-50,97,-1,-6869,76,16,0,-6875
-79,127,6,-5627,93,-3,1,-5522
-83,130,5,-4733,89,-5,1,-4856
-80,157,19,-4470,76,-9,1,-4596
-79,191,52,-4362,57,2,1,4596
-81,195,67,-4315,42,-57,1,-4124
-81,181,42,-4649,43,-106,1,-4775
-90,158,13,-5288,67,-112,1,-5187
-87,140,5,-6150,67,-146,1,-6156
-70,118,5,-7190,66,-141,1,-7407
-52,79,-8,-8329,86,-127,1,8408
-40,31,-10,-9489,158,-231,1,9562
-27,-2,-7,-10531,230,-426,1,-10356
1,-34,-23,-11346,-54,-597,0,-11781
7,-57,-39,-12114,-53,-586,0,-11576
32,-87,-70,-12721,-77,-545,1,-13293
42,-102,-83,-13055,-105,-519,1,-12431
42,-111,-75,-12992,-105,-511,1,-13093
25,-94,-60,-12580,-85,-504,1,-12541
8,-81,-64,-11886,-39,-474,0,-12280
-44,-58,-50,-10814,40,-400,1,-11195
8,-14,-32,-9595,-151,-328,0,-9396
-10,42,-10,-8377,14,49,0,-8368
-69,92,-8,-7231,133,-24,0,7345
-64,129,5,-6166,70,19,1,6392
-75,156,19,-5399,64,-2,1,-5522
-65,174,44,-5118,54,45,1,4903
-72,190,66,-5191,57,-19,1,-5334
-86,180,64,-5358,60,-79,1,-5182
-93,164,40,-5711,70,-109,1,-5816
-91,146,16,-6377,72,-148,1,-6377
-84,118,6,-7296,90,-161,1,-7334
-68,96,1,-8411,89,-160,0,-8253
-45,51,-12,-9614,118,-163,1,9550
-35,16,-11,-10808,189,-281,1,11177
-21,-22,-13,-11837,111,-544,0,-11332
-4,-45,-23,-12643,-17,-597,0,13085
5,-72,-45,-13312,-36,-590,0,-12798
21,-85,-67,-13812,-72,-546,0,-14229
37,-103,-85,-14029,-100,-514,1,-13499
35,-104,-86,-13882,-91,-492,1,-14235
15,-95,-77,-13400,-57,-477,0,-13741
-12,-85,-64,-12619,0,-459,0,-12515
-32,-52,-39,-11518,58,-416,1,-11602
-22,-14,-19,-10300,109,-336,0,-10514
-16,33,-8,-9081,60,8,0,-9064
-43,98,8,-7837,59,27,0,7934
-60,119,5,-6577,72,16,1,6562
-69,143,18,-5757,77,18,1,5881
-89,157,35,-5400,102,-12,1,-5536
-98,160,46,-5279,95,-56,1,-5147
-78,151,46,-5453,72,-77,1,-5568
-77,149,38,-5848,69,-99,1,-5645
-80,145,25,-6305,65,-126,1,-6233
-81,136,21,-6909,74,-146,1,-6890
-82,117,7,-7821,91,-133,1,-7796
-49,54,-14,-9027,128,-191,1,9076
-62,13,-11,-10234,249,-329,1,9841
-35,-15,-20,-11389,158,-460,1,-11542
-35,-28,-22,-12353,129,-512,1,-12562
8,-50,-51,-13129,-69,-548,0,-12583
21,-72,-75,-13725,-78,-524,0,-14273
35,-92,-92,-14042,-87,-503,1,-14170
27,-99,-88,-14072,-77,-494,1,-14204
1,-100,-61,-13872,-40,-525,0,-13401
20,-93,-57,-13540,-72,-515,0,-14037
-3,-82,-57,-13028,-4,-494,0,13156
-16,-66,-45,-12277,-10,-471,0,11851
-11,-50,-39,-11255,16,-437,0,-10830
-43,-10,-37,-10017,162,-277,1,-9875
-70,29,-31,-8773,184,-151,1,8751
-63,108,-11,-7554,76,3,0,-7573
-79,148,11,-6337,90,11,1,6211
-102,161,34,-5686,95,-13,1,-5764
-82,148,44,-5592,77,-55,1,-5447
-87,130,41,-5651,96,-87,1,-5851
-99,119,32,-5789,110,-133,1,-5697
-98,113,24,-6111,108,-158,1,-5925
-98,105,21,-6657,115,-181,0,-6873
-97,95,26,-7385,117,-205,0,-7239
-84,75,25,-8287,133,-191,1,-8296
-72,47,16,-9323,163,-248,1,-9286
-53,18,5,-10461,228,-304,1,-10552
-30,-2,-11,-11546,221,-398,1,-11357
-13,-48,-31,-12501,13,-570,0,-13024
8,-39,-40,-13233,-103,-538,0,-12741
66,-75,-97,-13678,-128,-485,1,-13470
28,-98,-111,-13839,-68,-481,1,-14270
22,-101,-89,-13636,-78,-488,0,-13506
-13,-106,-63,-13191,-14,-520,0,12757
0,-89,-59,-12457,-49,-479,0,-12583
-24,-73,-45,-11589,20,-461,0,-11502
-36,-50,-34,-10677,96,-413,1,-10361
-64,-7,-16,-9647,266,-282,1,-9609
-40,45,4,-8423,119,-63,1,-8355
-39,108,34,-7178,42,21,0,7260
-76,106,31,-6054,111,-26,0,-6128
-79,100,12,-5682,119,-53,0,-5719
-73,112,22,-5733,103,-49,1,-5663
-99,152,63,-5615,97,-58,1,-5489
-107,169,78,-5595,77,-116,1,-5483
-104,152,51,-6066,89,-135,1,-6050
-100,117,25,-6881,107,-184,1,-6705
-94,91,22,-7816,127,-179,0,-7769
-76,59,17,-8836,146,-231,1,-8854
-63,29,7,-9926,203,-279,1,-10048
-47,3,-1,-11052,289,-360,1,11075
-38,-20,-6,-12089,173,-491,1,-11856
33,-42,-49,-12905,-150,-495,1,-13097
17,-85,-88,-13561,-56,-508,0,-13605
31,-81,-83,-13915,-115,-493,1,-14299
26,-90,-62,-13981,-85,-521,1,-13502
10,-90,-43,-13856,-68,-554,0,-13327
17,-108,-60,-13556,-62,-526,0,-13953
-2,-96,-53,-13007,-42,-506,0,13174
-7,-85,-39,-12294,-15,-518,0,12920
-29,-47,-28,-11335,98,-408,1,-11674
-30,2,-6,-10142,266,-219,1,9812
-25,48,-4,-8898,79,14,1,-8873
-45,91,-3,-7679,78,-4,0,7620
-71,125,8,-6564,98,5,1,6644
-83,155,31,-5801,92,5,1,5668
-92,178,56,-5443,84,-26,1,-5598
-91,174,56,-5465,75,-71,1,-5531
-78,154,43,-5809,68,-101,1,-5744
-79,139,35,-6395,72,-135,1,-6354
-87,127,25,-7077,84,-135,1,-6982
-78,98,13,-7868,97,-174,0,-7768
-75,68,11,-8873,144,-210,1,-8944
-47,37,-3,-10048,163,-200,1,10065
-39,-8,-13,-11279,236,-422,1,-11626
-21,-36,-20,-12371,49,-582,0,-12801
10,-62,-34,-13121,-77,-604,0,-12612
20,-86,-59,-13596,-75,-567,0,-14111
16,-96,-84,-13804,-55,-520,0,-14277
8,-97,-89,-13795,-53,-495,0,-13323
6,-94,-73,-13661,-49,-498,0,-13453
8,-90,-58,-13396,-54,-514,0,-13838
20,-83,-57,-12966,-71,-482,0,-13183
-11,-64,-46,-12197,8,-452,0,-11894
-63,-41,-24,-11031,141,-361,1,-10994
-3,20,-16,-9812,-24,-36,0,-9853
-34,94,6,-8568,68,44,0,8548
-98,108,15,-7423,144,-44,0,-7238
-77,114,20,-6870,93,-45,1,-6798
-74,112,21,-6845,111,-34,1,-6878
-77,128,42,-6928,94,-39,1,-7059
-85,138,57,-6890,88,-74,1,-6685
-101,131,44,-6861,100,-123,1,-6683
-105,128,37,-7043,105,-151,1,-7092
-100,112,27,-7538,116,-157,1,-7571
-92,89,16,-8275,124,-203,1,-8438
-86,73,17,-9100,145,-193,1,-9173
-63,43,6,-10055,171,-241,1,-9998
-58,11,5,-11027,269,-334,1,-11111
-43,-12,2,-11923,248,-417,1,12266
-40,-35,4,-12684,139,-529,1,13074
-8,-58,-21,-13240,-39,-648,0,12606
14,-98,-61,-13722,-48,-584,0,-14241
3,-95,-71,-14072,-36,-532,0,-13535
25,-96,-77,-14217,-86,-510,1,-13866
35,-88,-68,-14047,-106,-489,1,-14188
19,-95,-61,-13523,-59,-495,0,-13686
-10,-65,-50,-12554,-7,-468,0,12454
-35,-33,-33,-11331,100,-371,1,-11638
-37,3,-20,-10087,199,-236,1,10109
-42,70,-15,-8843,106,-4,1,8833
-64,120,8,-7599,97,11,1,7560
-92,145,28,-6461,92,-9,1,-6590
-74,162,47,-5811,59,-24,1,-5722
-86,169,59,-5615,79,-50,1,-5461
-95,152,51,-5685,88,-107,1,-5873
-89,137,42,-6060,85,-134,1,-6020
-86,122,32,-6728,92,-161,1,-6840
-89,105,23,-7553,107,-184,0,-7545
-85,86,18,-8511,128,-175,1,-8452
-60,51,8,-9650,150,-217,1,-9725
-58,18,5,-10804,243,-309,1,-11226
-36,-4,-8,-11892,248,-429,1,-12036
-12,-37,-34,-12890,15,-536,0,-12366
10,-63,-71,-13771,-68,-531,0,-14316
34,-81,-90,-14357,-109,-506,1,-14762
38,-92,-95,-14657,-94,-495,1,-14548
35,-99,-95,-14721,-84,-484,1,-14381
40,-88,-79,-14495,-107,-468,1,-14614
19,-87,-66,-14005,-64,-480,0,-14163
-32,-83,-45,-13202,32,-474,1,-12811
-16,-59,-28,-12205,-12,-484,0,11880
-29,-51,-18,-11203,67,-458,1,-10869
-45,-12,-21,-10038,222,-289,1,-9980
-57,35,-14,-8794,197,-110,1,8932
-65,71,-9,-7631,147,-45,1,7549
-87,124,0,-6796,131,6,1,6695
-89,166,40,-6109,85,3,1,5983
-106,198,73,-5595,76,-46,1,-5471
-102,167,50,-5640,80,-115,1,-5847
-93,131,24,-6239,98,-158,1,-6246
-91,108,18,-7165,111,-181,0,-6914
-87,89,9,-8267,127,-197,1,-8437
-80,63,0,-9449,158,-225,1,-9446
-50,31,-10,-10681,181,-253,1,10709
-4,-19,-43,-11863,0,-449,0,-12208
-13,-65,-63,-13016,3,-550,0,-12418
-2,-83,-63,-13827,-50,-537,0,13380
17,-85,-67,-14387,-87,-536,0,-14967
13,-88,-80,-14797,-60,-516,0,-15332
36,-90,-95,-15036,-93,-478,1,-15131
29,-84,-82,-14981,-87,-471,1,-15129
33,-80,-75,-14640,-96,-458,1,-14495
4,-79,-67,-13957,-31,-470,0,-14150
-28,-54,-54,-12916,46,-405,1,-13266
-37,-44,-37,-11759,69,-394,1,-11275
-18,-5,-26,-10540,88,-271,0,-10356
-40,67,-10,-9322,108,-24,1,9340
-90,94,0,-8052,159,-49,0,-8154
-108,115,15,-6970,137,-48,1,-7052
-97,136,33,-6499,108,-57,1,-6653
-99,120,40,-6695,111,-131,1,-6907
-101,108,30,-7232,118,-174,0,-7409
-102,95,27,-7947,128,-206,0,-8037
-87,73,18,-8850,140,-220,1,-8905
-67,52,7,-9949,161,-229,1,-9964
-55,17,-5,-11130,249,-285,1,10940
-43,-10,-14,-12291,229,-404,1,-12634
-28,-42,-38,-13379,63,-544,1,-13943
-4,-58,-60,-14327,-34,-541,0,13768
31,-79,-86,-15065,-97,-498,1,-15183
33,-88,-88,-15526,-99,-493,1,-15626
48,-94,-94,-15723,-112,-482,1,-15576
20,-95,-81,-15614,-70,-491,0,-15691
34,-89,-85,-15257,-95,-459,1,-14882
-22,-78,-65,-14606,22,-450,0,-14529
-29,-72,-51,-13860,0,-444,1,-14323
6,-56,-35,-12869,-109,-441,0,-13186
-23,-5,-8,-11709,220,-308,0,-11333
-31,36,-3,-10465,124,-35,1,10373
-57,94,23,-9221,82,-8,0,-9251
-71,124,35,-7990,83,-4,1,-8064
-88,140,46,-7278,93,-39,1,-7393
-78,141,56,-7274,87,-43,1,-7408
-73,142,65,-7526,74,-72,1,-7661
-76,135,59,-7724,71,-107,1,-7923
-78,128,49,-7997,78,-136,1,-7947
-89,118,38,-8552,100,-175,1,-8615
-84,100,28,-9381,111,-185,0,-9307
-72,65,8,-10481,149,-211,1,-10427
-62,34,-2,-11688,207,-261,1,11377
-31,0,-21,-12920,184,-374,1,13235
1,-45,-51,-14059,-29,-545,0,-13516
0,-61,-62,-14937,-32,-520,0,-14404
26,-78,-78,-15537,-87,-519,1,-16122
28,-85,-92,-15828,-78,-490,1,-15464
30,-83,-92,-15830,-91,-468,1,-15433
24,-82,-81,-15574,-77,-469,0,-15703
4,-84,-76,-15043,-36,-467,0,-15150
-25,-82,-58,-14245,18,-461,1,-13834
-46,-66,-36,-13240,71,-427,1,-12823
-36,-42,-23,-12110,97,-435,1,-11906
-50,-9,-8,-10946,259,-277,1,-10988
-43,32,5,-9701,166,-88,1,-9498
-55,73,14,-8457,101,-26,1,-8455
-59,107,29,-7364,75,20,0,7378
-83,137,39,-6772,90,-36,1,-6902
-90,149,51,-6555,90,-45,1,-6417
-92,143,54,-6597,89,-83,1,-6447
-91,130,45,-6881,94,-111,1,-6695
-94,120,36,-7495,103,-155,1,-7610
-90,113,32,-8396,99,-180,1,-8209
-84,98,28,-9409,98,-213,0,-9306
-64,69,8,-10548,124,-192,1,-10626
-50,29,-7,-11755,197,-258,1,11271
-42,-11,-22,-12963,192,-434,1,-13287
-21,-48,-36,-14066,30,-574,0,-13513
-6,-48,-54,-14984,-31,-536,0,14483
29,-64,-90,-15691,-101,-492,1,-15550
40,-71,-109,-16100,-109,-479,1,-16209
36,-91,-109,-16204,-89,-473,1,-16091
17,-100,-93,-16083,-61,-488,0,-16166
3,-96,-81,-15831,-38,-493,0,-15378
-3,-100,-79,-15475,-24,-480,0,15767
-12,-83,-63,-14868,-21,-455,0,15268
-20,-64,-47,-14049,1,-441,0,-14170
-1,-40,-37,-13125,-52,-402,0,13031
-30,-17,-22,-12145,164,-358,1,-11947
-58,14,-23,-10952,234,-205,1,10947
-67,61,-10,-9708,151,-89,1,9553
-60,118,23,-8472,79,10,1,8459
-96,157,54,-7580,101,-14,1,-7429
-101,166,59,-7287,87,-63,1,-7398
-93,149,50,-7362,87,-98,1,-7184
-94,124,38,-7657,105,-141,1,-7434
-92,106,32,-8273,118,-175,0,-8348
-98,89,26,-9129,139,-212,1,-9170
-85,75,17,-10242,141,-215,1,-10328
-62,41,0,-11425,186,-217,1,-11478
-60,11,-5,-12632,270,-311,1,12632
-10,-11,-32,-13863,23,-426,0,-14215
4,-48,-73,-14954,-43,-512,0,-15326
16,-72,-95,-15766,-77,-503,0,-15397
35,-85,-109,-16249,-98,-481,1,-16098
29,-90,-109,-16488,-84,-471,1,-16842
33,-89,-104,-16520,-85,-459,1,-16645
18,-87,-82,-16351,-69,-471,0,-15964
13,-89,-71,-16021,-61,-471,0,-16240
6,-80,-70,-15453,-42,-454,0,-15807
-33,-68,-50,-14654,41,-433,1,-14582
-24,-56,-40,-13643,13,-434,0,-13556
-23,-28,-28,-12557,67,-409,0,-12484
-32,26,-12,-11315,153,-88,1,11505
-54,75,8,-10071,105,-18,1,-10076
-68,107,27,-8943,88,-12,0,-8845
-66,130,40,-8389,73,1,1,8292
-68,142,52,-8314,80,-20,1,-8385
-83,143,58,-8353,89,-65,1,-8286
-88,132,52,-8438,93,-102,1,-8234
-92,118,39,-8732,108,-144,1,-8946
-90,108,33,-9345,116,-167,0,-9285
-98,98,32,-10164,129,-204,0,-10201
-82,76,15,-11183,136,-209,1,-11240
-73,42,6,-12345,200,-234,1,-12415
-59,14,0,-13553,259,-297,1,-13549
-20,-16,-27,-14760,88,-453,0,-14400
-3,-46,-60,-15914,-22,-528,0,15397
14,-58,-83,-16822,-87,-499,0,-16503
46,-77,-104,-17424,-121,-494,1,-17821
33,-80,-99,-17671,-97,-474,1,-17585
24,-94,-92,-17669,-74,-485,0,-17590
5,-97,-80,-17519,-42,-500,0,-17821
5,-97,-78,-17304,-44,-492,0,-17022
13,-96,-79,-16924,-60,-480,0,-17378
-14,-76,-67,-16248,-6,-436,0,16071
-29,-66,-43,-15314,8,-418,1,-14861
-6,-41,-34,-14272,-22,-433,0,13844
-30,-2,-20,-13123,187,-250,1,-13069
-47,43,-6,-11879,157,-64,1,11975
-49,91,13,-10686,95,7,0,10625
-77,108,22,-9810,123,-21,0,-9739
-90,118,26,-9443,130,-41,1,-9343
-99,137,40,-9291,122,-45,1,-9437
-112,151,54,-9126,104,-96,1,-9056
-106,138,45,-9233,100,-137,1,-9266
-96,118,28,-9852,109,-169,1,-9865
-91,94,18,-10730,127,-171,0,-10537
-86,73,16,-11748,144,-219,1,-11687
-76,49,15,-12879,174,-249,1,-12911
-66,17,6,-14110,242,-344,1,-14062
-38,0,-9,-15288,251,-374,1,14871
-12,-38,-46,-16349,5,-533,0,-15821
-10,-60,-65,-17226,-28,-535,0,16692
45,-73,-100,-17844,-123,-489,1,-17445
16,-89,-113,-18210,-56,-480,0,-18164
27,-83,-101,-18344,-88,-463,1,-17937
13,-88,-78,-18295,-55,-491,0,-18112
15,-93,-72,-18124,-65,-501,0,-18282
13,-96,-75,-17772,-49,-485,0,-17574
-25,-91,-66,-17186,25,-465,1,-17129
-34,-76,-45,-16454,34,-453,1,-16871
-16,-62,-28,-15666,-3,-506,0,15585
-25,-23,-16,-14651,137,-388,1,-14387
-36,12,-8,-13494,240,-135,1,13544
-51,62,11,-12252,126,-35,1,-12164
-70,92,12,-11066,125,-24,0,-11077
-90,128,24,-10369,117,-19,1,-10278
-103,146,48,-10093,113,-41,1,-10227
-101,147,61,-10120,101,-85,1,-10112
-92,124,47,-10413,102,-126,1,-10429
-98,100,32,-10925,127,-190,0,-10826
-97,87,24,-11589,135,-206,1,-11555
-90,73,26,-12460,141,-227,1,-12494
-79,47,23,-13432,179,-234,1,-13401
-80,26,24,-14489,212,-309,1,-14647
-57,8,13,-15509,223,-345,1,-15662
-12,-16,-27,-16475,44,-493,0,-16775
-15,-50,-67,-17433,24,-549,0,-18012
-3,-71,-92,-18176,-45,-489,0,18214
22,-84,-92,-18623,-87,-492,0,-18720
16,-96,-81,-18873,-72,-519,0,-19429
11,-103,-80,-18939,-51,-518,0,-19438
-1,-104,-67,-18889,-35,-528,0,19394
15,-98,-72,-18762,-55,-504,0,-18596
2,-95,-71,-18421,-28,-474,0,-17967
0,-77,-67,-17802,-27,-450,0,-17503
-25,-62,-51,-16930,29,-424,1,-17296
-38,-45,-32,-15897,92,-427,1,-16380
-17,-3,-19,-14701,119,-288,0,-14343
-38,42,-1,-13457,138,-44,1,13373
-61,98,21,-12232,97,-8,0,-12265
-69,113,35,-11154,88,-12,1,-11224
-90,119,30,-10587,109,-49,1,-10549
-68,129,38,-10554,84,-26,1,-10644
-83,138,52,-10683,92,-69,1,-10574
-84,125,47,-10807,91,-106,1,-10759
-81,112,35,-11015,96,-135,1,-11233
-89,104,31,-11437,115,-165,0,-11351
-92,96,34,-12108,123,-214,0,-12287
-91,86,36,-12923,127,-214,1,-13052
-70,57,19,-13948,150,-226,1,-13921
-60,22,3,-15095,239,-270,1,-15162
-46,1,-14,-16302,247,-344,1,15919
-18,-42,-46,-17466,34,-541,0,-17937
-21,-51,-55,-18406,13,-528,0,-17910
30,-71,-84,-19164,-104,-516,1,-18616
18,-89,-96,-19682,-66,-496,0,-19801
43,-89,-101,-19953,-115,-471,1,-19521
27,-91,-89,-19942,-78,-476,1,-19562
16,-88,-72,-19733,-68,-489,0,-19646
15,-86,-71,-19379,-56,-479,0,-19014
-17,-90,-63,-18845,3,-479,0,-18485
-8,-76,-59,-18090,-21,-435,0,18299
-31,-62,-40,-17165,50,-437,1,-17038
-31,-34,-27,-16023,85,-392,1,-16227
-29,11,-9,-14804,213,-172,1,14769
-54,55,3,-13573,156,-52,1,-13738
-75,87,21,-12501,130,-42,1,-12405
-76,125,39,-11719,81,-38,1,-11681
-71,125,44,-11206,80,-33,1,-11170
-77,125,50,-11024,88,-59,1,-11118
-72,125,55,-11065,81,-80,1,-11049
-70,121,51,-11129,74,-96,1,-11106
-73,123,51,-11200,73,-127,1,-11148
-79,123,47,-11477,79,-164,1,-11298
-76,106,37,-12048,95,-148,0,-12230
-74,71,22,-12864,138,-234,1,-12872
-62,29,8,-13879,221,-278,1,-14294
-53,-5,0,-15018,308,-400,1,14881
-32,-25,-17,-16183,153,-518,1,-15807
-1,-63,-46,-17258,-18,-592,0,16678
7,-76,-66,-18067,-50,-548,0,-17552
28,-84,-74,-18582,-104,-518,1,-19187
26,-93,-72,-18796,-81,-516,1,-19259
16,-95,-58,-18796,-70,-532,0,-19273
16,-98,-51,-18651,-68,-542,0,-19142
9,-98,-54,-18377,-48,-533,0,-17837
4,-99,-62,-17929,-38,-506,0,-18318
-21,-82,-50,-17205,15,-472,0,-17051
-30,-56,-27,-16250,45,-471,1,-16050
-15,-32,-14,-15110,13,-443,0,-15021
-20,16,-8,-13895,161,-84,0,14002
-41,69,19,-12677,95,-9,1,-12719
-65,98,33,-11522,106,-22,0,-11648
-74,106,25,-10756,99,-36,0,-10876
-71,125,28,-10472,87,-34,1,-10422
-87,136,43,-10395,109,-42,1,-10281
-81,139,56,-10422,83,-68,1,-10310
-73,131,53,-10578,74,-89,1,-10687
-83,128,44,-10808,84,-125,1,-10979
-84,125,41,-11153,81,-156,1,-11103
-88,112,31,-11727,100,-151,1,-11528
-81,91,23,-12548,110,-189,0,-12752
-57,49,4,-13563,150,-215,1,-13493
-46,16,-1,-14693,240,-272,1,14501
-27,-25,-16,-15819,128,-509,1,-15545
-2,-49,-33,-16769,-40,-600,0,17379
16,-71,-52,-17383,-67,-567,0,-16886
3,-78,-64,-17747,-42,-531,0,-18203
24,-93,-85,-17918,-64,-515,0,-18387
3,-106,-81,-17907,-37,-521,0,-18407
-3,-106,-61,-17794,-31,-535,0,18396
0,-101,-51,-17641,-30,-541,0,-18110
-4,-103,-48,-17345,-19,-536,0,16781
-19,-84,-42,-16810,11,-499,0,-16443
-31,-67,-25,-16084,40,-493,1,-16209
-12,-49,-18,-15156,-29,-498,0,15094
-5,-5,-17,-14016,13,-281,0,-14265
-39,52,6,-12854,110,-46,1,-12898
-48,99,27,-11617,67,7,0,11633
-61,119,37,-10684,70,0,1,10640
-58,132,41,-10416,62,0,1,10246
-55,150,57,-10533,59,-11,1,-10640
-75,155,67,-10569,66,-65,1,-10716
-82,133,47,-10573,80,-117,1,-10641
-79,111,30,-10825,101,-132,1,-10899
-86,103,30,-11410,119,-143,0,-11335
-85,91,31,-12233,124,-188,0,-12062
-86,82,36,-13133,123,-213,1,-13252
-65,53,23,-14190,151,-204,1,-14161
-54,22,7,-15393,233,-289,1,-15823
-39,-1,-6,-16624,292,-386,1,-16491
-6,-35,-30,-17757,-2,-574,0,18264
-7,-66,-37,-18631,0,-603,0,-19198
10,-80,-48,-19297,-71,-584,0,-18698
32,-92,-73,-19726,-97,-521,1,-20310
34,-105,-93,-19913,-84,-505,1,-19575
14,-98,-88,-19824,-62,-487,0,-19599
-1,-99,-73,-19580,-49,-487,0,19845
-5,-102,-56,-19190,-35,-503,0,19317
-8,-34,-18,-16815,-2,-473,0,16450
-30,5,-4,-15789,267,-196,1,15484
-39,51,5,-14563,111,-25,1,-14471
-53,99,25,-13448,72,-20,0,-13457
-43,141,55,-12793,34,20,1,12637
-57,146,61,-12640,68,-16,1,-12673
-76,129,51,-12659,91,-67,1,-12690
-75,123,53,-12679,84,-88,1,-12675
-81,115,47,-12808,101,-112,1,-12803
-87,112,48,-13196,105,-140,1,-13181
-80,102,43,-13872,105,-142,0,-14028
-84,91,42,-14686,113,-195,0,-14799
-76,72,31,-15579,123,-214,1,-15468
-62,45,23,-16601,162,-217,1,-16551
-51,4,7,-17742,290,-360,1,-17723
-57,-20,9,-18841,232,-429,1,18685
-43,-48,7,-19758,111,-562,1,20338
-16,-42,-8,-20457,26,-636,0,-19883
33,-61,-71,-20957,-108,-501,1,-20508
15,-87,-110,-21356,-41,-499,0,-21128
23,-87,-116,-21562,-82,-468,0,-21900
1,-90,-89,-21566,-33,-481,0,-22016
-6,-90,-63,-21467,-39,-512,0,21091
19,-95,-69,-21311,-74,-497,0,-21133
-2,-90,-66,-20874,-26,-491,0,20577
-19,-27,-17,-18296,60,-420,0,-18163
-22,23,-18,-17264,117,-102,0,17262
-47,86,-2,-16046,97,10,1,-16061
-70,124,21,-14863,96,3,1,14914
-80,153,44,-14154,79,1,1,14334
-85,157,54,-14000,85,-40,1,-13858
-95,138,49,-14099,102,-88,1,-14278
-87,113,36,-14350,110,-118,1,-14359
-91,101,28,-14714,124,-135,0,-14755
-92,101,28,-15262,119,-169,0,-15203
-87,97,32,-16036,111,-188,0,-15971
-91,84,28,-17021,133,-213,1,-16957
-63,53,8,-18190,157,-193,1,-18257
-57,13,-8,-19397,261,-299,1,19418
-32,-15,-28,-20605,133,-431,1,-20831
-19,-57,-47,-21766,18,-572,0,-22315
3,-69,-57,-22690,-54,-542,0,-23285
29,-78,-75,-23351,-97,-525,1,-22852
35,-87,-98,-23756,-94,-481,1,-23906
34,-87,-101,-23915,-97,-467,1,-23756
15,-85,-84,-23852,-65,-474,0,-23737
15,-82,-74,-23666,-73,-476,0,-24056
11,-92,-66,-23321,-64,-496,0,-23260
-24,-48,-42,-20936,50,-435,0,-20565
-29,-5,-31,-19718,130,-264,1,-19590
-44,43,-18,-18500,140,-67,1,18591
-43,98,3,-17255,59,30,0,17162
-63,140,18,-16066,70,24,1,15932
-75,165,37,-15421,66,-8,1,-15537
-81,170,52,-15248,79,-30,1,-15121
-86,153,53,-15288,85,-81,1,-15177
-82,125,35,-15545,97,-120,1,-15523
-83,105,21,-16009,115,-136,0,-15953
-91,95,20,-16640,128,-190,0,-16594
-92,86,27,-17380,130,-210,1,-17318
-84,69,26,-18333,147,-227,1,-18403
-74,35,14,-19479,204,-277,1,-19882
-48,13,4,-20710,248,-316,1,-20740
-26,-23,-24,-21893,120,-485,1,-21508
-16,-50,-50,-23001,17,-527,0,-23499
15,-67,-73,-23905,-84,-529,0,-24357
15,-82,-76,-24496,-73,-526,0,-24062
31,-81,-81,-24856,-102,-491,1,-24709
46,-84,-100,-25010,-104,-470,1,-24607
18,-89,-89,-24935,-63,-478,0,-24726
33,-87,-86,-24739,-96,-467,1,-24847
14,-102,-92,-24325,-42,-462,0,-24275
-5,-81,-76,-23636,-27,-431,0,24058
-19,-69,-49,-22815,-1,-444,0,22721
-8,-24,-34,-21845,0,-393,0,-21744
-14,11,-16,-20732,95,-146,0,20542
-25,59,-3,-19485,67,52,1,-19530
-39,109,23,-18241,44,34,0,18192
-57,127,32,-17031,67,15,1,17070
-67,141,45,-16391,73,-25,1,-16567
-80,138,40,-16291,105,-45,1,-16138
-83,137,47,-16337,95,-70,1,-16190
-77,134,53,-16444,79,-89,1,-16593
-72,128,51,-16708,78,-124,1,-16770
-77,129,47,-17086,75,-139,1,-17054
-84,126,43,-17629,80,-165,1,-17454
-71,108,32,-18390,85,-136,0,-18192
-74,86,24,-19336,111,-187,1,-19287
-56,41,-8,-20482,177,-233,1,20546
-46,5,-26,-21689,204,-355,1,21796
5,-41,-68,-22897,-39,-530,0,-23340
-2,-65,-78,-23966,-20,-524,0,24459
39,-72,-91,-24759,-117,-472,1,-24877
60,-77,-101,-25218,-131,-454,1,-25554
47,-83,-81,-25341,-127,-466,1,-25470
47,-89,-62,-25233,-136,-484,1,-25534
22,-96,-54,-24956,-80,-517,0,-25423
5,-99,-54,-24591,-62,-505,0,-24988
6,-83,-43,-24159,-73,-502,0,-24480
12,-69,-29,-23598,-86,-524,0,-24102
-15,-39,-13,-22794,22,-484,0,-22747
-24,-22,6,-21780,113,-400,0,21739
6,31,5,-20567,-120,62,0,20481
9,95,25,-19351,-58,40,0,19402
-37,106,18,-18346,73,60,0,18306
-38,130,17,-17750,27,31,1,17892
-40,168,37,-17247,20,30,1,17405
-39,200,75,-16791,21,27,1,16702
-47,199,84,-16637,23,-42,1,-16509
-39,163,55,-16807,18,-70,1,-16705
-41,144,36,-17127,26,-78,1,-16943
-50,134,29,-17521,36,-105,1,-17558
-45,129,34,-18093,26,-114,1,-17996
-44,114,47,-18833,36,-112,1,-18863
-34,91,49,-19654,26,-152,0,-19458
-32,62,33,-20483,56,-166,1,-20637
-26,36,19,-21336,83,-186,1,-21393
-2,-3,-25,-22123,-19,-407,0,22519
-1,-44,-48,-22847,-26,-523,0,23339
24,-64,-73,-23473,-101,-512,0,-23111
49,-89,-103,-23933,-103,-504,1,-23778
49,-97,-96,-24068,-91,-491,1,-24511
23,-99,-71,-24007,-65,-513,0,-24504
27,-90,-57,-23881,-82,-513,1,-24417
8,-85,-41,-23696,-50,-543,0,-24279
19,-83,-51,-23451,-79,-499,0,-23128
-6,-14,-20,-21155,-7,-369,0,21453
9,24,-10,-20078,-125,-20,0,19992
-27,75,-1,-19114,57,46,1,-19181
-44,121,9,-18362,56,42,1,18419
-41,154,26,-17644,17,54,1,17511
-48,175,40,-17091,24,46,1,16991
-45,186,59,-16891,24,28,1,16720
-36,187,78,-17043,19,-14,1,-16986
-52,180,74,-17335,33,-62,1,-17253
-62,169,54,-17599,34,-82,1,-17517
-61,162,40,-17932,24,-116,1,-18134
-50,145,30,-18474,22,-106,1,-18668
-46,119,26,-19199,35,-115,1,-19181
-44,91,33,-19974,54,-144,0,-20208
-40,62,17,-20770,97,-159,1,-20950
-32,31,7,-21673,151,-204,1,-21745
13,0,-27,-22685,-135,-376,0,22904
39,-43,-70,-23608,-108,-490,1,-24063
20,-80,-93,-24403,-62,-531,0,-23929
55,-89,-105,-24910,-133,-481,1,-24622
45,-89,-91,-25059,-112,-475,1,-24700
27,-90,-65,-24961,-90,-505,1,-24609
28,-94,-64,-24767,-87,-511,1,-24940
11,-97,-62,-24470,-57,-509,0,-24070
26,-77,-61,-24038,-105,-461,1,-23593
11,-67,-56,-23408,-59,-461,0,-23270
-20,-50,-44,-22489,42,-417,0,-22106
-36,-19,-30,-21310,107,-323,1,-21052
-12,44,-5,-20091,10,34,0,-20084
-39,85,13,-18901,68,-1,1,-18926
-76,124,20,-18253,103,-4,1,-18185
-58,155,44,-17866,62,24,1,17762
-81,169,62,-17433,75,-7,1,-17554
-63,157,70,-17241,48,-54,1,-17340
-65,133,53,-17413,73,-83,1,-17645
-81,115,38,-17709,96,-124,1,-17714
-78,104,36,-18040,91,-147,0,-18110
-87,119,50,-18556,84,-167,1,-18586
-78,109,49,-19311,82,-180,0,-19357
-70,78,37,-20250,113,-175,1,-20460
-69,58,34,-21287,139,-203,1,-21305
-38,30,2,-22413,160,-225,1,-22519
-16,-12,-22,-23564,105,-448,0,-24015
-4,-36,-38,-24611,-21,-553,0,25113
17,-64,-59,-25399,-82,-555,0,-24924
23,-82,-81,-25930,-86,-527,0,-26375
31,-93,-97,-26277,-87,-503,1,-26405
33,-99,-106,-26461,-68,-486,1,-26324
32,-95,-87,-26522,-89,-481,1,-26123
52,-83,-66,-26426,-146,-458,1,-26182
43,-75,-54,-26056,-135,-458,1,-25824
9,-69,-41,-25364,-62,-500,0,-25275
-10,-46,-36,-24427,0,-444,0,-24277
-33,-45,-24,-23310,67,-425,1,-23295
-20,-15,-20,-22101,75,-347,0,-22346
0,66,11,-20857,-46,87,0,20809
-47,101,23,-19613,71,14,0,19595
-74,131,31,-18506,64,-23,1,-18634
-35,145,46,-17960,3,28,1,18086
-42,160,63,-17990,32,4,1,18132
-48,158,76,-18154,36,-40,1,-17941
-54,148,69,-18282,36,-77,1,-18407
-68,139,58,-18505,53,-113,1,-18685
-70,133,52,-19009,59,-140,1,-18952
-72,122,50,-19737,68,-162,1,-19954
-56,101,50,-20544,60,-164,0,-20675
-55,71,34,-21461,105,-162,1,-21325
-54,43,22,-22489,151,-233,1,-22445
-34,19,7,-23465,189,-262,1,-23079
-24,-12,-6,-24440,200,-486,0,-24130
-6,-35,-22,-25295,-3,-604,0,24743
3,-52,-36,-26024,-55,-592,0,-26576
50,-71,-90,-26512,-120,-485,1,-26163
47,-101,-139,-26828,-83,-464,1,-27029
53,-97,-117,-26913,-116,-445,1,-26830
31,-85,-68,-26796,-99,-477,1,-26911
37,-79,-63,-26544,-113,-472,1,-26207
9,-81,-59,-26106,-72,-477,0,-25604
8,-87,-53,-25540,-79,-490,0,-25101
3,-59,-37,-24713,-57,-466,0,-24959
-4,2,-20,-23562,0,-202,0,23760
-21,47,1,-22318,77,25,0,22337
-40,82,4,-21183,88,19,1,21127
-52,130,19,-20109,54,31,1,19972
-66,158,34,-19146,49,24,1,18974
-52,166,49,-18695,33,-5,1,-18821
-52,159,54,-18757,44,-30,1,-18925
-58,140,50,-18991,59,-59,1,-19116
-59,124,43,-19192,63,-85,1,-19187
-75,125,41,-19350,76,-114,1,-19382
-72,126,43,-19626,70,-115,1,-19597
-71,112,36,-20189,76,-159,1,-20000
-68,100,42,-20971,79,-174,0,-20744
-50,73,38,-21862,80,-182,1,-21982
-54,40,30,-22804,145,-246,1,-22904
-37,23,29,-23848,127,-273,1,-23654
-2,-5,-7,-24811,22,-517,0,-25338
6,-38,-46,-25644,-51,-536,0,-26115
9,-64,-71,-26388,-65,-540,0,-25915
48,-83,-96,-26820,-118,-496,1,-26984
34,-94,-101,-26889,-82,-490,1,-26793
15,-101,-82,-26753,-57,-503,0,-26999
2,-103,-62,-26525,-36,-527,0,-26091
5,-104,-55,-26247,-42,-531,0,-25836
0,-92,-50,-25829,-34,-512,0,-25939
-3,-80,-47,-25267,-25,-493,0,25383
-11,-58,-44,-24481,-4,-442,0,24064
-34,-33,-28,-23503,102,-381,1,-23246
-13,10,-21,-22331,64,-144,0,22501
-26,73,2,-21061,40,44,1,21009
-54,110,15,-19856,77,17,1,19844
-56,149,40,-19077,53,2,1,19002
-82,154,43,-18673,84,-15,1,-18506
-68,162,58,-18450,54,-28,1,-18661
-71,159,67,-18403,59,-65,1,-18177
-75,136,47,-18607,74,-94,1,-18520
-80,121,32,-19001,85,-132,1,-19196
-83,116,35,-19513,87,-158,1,-19701
-77,104,35,-20204,86,-175,0,-19991
-62,80,31,-21022,93,-182,1,-21125
-61,55,28,-21976,131,-221,1,-21917
-47,29,21,-22994,164,-260,1,-22612
-31,16,15,-24071,155,-274,1,-24463
21,-22,-32,-24995,-147,-474,0,-24821
6,-48,-56,-25859,-29,-540,0,-26394
30,-61,-86,-26588,-113,-506,1,-26151
56,-73,-117,-27000,-127,-473,1,-26839
42,-92,-127,-27059,-91,-466,1,-26678
23,-96,-107,-26889,-70,-465,0,-26814
7,-98,-87,-26620,-41,-479,0,-26176
-15,-96,-61,-26303,-9,-496,0,26422
6,-90,-57,-26035,-62,-508,0,-25618
19,-84,-52,-25604,-93,-469,0,-26107
3,-58,-42,-24829,-47,-450,0,-24835
-26,-28,-25,-23756,82,-386,1,-23810
-12,3,-9,-22561,122,-187,0,22754
-32,52,4,-21324,96,-4,1,-21253
-57,97,19,-20275,100,-1,0,-20255
-52,136,46,-19405,55,16,1,19325
-70,155,62,-18725,58,-27,1,-18920
-64,155,65,-18371,47,-43,1,-18210
-62,143,60,-18355,58,-66,1,-18245
-74,120,47,-18532,86,-103,1,-18511
-77,110,42,-18854,94,-119,1,-18823
-77,118,50,-19425,81,-146,1,-19244
-78,120,52,-20278,77,-170,1,-20436
-74,95,37,-21316,100,-157,0,-21387
-60,60,16,-22495,132,-202,1,-22408
-48,15,0,-23703,251,-305,1,-23935
-37,-14,0,-24905,229,-461,1,24651
-3,-26,-13,-25962,-23,-652,0,26593
14,-49,-47,-26781,-81,-533,0,-27339
26,-77,-79,-27425,-83,-534,1,-27005
44,-90,-100,-27843,-111,-498,1,-27977
57,-89,-107,-28018,-124,-463,1,-27853
36,-87,-90,-27919,-97,-468,1,-27798
12,-87,-74,-27639,-57,-486,0,-27195
9,-96,-67,-27240,-55,-496,0,-27561
1,-83,-58,-26617,-46,-491,0,-26200
-3,-66,-44,-25768,-48,-461,0,25902
-9,-40,-33,-24790,-3,-431,0,24948
-34,-16,-19,-23642,154,-350,1,-23970
-39,40,-17,-22398,107,-63,1,22325
-48,114,5,-21154,55,32,1,21229
-73,151,39,-20062,64,9,1,20207
-53,153,63,-19733,32,-22,1,-19889
-49,124,53,-19887,49,-48,1,-19915
-57,119,56,-19953,60,-58,1,-19842
-68,131,61,-19811,62,-81,1,-19955
-77,132,50,-19748,73,-102,1,-19959
-70,126,40,-20048,71,-125,1,-20069
-69,122,43,-20752,78,-166,1,-20979
-68,105,38,-21637,84,-165,0,-21627
-78,87,31,-22518,114,-169,1,-22314
-58,64,21,-23409,99,-196,1,-23488
-34,34,0,-24372,129,-200,1,-24438
-10,-10,-33,-25416,29,-445,0,-25285
4,-46,-66,-26358,-34,-519,0,-25785
23,-68,-88,-27120,-82,-519,0,-27578
58,-89,-109,-27574,-123,-476,1,-27162
46,-95,-115,-27667,-91,-472,1,-28063
23,-94,-105,-27493,-63,-462,0,-27320
6,-91,-86,-27164,-44,-467,0,-27626
-4,-90,-64,-26685,-31,-482,0,27044
-8,-84,-51,-26064,-24,-481,0,25692
-16,-63,-44,-25277,2,-469,0,-25459
-13,48,3,-22227,25,59,0,22221
-46,86,14,-21090,85,8,1,21066
-51,129,35,-20285,56,22,1,20353
-68,136,37,-19819,76,-19,1,-19930
-83,133,40,-19623,104,-37,1,-19479
-79,136,56,-19595,90,-57,1,-19478
-86,133,57,-19675,93,-95,1,-19508
-86,124,45,-19885,91,-114,1,-19842
-84,118,37,-20275,89,-143,1,-20455
-87,115,37,-20850,92,-169,1,-20871
-74,99,36,-21585,92,-152,0,-21656
-78,77,34,-22447,123,-210,1,-22310
-75,55,24,-23346,152,-238,1,-23331
-70,29,17,-24287,202,-291,1,-24445
-27,37,-11,-25065,68,-175,1,24884
4,-2,-73,-25804,-42,-385,0,-25902
23,-49,-123,-26817,-58,-465,0,-26999
52,-89,-141,-27677,-108,-487,1,-28019
61,-96,-123,-27989,-123,-457,1,-27902
24,-101,-87,-27899,-74,-491,0,-28018
2,-98,-67,-27690,-33,-512,0,-28118
-7,-94,-59,-27512,-19,-520,0,26881
8,-89,-60,-27333,-54,-510,0,-27494
16,-87,-67,-27025,-70,-481,0,-26676
10,-76,-64,-26425,-62,-451,0,-26300
-6,-56,-55,-25557,-21,-417,0,25190
-27,-36,-41,-24469,52,-380,1,-24266
-24,-4,-28,-23310,103,-262,0,-23139
-28,53,-16,-22091,89,0,1,-22066
-77,108,0,-20847,122,-16,0,-20794
-87,140,18,-19750,88,-5,1,-19891
-76,173,47,-19235,58,-7,1,-19413
-79,180,68,-19045,58,-30,1,-19199
-75,160,64,-19055,58,-80,1,-19123
-77,135,41,-19381,77,-121,1,-19297
-80,117,28,-19912,93,-131,1,-19774
-82,91,20,-20555,117,-188,0,-20633
-82,77,29,-21305,136,-187,1,-21257
-71,56,22,-22256,153,-231,1,-22268
-49,22,7,-23367,221,-281,1,-23202
-41,-6,0,-24541,294,-414,1,24393
-13,-28,-18,-25639,45,-586,0,-26183
-4,-59,-39,-26538,-18,-576,0,26010
7,-74,-63,-27273,-48,-565,0,-26850
26,-95,-100,-27771,-60,-517,1,-28258
25,-97,-106,-28060,-66,-485,1,-27694
27,-92,-86,-28155,-98,-478,1,-27729
20,-88,-57,-28103,-97,-509,0,-27684
20,-87,-52,-27936,-87,-516,0,-28474
10,-90,-65,-27580,-54,-496,0,-27249
1,-88,-62,-26967,-42,-490,0,-26880
-13,-61,-44,-26024,-21,-447,0,25620
-24,-38,-27,-24885,42,-417,0,-24725
-19,10,-19,-23668,110,-152,0,23682
-39,66,1,-22398,89,0,1,22338
-55,101,16,-21229,78,-15,0,-21230
-68,135,30,-20427,67,10,1,20314
-64,140,40,-20070,66,-3,1,-20158
-75,141,46,-20000,79,-36,1,-20122
-66,144,56,-20047,63,-54,1,-20143
-71,133,47,-20183,74,-88,1,-20005
-74,117,36,-20450,87,-119,1,-20444
-80,114,38,-20855,93,-146,1,-20899
-82,111,37,-21399,95,-149,1,-21318
-83,98,34,-22106,102,-188,0,-22165
-70,67,24,-22992,134,-184,1,-23012
-70,32,12,-24006,210,-280,1,-23659
-51,11,0,-25128,255,-355,1,-25473
-22,-21,-25,-26275,98,-506,0,-26403
-10,-25,-40,-27379,3,-480,0,-27419
43,-63,-88,-28332,-129,-481,1,-28555
57,-78,-108,-28866,-118,-473,1,-29041
58,-87,-106,-29011,-119,-462,1,-28912
30,-88,-80,-28870,-89,-483,1,-29051
11,-93,-62,-28607,-59,-517,0,-28137
20,-95,-70,-28284,-75,-499,0,-28623
13,-95,-73,-27798,-58,-488,0,-27987
8,-73,-70,-27048,-59,-438,0,-26672
-7,-60,-55,-26123,-4,-422,0,26533
-30,-31,-42,-25027,85,-359,1,-24793
-36,7,-28,-23783,160,-195,1,23736
-32,68,-14,-22565,69,-6,1,22577
-72,121,2,-21295,102,1,1,21366
-78,150,32,-20265,81,8,1,20361
-85,153,43,-19690,82,-30,1,-19524
-82,153,52,-19386,73,-60,1,-19253
-82,143,55,-19283,81,-88,1,-19391
-80,118,39,-19447,95,-122,1,-19406
-83,106,31,-19781,103,-165,0,-19875
-81,104,35,-20223,97,-167,0,-20001
-76,96,38,-20882,99,-185,0,-20806
-74,73,28,-21733,134,-182,1,-21705
-65,41,19,-22804,183,-254,1,-22817
-52,15,11,-23997,245,-316,1,-23623
-32,-6,-2,-25204,273,-422,1,-25312
5,-36,-40,-26341,-47,-546,0,-25833
15,-65,-73,-27278,-57,-532,0,-26788
43,-82,-100,-27866,-102,-494,1,-27980
51,-97,-106,-28170,-112,-478,1,-28547
27,-95,-83,-28197,-85,-492,1,-28560
9,-92,-62,-28086,-57,-517,0,-28645
18,-88,-62,-27919,-79,-506,0,-27844
19,-91,-63,-27604,-78,-493,0,-27144
12,-86,-59,-26956,-66,-474,0,-26803
-10,-58,-42,-25973,-22,-447,0,25796
-25,-33,-23,-24805,73,-411,1,-24859
-23,4,-18,-23561,151,-199,0,23640
-36,62,-7,-22342,80,-21,1,22297
-54,123,20,-21098,67,23,1,21092
-89,144,42,-19986,96,9,1,20121
-82,153,59,-19581,76,-35,1,-19683
-82,134,57,-19672,91,-72,1,-19495
-80,115,53,-19919,94,-103,1,-19965
-80,105,47,-20206,94,-130,0,-20026
-84,104,42,-20576,100,-141,0,-20645
-78,103,44,-21153,86,-170,0,-21084
-71,91,49,-21907,89,-215,0,-21812
-73,71,44,-22709,120,-220,1,-22584
-62,36,22,-23583,180,-262,1,-23972
-67,9,17,-24520,250,-348,1,-24128
-46,-10,6,-25415,237,-430,1,25127
-10,-39,-29,-26241,12,-586,0,-25845
-15,-68,-72,-27048,6,-522,0,-27553
12,-75,-97,-27760,-74,-513,0,-28163
25,-84,-88,-28217,-83,-492,1,-28576
39,-87,-77,-28452,-110,-491,1,-28315
30,-98,-64,-28493,-89,-519,1,-27986
36,-95,-60,-28350,-103,-508,1,-28515
26,-95,-68,-27978,-69,-493,1,-27878
-15,-83,-56,-27295,6,-476,0,-27435
-18,-71,-41,-26348,-11,-441,0,26404
-15,-44,-31,-25299,16,-464,0,-25397
-30,-2,-18,-24097,198,-252,1,-24084
-45,51,-2,-22853,127,-41,1,22798
-51,106,23,-21634,63,-9,0,-21756
-62,138,44,-20619,61,9,1,20518
-72,151,55,-20257,69,-15,1,-20368
-71,155,68,-20371,78,-38,1,-20324
-87,138,65,-20589,86,-102,1,-20674
-84,116,49,-20976,93,-148,1,-20789
-84,100,37,-21679,113,-182,0,-21627
-95,86,36,-22613,137,-218,1,-22572
-75,65,33,-23685,140,-199,1,-23784
-75,35,23,-24873,203,-283,1,-24709
-64,2,10,-26096,268,-395,1,-25950
-35,-16,-5,-27228,204,-451,1,-27520
-5,-38,-39,-28279,-20,-554,0,27721
19,-59,-74,-29136,-79,-527,0,-29678
37,-78,-99,-29699,-95,-495,1,-30140
28,-80,-100,-29934,-87,-473,1,-30033
23,-87,-90,-29948,-87,-478,0,-30059
10,-95,-76,-29852,-59,-501,0,-30025
11,-98,-70,-29739,-60,-508,0,-30152
14,-87,-71,-29576,-65,-487,0,-29246
14,-90,-73,-29254,-65,-475,0,-29635
6,-77,-65,-28622,-49,-446,0,-28233
-20,-61,-50,-27703,17,-428,0,-28049
-37,-39,-33,-26545,74,-388,1,-26201
5,7,-23,-25301,-117,-147,0,25124
-27,68,-2,-24123,86,38,1,-24087
-91,115,3,-23137,138,-51,1,-23282
-88,134,19,-22266,105,-10,1,-22105
-90,149,40,-21689,90,-25,1,-21534
-92,132,39,-21511,102,-79,1,-21718
-82,114,36,-21636,105,-100,1,-21646
-81,107,32,-21878,106,-124,0,-21886
-82,101,30,-22125,109,-136,0,-22191
-92,104,36,-22462,115,-164,0,-22393
-90,103,40,-23031,104,-190,0,-22840
-87,86,36,-23816,124,-209,1,-23949
-90,64,30,-24823,155,-242,1,-24729
-62,36,12,-25923,184,-233,1,-25861
-39,-2,-10,-27168,252,-415,1,-27473
-14,-32,-39,-28289,30,-531,0,-27835
-19,-53,-56,-29312,13,-539,0,-28796
16,-52,-73,-30163,-96,-479,0,-29755
48,-67,-102,-30774,-126,-473,1,-31109
49,-75,-120,-31061,-111,-450,1,-30965
46,-78,-114,-31083,-106,-436,1,-30882
21,-85,-88,-30875,-71,-466,0,-31002
10,-85,-75,-30549,-55,-476,0,-30384
7,-95,-73,-30119,-43,-478,0,-29763
-6,-77,-63,-29507,-21,-454,0,29414
-6,-68,-50,-28716,-25,-449,0,29062
-24,-52,-35,-27761,39,-437,0,-28136
-26,-17,-27,-26635,112,-332,1,-26914
-28,33,-10,-25392,109,-42,1,25435
-49,76,0,-24150,97,-28,1,-24145
-57,132,27,-23139,57,22,1,23273
-62,173,61,-22584,56,17,1,22704
-88,166,69,-22384,82,-47,1,-22437
-78,141,63,-22480,76,-87,1,-22314
-83,110,45,-22784,108,-133,1,-22534
-86,92,33,-23198,121,-182,0,-23164
-87,92,41,-23718,116,-187,0,-23627
-90,93,48,-24446,110,-210,0,-24565
-77,67,36,-25342,132,-226,1,-25265
-74,45,30,-26414,174,-235,1,-26385
-65,22,16,-27621,218,-304,1,-27221
-17,0,-16,-28829,133,-386,0,29061
1,-52,-63,-29894,-31,-511,0,-29996
-8,-67,-86,-30734,-33,-508,0,31172
36,-84,-98,-31271,-115,-488,1,-31655
32,-89,-95,-31584,-94,-483,1,-31430
43,-83,-84,-31739,-121,-470,1,-31359
41,-79,-69,-31733,-124,-478,1,-31347
34,-78,-66,-31544,-105,-483,1,-31377
12,-91,-70,-31141,-50,-497,0,-30837
-1,-96,-68,-30493,-33,-478,0,30463
-17,-87,-59,-29668,1,-467,0,-29263
-33,-67,-40,-28712,47,-443,1,-29173
-33,-42,-23,-27791,86,-418,1,-28006
-36,-10,-11,-26771,232,-294,1,-27005
-50,32,-7,-25664,200,-106,1,25738
-54,74,7,-24575,110,-41,1,-24516
-65,110,27,-23570,91,-5,1,-23673
-72,136,45,-22958,83,-7,1,-22810
-87,158,68,-22671,87,-49,1,-22631
-102,146,65,-22607,97,-109,1,-22775
-94,117,45,-22828,107,-146,1,-23000
-89,106,41,-23316,109,-169,0,-23504
-88,98,45,-23980,105,-199,0,-23839
-82,84,40,-24774,113,-208,1,-24662
-72,50,22,-25699,168,-218,1,-25716
-62,20,10,-26803,241,-280,1,-26997
-43,-7,-8,-28031,254,-419,1,-27659
-16,-46,-35,-29171,21,-577,0,-29606
-9,-70,-54,-30113,-21,-571,0,30708
12,-80,-68,-30810,-75,-539,0,-31244
27,-83,-74,-31286,-96,-505,1,-31634
45,-84,-84,-31549,-122,-484,1,-31369
43,-86,-76,-31586,-115,-480,1,-31483
27,-85,-58,-31432,-100,-503,1,-31528
13,-92,-54,-31124,-62,-520,0,-31689
-5,-98,-60,-30624,-37,-513,0,30183
3,-87,-55,-29824,-70,-487,0,-30142
3,-44,-34,-28856,-69,-444,0,-28996
-25,-12,-14,-27820,168,-327,1,-27993
-36,37,3,-26641,134,-73,1,-26841
-40,95,21,-25403,58,0,0,25455
-62,110,33,-24383,91,-5,1,-24337
-63,127,30,-23830,63,-3,1,-23925
-44,136,40,-23577,42,10,1,23728
-64,143,56,-23372,59,-41,1,-23508
-63,139,64,-23229,54,-65,1,-23101
-70,134,57,-23220,63,-93,1,-23082
-74,129,50,-23381,66,-118,1,-23451
-75,130,47,-23829,68,-120,1,-24004
-61,133,54,-24572,41,-144,1,-24530
-55,114,46,-25508,52,-174,1,-25428
-44,76,16,-26552,80,-120,1,-26597
-35,22,-8,-27668,195,-255,1,27678
-40,-9,-2,-28832,265,-431,1,-28694
2,-41,-21,-29880,-61,-630,0,-30403
3,-60,-37,-30704,-51,-608,0,-30109
28,-74,-74,-31324,-96,-538,1,-30723
34,-88,-99,-31737,-87,-514,1,-31164
50,-84,-104,-31893,-115,-461,1,-32048
29,-90,-83,-31784,-85,-481,1,-32135
8,-93,-58,-31515,-57,-515,0,-31056
15,-93,-55,-31153,-68,-512,0,-30828
0,-92,-47,-30624,-43,-512,0,-30270
7,-72,-45,-29898,-67,-471,0,-30004
-24,-50,-35,-28971,32,-432,0,-28836
-47,-25,-17,-27887,144,-342,1,-27919
1,27,-7,-26679,-102,60,0,-26738
-14,97,16,-25546,8,74,0,25589
-60,140,48,-24768,60,-12,1,-24589
-59,140,56,-24470,48,-8,1,-24368
-40,136,59,-24510,25,-20,1,-24353
-42,139,73,-24582,38,-35,1,-24810
-57,135,72,-24669,53,-82,1,-24781
-69,122,57,-24849,69,-115,1,-24868
-75,117,53,-25230,82,-126,1,-25260
-76,114,54,-25863,78,-164,1,-26088
-74,103,57,-26624,82,-187,0,-26371
-65,80,50,-27440,89,-202,1,-27551
-62,54,37,-28299,126,-206,1,-28181
-44,31,16,-29197,144,-244,1,-29257
-11,-5,-9,-30145,152,-455,0,-29851
-3,-26,-30,-31028,-11,-543,0,31523
21,-50,-60,-31819,-91,-533,0,-32282
47,-83,-91,-32464,-119,-497,1,-32622
61,-95,-102,-32808,-129,-487,1,-33093
43,-100,-83,-32829,-112,-497,1,-33211
19,-102,-64,-32665,-77,-522,0,-32151
17,-100,-60,-32451,-67,-522,0,-31939
16,-93,-55,-32157,-68,-512,0,-31833
17,-85,-56,-31665,-71,-480,0,-31322
-4,-62,-43,-30903,-20,-475,0,31081
-38,-44,-29,-29816,80,-404,1,-30118
1,4,-20,-28571,-114,-159,0,28513
-6,75,3,-27327,-3,102,0,-27286
-54,121,42,-26117,76,6,1,26155
-64,125,49,-25392,71,-35,1,-25403
-52,126,51,-25031,36,-34,1,-25023
-62,126,51,-24751,65,-39,1,-24763
-69,143,66,-24621,62,-49,1,-24745
-64,150,70,-24838,57,-69,1,-24981
-65,148,63,-25360,54,-97,1,-25522
-68,136,51,-26046,58,-127,1,-25859
-69,119,39,-26835,63,-153,1,-26723
-61,91,26,-27733,82,-164,0,-27867
-63,64,22,-28793,123,-203,1,-28835
-38,41,10,-29948,109,-192,1,-29741
-15,6,-12,-31158,146,-329,0,30830
3,-33,-46,-32172,-41,-523,0,-32646
11,-57,-83,-33007,-67,-516,0,-33485
39,-92,-123,-33531,-95,-482,1,-33601
48,-96,-111,-33708,-112,-464,1,-33290
21,-103,-76,-33649,-70,-507,0,-33526
16,-102,-58,-33494,-69,-528,0,-32977
24,-96,-68,-33230,-62,-488,0,-32786
-9,-87,-52,-32720,-18,-489,0,32345
-8,-73,-39,-31973,-25,-503,0,32097
-7,-38,-26,-30992,-23,-451,0,30947
-16,2,-6,-29806,219,-198,0,29817
-25,60,14,-28562,61,20,1,28561
-65,99,31,-27380,100,-42,0,-27265
-77,108,33,-26554,95,-3,0,-26600
-44,136,54,-26375,46,7,1,26553
-75,123,53,-26486,105,-47,1,-26422
-72,118,56,-26603,82,-80,1,-26622
-77,121,55,-26630,80,-93,1,-26633
-83,126,50,-26639,80,-113,1,-26676
-80,125,46,-26935,80,-134,1,-27133
-84,118,42,-27634,94,-143,1,-27438
-79,100,33,-28554,97,-182,0,-28501
-71,76,27,-29593,111,-199,1,-29476
-49,45,13,-30729,142,-212,1,-30791
-46,27,-3,-31936,182,-257,1,32062
8,-13,-34,-33045,-107,-463,0,-32920
20,-45,-82,-33838,-69,-492,0,-34282
19,-79,-120,-34348,-67,-511,0,-34752
15,-92,-116,-34591,-68,-479,0,-34471
10,-98,-95,-34701,-61,-493,0,-34412
15,-97,-85,-34758,-76,-489,0,-34400
30,-83,-87,-34713,-94,-458,1,-34326
11,-88,-74,-34426,-56,-463,0,-34712
1,-72,-60,-33792,-42,-444,0,-33299
-12,-54,-41,-32911,-7,-441,0,33060
-30,-28,-20,-31842,110,-384,1,-32103
-20,22,10,-30608,94,-56,0,-30700
-16,60,27,-29389,11,-8,0,-29419
-39,96,34,-28251,57,11,0,28174
-66,120,33,-27375,74,-2,1,-27327
-64,133,31,-26759,54,1,1,26647
-42,149,56,-26516,36,23,1,26407
-58,160,75,-26627,56,-39,1,-26830
-57,149,69,-26900,46,-74,1,-27040
-62,129,49,-27220,60,-94,1,-27325
-72,119,40,-27558,71,-139,1,-27508
-74,116,42,-28067,68,-164,1,-27986
-62,98,42,-28804,79,-143,0,-28726
-67,72,39,-29757,118,-207,1,-29867
-61,44,31,-30792,150,-220,1,-30727
-44,19,19,-31920,186,-288,1,-32035
-5,-1,-15,-33066,42,-393,0,-32900
0,-37,-50,-34120,-25,-500,0,-33980
24,-53,-75,-34960,-100,-488,0,-35184
58,-64,-100,-35508,-137,-472,1,-35722
71,-76,-117,-35693,-119,-463,1,-35504
39,-88,-102,-35545,-90,-461,1,-35676
14,-94,-82,-35245,-60,-484,0,-34933
14,-116,-78,-34865,-54,-502,0,-35267
0,-79,-60,-34326,-37,-467,0,-34709
