-15,97,-27,126,7,-3,0,-13
-17,98,-27,135,9,-5,0,-225
-15,99,-27,145,4,-2,0,-226
-14,98,-27,154,1,0,0,236
-14,98,-27,160,4,-2,0,-211
-16,98,-28,162,8,-5,0,-219
-19,98,-28,165,12,-8,0,-200
-28,105,-28,167,26,-16,0,-218
-53,124,-25,131,42,-36,1,-218
-71,144,-25,11,44,-46,1,-200
-57,156,-26,-313,3,-25,1,413
-58,138,-20,-981,40,-23,1,841
-70,100,-18,-1881,86,-65,0,1916
-79,63,-9,-2816,150,-135,1,2709
-100,32,-5,-3820,211,-233,1,3732
-109,29,-4,-4823,215,-253,1,4748
-112,43,9,-5870,187,-234,1,-5874
-89,48,29,-6994,144,-216,1,-7009
-64,41,53,-8036,112,-209,1,-8164
-35,34,65,-8827,20,-231,1,-8907
-10,13,59,-9341,-26,-284,0,9539
-8,-3,49,-9667,-10,-333,0,-9394
-8,-14,37,-9783,-6,-410,0,-10120
-1,-26,20,-9743,-41,-533,0,-9278
4,-38,4,-9609,-64,-636,0,10219
5,-46,0,-9342,-69,-635,0,9833
2,-49,-1,-8888,-48,-637,0,-8405
-28,-47,0,-8279,95,-518,1,8762
-55,-39,6,-7592,188,-406,1,7323
-69,-38,17,-6952,209,-377,1,6909
-85,-32,33,-6363,228,-337,1,6407
-102,-33,34,-5853,247,-327,1,5897
-127,-28,39,-5459,261,-296,1,5425
-120,-13,51,-5287,245,-264,1,5407
-115,1,63,-5343,231,-239,1,-5273
-134,5,48,-5574,267,-234,1,-5269
-129,17,43,-6018,253,-213,1,-5906
-114,22,45,-6648,233,-202,1,-6559
-110,26,58,-7384,207,-201,1,-7327
-103,22,74,-8179,179,-218,1,-8098
-101,15,85,-8969,157,-243,1,-9051
-90,5,84,-9730,148,-278,1,-10124
-77,-6,75,-10495,132,-309,1,10575
-36,-25,55,-12098,79,-390,1,11908
-27,-32,52,-12423,44,-428,1,12595
-11,-31,50,-12618,-7,-440,0,-12509
-5,-36,41,-12688,-23,-483,0,-12408
-6,-39,32,-12613,-19,-516,0,-13141
-6,-45,25,-12384,-17,-552,0,-12891
-18,-49,19,-11987,31,-554,0,11476
-39,-47,9,-11457,110,-500,1,11615
-45,-49,-6,-10873,129,-487,1,-11014
-57,-53,-25,-10261,144,-450,1,-10579
-71,-54,-28,-9605,166,-420,1,-9451
-80,-49,-21,-8929,201,-384,1,-9023
-110,-47,-15,-8323,252,-343,1,-8551
-130,-40,-6,-7863,279,-310,1,-7733
-136,-20,25,-7617,290,-262,1,7529
-133,-4,33,-7603,291,-239,1,7386
-142,11,30,-7811,289,-231,1,-8159
-135,24,34,-8206,260,-207,1,-8569
-119,36,55,-8794,206,-163,1,-8788
-112,34,74,-9459,183,-199,1,-9352
-112,25,79,-10215,182,-224,1,-10166
-107,16,78,-11023,173,-238,1,-11130
-96,9,78,-11840,155,-259,1,-12222
-87,-2,72,-12653,155,-293,1,12495
-75,-12,67,-13467,136,-323,1,13649
-52,-17,67,-14222,103,-343,1,14047
-30,-16,66,-14890,44,-358,1,15155
10,-35,28,-15951,-90,-509,0,16349
10,-45,16,-15982,-85,-569,0,15413
14,-48,8,-15826,-103,-584,0,16347
3,-52,-1,-15477,-47,-638,0,-15894
-27,-51,-10,-14938,81,-533,1,-14399
-57,-52,-17,-14298,159,-445,1,-14051
-77,-48,-13,-13692,200,-396,1,-13397
-83,-43,-2,-13146,224,-371,1,-12978
-99,-31,13,-12668,259,-335,1,12612
-108,-20,25,-12240,281,-291,1,12182
-122,-13,36,-11946,281,-270,1,12015
-135,-10,30,-11784,303,-262,1,11967
-153,-3,21,-11857,324,-239,1,12150
-144,11,35,-12160,278,-204,1,-11783
-129,26,61,-12653,225,-187,1,-12692
-140,21,76,-13320,219,-209,1,-13534
-139,19,87,-14127,193,-228,1,-14274
-112,14,94,-15011,148,-247,1,-15101
-92,7,91,-15856,133,-276,1,-15486
-74,8,86,-16621,100,-285,1,-16769
-59,5,77,-17277,95,-298,1,-17020
-36,0,64,-17836,62,-323,1,-17592
-12,-16,44,-18275,6,-399,0,18112
-1,-28,36,-18555,-44,-466,0,-18878
9,-36,28,-18656,-93,-516,0,19124
5,-45,20,-18642,-63,-571,0,19178
-5,-48,15,-18493,-20,-592,0,-19015
-3,-54,9,-18207,-33,-620,0,-17770
-10,-60,5,-17815,-3,-611,0,-18372
-24,-59,-1,-17318,49,-559,0,-16790
-42,-59,-17,-16777,107,-498,1,-16403
-55,-62,-39,-16219,126,-451,1,-16073
-75,-66,-43,-15717,167,-416,1,-15487
-110,-61,-48,-15267,223,-363,1,-14955
-148,-47,-33,-14922,280,-302,1,-15075
-151,-15,2,-14757,331,-244,1,14469
-155,12,29,-14819,318,-180,1,-14568
-151,22,35,-15137,289,-188,1,-14875
-138,29,61,-15652,232,-177,1,-15826
-136,18,65,-16287,243,-205,1,-16247
-136,7,71,-17048,231,-233,1,-16989
-117,-5,69,-17859,215,-267,1,17449
-123,-12,64,-18690,217,-289,1,18634
-101,-13,60,-19531,190,-306,1,19858
-78,-15,65,-20313,146,-322,1,20106
-56,-16,65,-20977,104,-341,1,20662
-36,-18,60,-21529,59,-365,1,21826
-16,-20,56,-21909,-5,-384,0,-21706
3,-22,47,-22102,-63,-406,0,22469
3,-30,35,-22124,-60,-473,0,22455
5,-38,17,-21972,-89,-579,0,22522
3,-41,-1,-21647,-67,-647,0,-22116
-8,-44,-13,-21171,-3,-582,0,20695
-24,-39,-16,-20529,73,-510,0,-20921
-49,-43,-23,-19770,147,-440,1,-19475
-75,-42,-26,-18925,197,-391,1,-18647
-88,-40,-22,-18073,229,-366,1,-18295
-105,-41,-26,-17221,256,-347,1,-17221
-134,-42,-39,-16448,270,-320,1,-16520
-172,-28,-27,-15846,309,-268,1,-15731
-177,-7,-5,-15518,330,-255,1,-15769
-190,12,13,-15549,323,-207,1,-15759
-172,35,37,-15908,255,-175,1,-16093
-148,40,57,-16558,224,-147,1,-16479
-128,34,64,-17332,206,-191,1,-17374
-126,17,55,-18150,222,-227,1,-18050
-114,3,49,-18976,218,-261,1,-19330
-90,-8,42,-19803,202,-296,1,19648
-71,-11,49,-20598,163,-312,1,20895
-47,-10,67,-21323,79,-319,1,21084
-18,-8,82,-21937,-26,-326,0,-21675
14,-10,69,-22362,-94,-342,0,22033
21,-24,31,-22609,-139,-457,0,22797
-3,-36,3,-22686,1,-646,0,23097
-4,-42,-11,-22598,-11,-596,0,23102
3,-42,-14,-22393,-53,-577,0,-21802
1,-40,-19,-22022,-36,-541,0,-21517
-20,-31,-25,-21401,97,-445,0,-21075
-64,-27,-11,-20640,246,-361,1,-20782
-89,-19,1,-19775,299,-319,1,19811
-119,-19,6,-18943,310,-308,1,18842
-152,-28,-3,-18188,322,-303,1,-18411
-171,-30,-4,-17638,307,-292,1,-17475
-170,-23,0,-17368,316,-272,1,17240
-175,-7,11,-17424,319,-240,1,17791
-157,13,25,-17746,279,-211,1,-17440
-139,22,42,-18295,244,-218,1,-18415
-130,22,59,-18981,214,-226,1,-19133
-96,-3,61,-21257,173,-310,1,21235
-73,-7,52,-21973,159,-325,1,21622
-47,-14,48,-22594,113,-354,1,22849
-26,-20,47,-23066,49,-393,1,23430
-10,-25,46,-23377,-14,-423,0,-23239
-1,-35,42,-23518,-46,-472,0,-23086
-2,-35,32,-23503,-36,-511,0,-23059
-9,-44,11,-23331,4,-617,0,22884
-24,-57,-4,-23058,53,-582,0,-22608
-27,-55,-18,-22712,54,-546,1,-23199
-24,-54,-25,-22295,47,-525,0,-21774
-28,-48,-32,-21752,69,-484,1,-21882
-46,-47,-37,-21111,122,-437,1,-21405
-65,-45,-34,-20373,177,-396,1,-20193
-91,-47,-34,-19598,238,-352,1,-19819
-130,-42,-26,-18884,269,-319,1,-18755
-161,-35,-20,-18313,302,-282,1,-18222
-173,-9,1,-17983,332,-235,1,18238
-151,4,10,-17955,327,-214,1,-18220
-152,17,16,-18183,309,-196,1,-18022
-149,29,46,-18585,237,-179,1,-18532
-128,22,68,-19186,204,-198,1,-19159
-136,15,74,-19957,203,-228,1,-19742
-118,7,70,-20808,180,-254,1,-20794
-106,0,73,-21702,165,-280,1,-21845
-81,0,73,-22566,125,-294,1,-22888
-50,-5,70,-23339,76,-319,1,23080
-24,-8,62,-23963,25,-334,0,23778
0,-18,54,-24403,-62,-392,0,24269
3,-24,42,-24623,-68,-442,0,25064
1,-36,26,-24688,-50,-526,0,25193
1,-48,9,-24616,-53,-633,0,25166
4,-55,-8,-24411,-60,-633,0,-23855
-7,-68,-28,-24096,-9,-572,0,23664
-18,-67,-35,-23698,17,-528,0,-24317
-31,-63,-35,-23219,65,-491,1,-23321
-63,-58,-29,-22713,146,-433,1,-22915
-64,-50,-10,-22160,183,-405,1,-22441
-86,-49,13,-21644,235,-371,1,21881
-92,-56,17,-21167,227,-376,1,21316
-98,-53,14,-20769,234,-371,1,20704
-137,-35,22,-20426,290,-282,1,20301
-140,-12,38,-20335,279,-264,1,20443
-132,1,63,-20517,241,-219,1,-20658
-135,1,69,-20908,232,-238,1,-20848
-138,0,72,-21478,220,-253,1,-21256
-125,-3,72,-22198,202,-273,1,22362
-118,-6,79,-23002,181,-286,1,22605
-105,-6,85,-23824,151,-299,1,23689
-84,-7,80,-24620,137,-313,1,24988
-53,-14,68,-25381,91,-342,1,25172
-39,-19,61,-26023,70,-368,1,25733
-23,-22,57,-26556,27,-392,0,26143
-11,-29,54,-26962,-13,-429,0,-26836
2,-37,49,-27272,-62,-467,0,27517
14,-41,37,-27496,-117,-514,0,26899
25,-49,19,-27602,-148,-547,1,26969
27,-57,5,-27583,-145,-571,1,26929
29,-60,-12,-27398,-138,-556,1,-27018
16,-66,-25,-27069,-86,-558,0,-27536
10,-59,-28,-26581,-74,-534,0,-26018
-13,-61,-30,-25940,20,-519,0,-26479
-51,-57,-22,-25197,137,-444,1,-25411
-72,-54,-16,-24489,194,-401,1,-24197
-82,-54,-27,-23859,214,-380,1,-23779
-128,-49,-17,-23270,267,-335,1,-23293
-151,-25,8,-22796,309,-283,1,22945
-164,-7,27,-22650,327,-231,1,22885
-169,0,38,-22811,308,-222,1,-22655
-156,16,55,-23233,249,-199,1,-23105
-139,16,64,-23885,241,-207,1,-23979
-128,13,72,-24690,211,-225,1,-24700
-110,-3,76,-25544,188,-264,1,25180
-103,-11,77,-26420,157,-293,1,26280
-88,-18,75,-27298,138,-318,1,27416
-63,-14,72,-28060,90,-330,1,27888
-38,-20,64,-28733,67,-368,1,29029
-27,-29,52,-29283,53,-416,1,29689
-15,-32,44,-29734,12,-454,0,30163
5,-37,34,-30092,-74,-505,0,29755
15,-38,29,-30316,-108,-506,0,30668
24,-44,19,-30364,-149,-535,0,29755
23,-50,2,-30220,-135,-583,0,29933
13,-56,-14,-29922,-83,-591,0,-30409
-2,-57,-26,-29431,-26,-558,0,28896
-14,-58,-39,-28745,20,-506,0,-29110
-55,-63,-45,-27915,133,-440,1,-27680
-88,-65,-32,-27096,185,-411,1,-26880
-109,-58,-31,-26341,230,-367,1,-26405
-135,-54,-29,-25778,270,-319,1,-25646
-127,-40,-8,-25429,278,-308,1,-25389
-135,-29,14,-25259,299,-283,1,25100
-144,-22,28,-25293,286,-290,1,25206
-160,-20,36,-25549,291,-264,1,25411
-145,-10,62,-26022,237,-253,1,25872
-113,-17,71,-26668,201,-280,1,27089
-116,-9,92,-27396,167,-282,1,27289
-82,-4,102,-28128,99,-281,1,27795
-59,-6,98,-28830,78,-304,1,29090
-45,-11,84,-29467,58,-332,1,29210
-32,-16,65,-29997,55,-358,1,29740
-18,-23,54,-30424,15,-404,0,30584
-3,-31,45,-30703,-42,-456,0,-30260
6,-40,33,-30837,-73,-508,0,31173
4,-46,23,-30808,-61,-556,0,31356
3,-50,15,-30626,-60,-599,0,30195
0,-57,4,-30306,-37,-647,0,29949
-15,-55,-5,-29860,15,-592,0,-30430
-25,-54,-19,-29284,56,-526,1,-28779
-48,-48,-25,-28609,133,-448,1,-28386
-70,-41,-31,-27834,192,-381,1,-28022
-92,-40,-34,-27068,227,-349,1,-26715
-111,-41,-39,-26323,251,-327,1,-26381
-156,-37,-22,-25653,307,-287,1,-25777
-181,-28,4,-25198,324,-260,1,25218
-175,-16,16,-25104,324,-247,1,25359
-169,-2,33,-25361,293,-225,1,25182
-144,14,51,-25838,243,-229,1,-25676
-143,9,60,-26511,235,-242,1,-26413
-128,0,62,-27285,208,-252,1,-27390
-125,-8,58,-28120,217,-291,1,27758
-110,-9,52,-29000,199,-298,1,28923
-79,-1,60,-29886,153,-294,1,30064
-42,0,61,-30711,80,-303,1,-30368
-17,-7,56,-31363,21,-336,0,31732
-5,-14,55,-31843,-27,-364,0,-32048
8,-19,54,-32090,-85,-387,0,31905
11,-27,44,-32148,-86,-432,0,31830
6,-32,30,-32042,-74,-500,0,31894
5,-39,4,-31769,-71,-635,0,32257
-7,-48,-17,-31340,-1,-574,0,30829
-19,-46,-19,-30741,49,-524,0,-31234
-36,-41,-10,-29988,128,-465,1,-29811
-67,-43,4,-29171,205,-403,1,28866
-90,-43,1,-28343,242,-377,1,28493
-122,-51,-2,-27593,260,-356,1,-27623
-126,-54,-2,-26965,258,-354,1,-27006
-150,-52,-1,-26529,287,-325,1,-26463
-159,-41,0,-26352,293,-296,1,26200
-162,-15,8,-26464,316,-244,1,26164
-148,16,24,-26853,281,-197,1,-27042
-138,24,45,-27489,250,-207,1,-27628
-141,28,73,-28263,209,-213,1,-28346
-125,23,86,-29107,171,-210,1,-29175
-106,11,81,-30009,167,-261,1,-29868
-76,4,73,-30872,129,-281,1,-30988
-56,-6,66,-31631,116,-316,1,31410
-38,-21,54,-32289,84,-381,1,32524
-25,-31,46,-32803,57,-429,1,33180
-17,-35,42,-33168,28,-454,0,32844
-8,-37,34,-33389,-14,-508,0,-33690
0,-37,21,-33480,-44,-558,0,33010
2,-46,0,-33431,-48,-657,0,32772
-7,-52,-19,-33216,-5,-575,0,33696
-16,-55,-24,-32832,22,-541,0,-33306
-26,-53,-22,-32307,59,-513,1,-31795
-47,-53,-25,-31676,122,-459,1,-31243
-65,-54,-14,-30987,164,-425,1,-30846
-73,-54,7,-30267,175,-406,1,30585
-85,-46,9,-29532,224,-375,1,29374
-138,-47,-1,-28863,278,-331,1,-28743
-153,-46,-1,-28415,281,-313,1,-28266
-154,-34,-1,-28280,306,-286,1,-28388
-161,-12,6,-28457,330,-244,1,28223
-154,5,27,-28896,294,-236,1,-29079
-159,13,41,-29522,276,-232,1,-29212
-151,28,66,-30318,223,-199,1,-30400
-109,20,80,-31211,175,-222,1,-31156
-100,13,81,-32104,158,-246,1,-32049
-85,2,71,-32916,161,-282,1,-33082
-70,-9,60,-33689,142,-322,1,33317
-51,-16,58,-34354,109,-351,1,34566
-25,-23,58,-34898,41,-383,1,35121
-7,-27,56,-35307,-25,-414,0,-34890
3,-31,51,-35543,-62,-440,0,35696
7,-37,36,-35619,-77,-495,0,35461
1,-42,21,-35555,-55,-567,0,35037
6,-49,11,-35326,-87,-613,0,35824
0,-53,-6,-34960,-40,-634,0,-35555
-19,-61,-15,-34475,25,-563,0,-33956
-25,-59,-19,-33873,48,-527,0,-34397
-51,-59,-14,-33252,133,-466,1,-32946
-69,-53,5,-32608,184,-405,1,32261
-84,-45,24,-32015,219,-364,1,31962
-101,-52,13,-31508,255,-352,1,31466
-106,-44,16,-31129,254,-345,1,30831
-134,-42,1,-30882,304,-318,1,30722
-161,-26,2,-30819,325,-275,1,30861
-160,-8,2,-30988,337,-242,1,30770
-169,11,18,-31378,313,-206,1,-31704
-156,25,40,-31965,262,-190,1,-32207
-146,24,60,-32747,230,-200,1,-32638
-126,21,79,-33605,186,-231,1,-33597
-102,18,90,-34498,147,-240,1,-34452
-89,6,74,-35376,153,-280,1,-35767
-62,-1,57,-36174,133,-313,1,36087
-38,-13,41,-36873,112,-368,1,37140
-14,-26,29,-37430,26,-471,0,37874
2,-39,22,-37837,-60,-556,0,37356
6,-45,19,-38039,-70,-566,0,38621
8,-51,20,-38053,-76,-569,0,38651
6,-56,18,-37891,-66,-585,0,38442
-5,-61,8,-37569,-23,-626,0,-37014
-26,-57,0,-37117,51,-561,1,37597
-29,-56,-10,-36568,59,-543,1,-36052
-33,-53,-20,-35956,84,-507,1,-36314
-46,-52,-30,-35236,118,-458,1,-34845
-67,-47,-26,-34418,180,-404,1,-34593
-87,-44,-29,-33541,225,-370,1,-33527
-137,-49,-50,-32756,268,-332,1,-32575
-184,-35,-47,-32127,282,-279,1,-32203
-176,-11,-21,-31807,312,-236,1,-32096
-173,9,0,-31858,339,-208,1,-32076
-164,31,20,-32180,286,-178,1,-31928
-152,40,58,-32704,225,-190,1,-32614
-124,37,90,-33347,166,-202,1,-33323
-103,13,88,-34080,161,-252,1,-34166
-100,-3,72,-34835,167,-284,1,35204
-84,-11,60,-35566,166,-311,1,35611
-76,-12,59,-36263,154,-321,1,35844
-45,-15,56,-36907,87,-348,1,37183
-21,-23,52,-37444,35,-388,0,37847
-8,-29,49,-37861,-21,-428,0,-37492
4,-34,42,-38120,-68,-465,0,38265
5,-42,39,-38245,-59,-490,0,38078
8,-40,35,-38243,-80,-498,0,38098
10,-42,30,-38100,-81,-518,0,38585
7,-46,20,-37785,-68,-565,0,37331
-7,-50,4,-37293,16,-626,0,37884
-37,-51,-9,-36672,121,-514,1,-36187
-53,-57,-25,-35994,135,-470,1,-36317
-70,-57,-31,-35257,161,-428,1,-35027
-83,-54,-37,-34527,187,-400,1,-34731
-98,-53,-53,-33872,197,-380,1,-34196
-137,-52,-67,-33286,239,-331,1,-33627
-155,-33,-65,-32842,260,-280,1,-32932
-164,-6,-44,-32584,294,-231,1,-32266
-168,16,-31,-32519,296,-223,1,32346
-172,28,-13,-32690,293,-208,1,32483
-157,36,17,-33081,264,-170,1,-32820
-136,39,63,-33643,194,-162,1,-33686
-110,20,75,-34320,172,-213,1,-34375
-108,6,76,-35057,170,-253,1,-34949
-85,1,74,-35772,141,-277,1,-35391
-70,-5,76,-36440,126,-304,1,36616
-48,-6,74,-37036,71,-318,1,37298
-32,-8,65,-37487,50,-339,1,37716
-22,-13,53,-37799,40,-362,0,37577
-10,-24,41,-37933,-12,-441,0,-38315
-5,-29,32,-37876,-25,-484,0,-37427
-5,-36,17,-37647,-20,-574,0,-37141
-10,-44,-9,-37271,10,-611,0,-37847
-27,-50,-24,-36745,64,-519,1,-36338
-33,-44,-22,-36085,95,-485,1,-36179
-49,-44,-19,-35304,150,-448,1,-35013
-74,-43,-27,-34496,198,-400,1,-34701
-98,-54,-50,-33671,201,-380,1,-33363
-127,-60,-62,-32904,205,-361,1,-33114
-159,-44,-37,-32285,271,-287,1,-32416
-150,-15,2,-31920,313,-269,1,31744
-155,0,24,-31874,310,-222,1,-32236
-154,7,25,-32136,295,-217,1,-31997
-148,15,28,-32627,285,-207,1,-32291
-146,23,37,-33288,262,-199,1,-33640
-127,24,50,-34073,227,-202,1,-34150
-113,13,57,-34947,211,-217,1,-35023
-101,3,60,-35801,193,-258,1,-35393
-85,-12,62,-36601,173,-303,1,36633
-76,-18,65,-37333,143,-327,1,36869
-52,-22,59,-37986,106,-355,1,38263
-33,-27,52,-38544,68,-391,1,38720
-14,-32,46,-38985,13,-433,0,39371
3,-37,35,-39301,-59,-494,0,38997
0,-44,24,-39472,-38,-546,0,38938
2,-42,21,-39505,-49,-555,0,39030
-1,-45,8,-39407,-28,-621,0,-39872
-6,-45,-2,-39167,-8,-626,0,39586
-16,-47,-9,-38759,46,-564,0,-38225
-40,-50,-7,-38239,127,-485,1,-38103
-47,-45,4,-37619,159,-445,1,37844
-57,-37,23,-36924,188,-390,1,37130
-81,-28,22,-36146,249,-354,1,36087
-132,-37,2,-35337,296,-334,1,35531
-150,-51,-10,-34684,278,-337,1,-34705
-166,-44,-3,-34293,299,-306,1,-34146
-168,-28,4,-34220,314,-258,1,34091
-166,-4,13,-34458,319,-234,1,34791
-143,22,37,-34950,256,-195,1,-35322
-124,23,62,-35617,218,-200,1,-35693
-128,19,81,-36377,198,-225,1,-36353
-109,12,90,-37171,153,-249,1,-37227
-93,8,93,-37941,127,-269,1,-38222
-75,2,82,-38651,113,-293,1,-38839
-61,-5,69,-39274,117,-316,1,39001
-41,-11,62,-39806,61,-346,1,39430
-12,-24,51,-40185,-20,-415,0,-40281
2,-31,42,-40405,-60,-453,0,39967
10,-35,24,-40470,-98,-529,0,40022
-1,-43,11,-40408,-24,-616,0,-40837
-6,-47,5,-40217,-10,-631,0,-40780
-6,-56,-1,-39922,-10,-636,0,39347
-15,-62,-9,-39521,18,-592,0,-38917
-25,-59,-22,-39020,55,-529,0,-39546
-42,-44,-37,-38441,119,-437,1,-38863
-60,-39,-36,-37751,177,-379,1,-37505
-86,-35,-13,-37027,249,-351,1,-37246
-108,-23,0,-36277,308,-296,1,36313
-161,-23,0,-35678,327,-275,1,35773
-167,-15,4,-35285,320,-257,1,35131
-160,-2,13,-35214,327,-226,1,35003
-141,17,28,-35383,274,-194,1,-35688
-123,13,39,-35779,256,-201,1,-35418
-134,0,42,-36348,260,-219,1,-35978
-165,2,45,-37016,265,-262,1,-36884
-143,0,47,-37900,245,-267,1,-38231
-117,0,51,-38858,212,-275,1,-38476
-87,-1,56,-39789,175,-289,1,39566
-69,-10,55,-40637,153,-320,1,40803
-44,-17,55,-41361,94,-356,1,41122
-28,-25,55,-41933,49,-392,1,41549
-19,-31,51,-42349,29,-423,0,42218
-7,-36,49,-42620,-21,-455,0,-42944
-1,-44,40,-42740,-32,-504,0,-42779
-4,-51,31,-42742,-24,-545,0,-42223
0,-54,18,-42644,-39,-590,0,42205
0,-52,1,-42422,-39,-657,0,42803
-6,-47,-11,-42042,-6,-594,0,42574
-13,-49,-21,-41485,12,-544,0,-41014
-32,-48,-26,-40808,87,-482,1,-40700
-58,-47,-23,-40050,162,-420,1,-40307
-85,-46,-16,-39288,222,-376,1,-39084
-112,-47,-11,-38577,256,-350,1,-38566
-138,-50,-11,-38014,277,-328,1,-38047
-156,-43,5,-37684,297,-295,1,37771
-148,-16,17,-37612,318,-251,1,37793
-140,0,24,-37748,310,-222,1,-37385
-132,0,23,-38050,308,-227,1,-38369
-152,5,39,-38485,282,-242,1,-38666
-162,7,56,-39085,256,-247,1,-39368
-138,4,61,-39879,231,-246,1,-39784
-123,0,63,-40702,210,-262,1,-40813
-102,-2,61,-41506,186,-277,1,41941
-76,-8,57,-42273,156,-300,1,42209
-48,-13,56,-42932,100,-330,1,42630
-26,-17,60,-43452,34,-355,1,43213
-12,-25,55,-43854,8,-397,0,43759
-16,-31,46,-44165,27,-442,0,44315
-11,-38,36,-44360,0,-493,0,44194
-3,-41,24,-44434,-28,-551,0,-44957
-3,-46,7,-44381,-27,-631,0,-44827
-3,-54,-7,-44199,-24,-626,0,44787
-10,-59,-15,-43845,-8,-587,0,43318
-16,-63,-18,-43332,19,-563,0,-43841
-38,-61,-19,-42669,97,-500,1,-42807
-66,-57,-21,-41944,166,-435,1,-41646
-88,-52,-12,-41203,214,-391,1,-41423
-101,-50,-10,-40508,237,-370,1,-40953
-145,-21,4,-39265,334,-249,1,38997
-166,-13,-1,-39324,338,-248,1,-39061
-164,3,14,-39616,318,-218,1,-39926
-156,19,46,-40109,258,-198,1,-40399
-145,25,76,-40763,211,-204,1,-40933
-125,15,85,-41548,182,-232,1,-41536
-103,6,76,-42359,163,-260,1,-42234
-101,1,66,-43157,179,-278,1,-43287
-76,4,63,-43905,141,-282,1,-43624
-39,-3,55,-44585,92,-315,1,44894
-29,-9,52,-45149,64,-342,1,45418
-5,-15,51,-45562,-40,-374,0,-45201
12,-28,46,-45779,-106,-432,0,45871
13,-35,41,-45809,-97,-459,0,45918
11,-43,30,-45671,-87,-523,0,45063
-1,-52,17,-45386,-27,-595,0,-45858
-9,-56,9,-44955,-6,-608,0,-44533
-22,-58,5,-44386,40,-572,0,44889
-42,-56,0,-43725,109,-506,1,43845
-50,-50,-10,-43066,147,-470,1,-43382
-66,-54,-27,-42412,171,-430,1,-42177
-76,-47,-35,-41728,186,-393,1,-41866
-109,-38,-34,-41035,250,-336,1,-41365
-141,-20,-24,-40458,297,-287,1,-40630
-155,-2,-11,-40064,336,-226,1,-40285
-177,10,1,-39931,341,-208,1,-39641
-180,32,28,-40062,272,-181,1,-40278
-161,37,45,-40499,250,-148,1,-40689
-145,42,61,-41168,214,-176,1,-41011
-125,28,60,-41941,208,-203,1,-41874
-116,22,63,-42736,188,-223,1,-42709
-99,11,63,-43522,176,-254,1,-43546
-87,4,62,-44290,162,-279,1,-44251
-64,0,57,-45004,140,-302,1,-44656
-44,-5,54,-45643,109,-320,1,45826
-18,-17,49,-46169,25,-385,0,46579
-7,-22,45,-46531,-17,-419,0,-46157
-1,-30,43,-46709,-39,-449,0,-47015
5,-36,34,-46670,-77,-503,0,47089
-2,-40,19,-46448,-22,-565,0,-46970
-21,-45,-6,-46066,64,-567,0,-45497
-40,-49,-26,-45509,84,-496,1,-45171
-37,-43,-32,-44822,94,-463,1,-44696
-52,-37,-38,-44003,143,-410,1,-43718
-70,-35,-48,-43055,169,-374,1,-43450
-99,-40,-54,-42066,209,-349,1,-42416
-130,-42,-64,-41149,232,-322,1,-41346
-159,-26,-66,-40421,263,-271,1,-40233
-191,0,-47,-39955,302,-221,1,40307
-192,21,-15,-39795,305,-220,1,39487
-172,39,5,-39942,275,-193,1,-40285
-168,49,25,-40385,246,-157,1,-40231
-129,43,40,-40992,212,-161,1,-41196
-116,31,49,-41694,210,-189,1,-41710
-111,14,48,-42425,206,-217,1,-42494
-101,6,52,-43151,195,-254,1,-43238
-85,1,59,-43879,166,-276,1,-43711
-71,-5,58,-44584,149,-308,1,45050
-47,-14,53,-45249,118,-346,1,45562
-30,-21,53,-45851,61,-383,1,45670
-9,-26,57,-46302,-27,-410,0,-46453
11,-30,42,-46580,-98,-457,0,46180
5,-42,13,-46707,-62,-604,0,46135
6,-49,-5,-46697,-73,-627,0,-46179
12,-53,-11,-46492,-102,-583,0,-46985
6,-54,-17,-46018,-68,-568,0,-45461
-40,-43,-15,-45338,134,-453,1,-45148
-70,-33,-6,-44585,233,-366,1,-45008
-84,-31,3,-43854,271,-336,1,43840
-98,-29,9,-43176,283,-328,1,43148
-114,-35,-1,-42551,292,-328,1,-42502
-139,-26,0,-42025,317,-293,1,42145
-153,-15,10,-41677,327,-263,1,41490
-153,-6,13,-41535,326,-247,1,41757
-160,6,17,-41627,311,-243,1,-41941
-147,13,23,-41958,290,-231,1,-41643
-143,16,38,-42472,267,-210,1,-42119
-141,12,52,-43102,242,-227,1,-43259
-143,8,54,-43851,235,-249,1,-44011
-133,10,59,-44671,214,-257,1,-44831
-107,6,58,-45538,192,-275,1,-45159
-80,3,50,-46395,169,-290,1,-46288
-59,-1,45,-47151,155,-308,1,47506
-32,-8,46,-47751,74,-340,1,48042
-9,-15,46,-48177,-15,-381,0,-48489
4,-24,33,-48384,-82,-456,0,48473
5,-36,27,-48380,-71,-512,0,48509
7,-42,19,-48174,-83,-555,0,48746
2,-44,9,-47751,-59,-614,0,47355
-19,-46,-1,-47154,54,-566,0,-47632
-34,-43,-15,-46411,112,-490,1,-46294
-56,-38,-33,-45583,166,-413,1,-45830
-82,-36,-50,-44722,199,-368,1,-44890
-121,-40,-69,-43881,218,-342,1,-43776
-155,-45,-45,-43180,275,-303,1,-43024
-158,-25,-13,-42701,308,-286,1,-42608
-152,-14,-3,-42505,334,-243,1,-42800
-121,6,18,-42454,300,-209,1,-42055
-110,16,39,-42488,249,-189,1,-42476
-137,11,34,-42612,275,-210,1,-42772
-158,15,32,-42874,269,-217,1,-42526
-152,13,38,-43314,249,-218,1,-43439
-134,5,39,-43913,245,-256,1,-43815
-116,-2,36,-44608,248,-287,1,44940
-104,-14,30,-45351,246,-317,1,45211
-92,-17,32,-46115,223,-330,1,46556
-67,-17,41,-46852,175,-345,1,46732
-44,-22,44,-47506,125,-377,1,47237
-24,-25,45,-48068,50,-409,0,47689
-12,-31,43,-48432,2,-443,0,48299
-5,-37,39,-48629,-21,-477,0,-48186
0,-43,30,-48663,-49,-531,0,48130
-9,-48,14,-48542,-4,-593,0,-49126
-11,-48,-3,-48291,-1,-614,0,48866
-13,-49,-22,-47908,1,-547,0,-47404
-25,-45,-36,-47351,34,-465,1,-47377
-32,-33,-34,-46666,89,-408,1,-47003
-74,-22,-19,-45847,252,-332,1,-45805
-128,-21,-6,-44992,324,-288,1,-44938
-164,-27,0,-44272,331,-284,1,44037
-180,-30,14,-43808,327,-271,1,44021
-177,-11,35,-43638,315,-219,1,43790
-175,6,40,-43784,288,-239,1,-43595
-120,22,56,-45635,222,-208,1,-45578
-111,15,59,-46396,204,-230,1,-46412
-100,4,63,-47169,193,-261,1,-47583
-88,-5,63,-47955,170,-290,1,47798
-72,-8,62,-48700,155,-310,1,49128
-59,-13,62,-49395,132,-330,1,49460
-36,-18,63,-50014,68,-359,1,49777
-18,-26,60,-50492,15,-396,0,50313
-13,-35,54,-50809,6,-434,0,51157
-12,-40,49,-50972,-2,-460,0,-50895
-3,-42,37,-50998,-27,-497,0,-50900
-4,-47,25,-50887,-28,-551,0,-50382
-3,-54,10,-50645,-30,-618,0,-51104
-16,-60,-10,-50278,21,-591,0,-50690
-33,-56,-23,-49783,76,-506,1,-50114
-49,-51,-25,-49181,128,-451,1,-49480
-69,-45,-20,-48539,190,-399,1,-48339
-82,-36,-14,-47869,237,-360,1,-47883
-95,-29,-23,-47243,267,-330,1,-47264
-123,-26,-24,-46670,293,-299,1,-46646
-132,-12,-14,-46175,315,-280,1,-46325
-162,0,-10,-45841,342,-254,1,45584
-174,11,-3,-45702,329,-230,1,45966
-179,27,11,-45800,303,-187,1,-46036
-172,38,30,-46159,260,-172,1,-46450
-148,41,55,-46738,213,-169,1,-46691
-132,32,65,-47468,198,-197,1,-47497
-125,22,63,-48279,196,-227,1,-48359
-115,18,58,-49100,196,-246,1,-49060
-34,-7,47,-51413,85,-335,1,51652
-17,-19,44,-51915,27,-398,0,52080
-9,-28,48,-52232,-9,-421,0,-52619
1,-33,52,-52372,-61,-440,0,52495
3,-38,50,-52352,-64,-462,0,52635
1,-41,23,-52195,-43,-550,0,51665
-7,-49,0,-51935,-3,-641,0,-51305
-6,-53,-9,-51548,-9,-606,0,52021
-14,-51,-11,-50996,25,-568,0,-50475
-29,-42,-11,-50321,102,-498,1,-50492
-50,-36,-14,-49525,190,-413,1,-49227
-77,-30,-13,-48665,245,-354,1,-49107
-107,-25,-15,-47805,284,-310,1,-47851
-142,-16,-19,-47047,306,-285,1,-46972
-164,8,2,-46497,327,-236,1,-46247
-164,21,20,-46199,298,-216,1,-46379
-151,28,31,-46199,270,-183,1,-46425
-150,25,24,-46480,278,-189,1,-46259
-154,29,27,-46975,270,-189,1,-46673
-160,35,36,-47687,252,-171,1,-47756
-148,28,39,-48562,248,-219,1,-48441
-134,15,31,-49560,253,-233,1,-49429
-121,8,25,-50591,256,-250,1,-50190
-91,8,33,-51619,218,-254,1,-51702
-58,-1,42,-52562,162,-291,1,52417
-35,-14,52,-53351,90,-345,1,53628
-22,-22,54,-53996,40,-385,0,54135
-16,-24,53,-54458,20,-401,0,54546
0,-28,45,-54786,-47,-438,0,55214
8,-34,37,-54947,-79,-481,0,55042
10,-39,22,-54931,-90,-543,0,54509
8,-48,2,-54750,-76,-630,0,55236
-3,-50,-8,-54372,-20,-619,0,54828
-21,-44,-9,-53759,66,-538,0,-54161
-46,-39,-15,-53024,160,-441,1,-52738
-62,-30,-14,-52191,215,-376,1,-51793
-83,-24,-11,-51301,272,-334,1,-51318
-116,-25,-18,-50368,294,-317,1,-50397
-144,-36,-28,-49545,291,-315,1,-49446
-166,-28,-12,-48898,322,-262,1,-49137
-179,-12,15,-48525,318,-240,1,48360
-160,10,31,-48490,280,-209,1,-48169
-139,21,42,-48788,246,-212,1,-48641
-121,22,56,-49288,214,-216,1,-49364
-126,15,63,-49928,220,-224,1,-49995
-132,11,59,-50637,226,-255,1,-50529
-119,7,50,-51462,230,-268,1,-51369
-106,2,44,-52342,222,-280,1,-52729
-81,-5,44,-53191,200,-306,1,52804
-70,-15,48,-53956,177,-336,1,54085
-53,-27,48,-54651,132,-383,1,54429
-34,-35,47,-55263,77,-426,1,54805
-24,-39,42,-55751,40,-462,0,55354
-4,-40,34,-56102,-40,-504,0,-56050
15,-42,19,-56315,-116,-544,0,55713
12,-46,-5,-56382,-98,-596,0,-56873
7,-48,-20,-56212,-68,-556,0,-55747
-7,-45,-22,-55794,0,-538,0,-56278
-30,-35,-23,-55141,116,-446,1,-54920
-59,-28,-16,-54335,226,-357,1,-54678
-96,-22,-2,-53489,307,-313,1,-53428
-135,-27,-2,-52815,316,-312,1,-52956
-147,-40,0,-52354,303,-323,1,52314
-136,-52,-5,-52084,279,-338,1,-52103
-127,-48,-6,-51870,265,-336,1,-51853
-117,-28,8,-51659,287,-276,1,51618
-129,-12,29,-51552,279,-244,1,51246
-150,-9,32,-51657,293,-250,1,51370
-196,4,32,-51949,303,-238,1,-52171
-168,19,38,-52467,263,-243,1,-52631
-133,13,40,-53232,250,-254,1,-53067
-114,9,44,-54056,230,-264,1,-53906
-100,6,48,-54898,197,-268,1,-55274
-74,0,50,-55699,176,-292,1,-55418
-50,-14,44,-56431,144,-348,1,56758
-32,-22,45,-57051,77,-392,1,57140
-9,-36,38,-57530,-11,-479,0,-57699
1,-40,31,-57877,-56,-518,0,57373
6,-44,23,-58073,-75,-555,0,57472
14,-45,12,-58135,-113,-574,0,57719
19,-53,8,-58033,-125,-571,0,57563
18,-54,4,-57716,-114,-574,0,58142
-7,-52,0,-57173,-1,-616,0,-56581
-36,-46,-6,-56457,119,-490,1,-56607
-61,-44,-17,-55651,187,-414,1,-55361
-76,-49,-30,-54854,198,-390,1,-55140
-118,-41,-33,-54058,259,-326,1,-54034
-154,-22,-31,-53403,301,-270,1,-53292
-175,-7,-20,-53007,331,-235,1,-52760
-162,14,-4,-52911,329,-225,1,53160
-162,23,-9,-53065,319,-212,1,52761
-164,31,-16,-53383,296,-178,1,53679
-161,39,-1,-53840,281,-143,1,54108
-144,42,24,-54385,250,-163,1,-54423
-138,24,39,-55062,255,-203,1,-55190
-125,9,44,-55799,242,-240,1,-55730
-60,-15,53,-58174,130,-331,1,58102
-43,-21,54,-58802,89,-367,1,58509
-20,-27,51,-59279,28,-407,0,58940
-13,-32,44,-59572,0,-449,0,59726
-12,-40,37,-59689,-3,-490,0,-59593
-7,-43,32,-59654,-21,-518,0,-60187
-4,-44,22,-59478,-31,-560,0,-59993
-6,-44,9,-59163,-15,-609,0,-58706
-9,-43,-2,-58670,2,-608,0,-59218
-31,-36,-9,-58001,121,-483,1,-58174
-47,-32,-27,-57209,162,-406,1,-56936
-81,-31,-34,-56361,216,-357,1,-56825
-96,-30,-35,-55492,237,-338,1,-55581
-133,-33,-35,-54713,270,-318,1,-54543
-156,-29,-17,-54071,314,-256,1,-53864
-168,-8,13,-53699,327,-235,1,53441
-165,6,23,-53625,315,-215,1,-53284
-172,22,24,-53844,295,-193,1,-54035
-152,35,29,-54300,260,-174,1,-54553
-143,40,52,-54937,228,-191,1,-54868
-117,31,64,-55652,200,-210,1,-55635
-123,10,52,-56431,234,-253,1,-56384
-124,2,39,-57205,242,-264,1,-57053
-99,0,42,-57975,216,-276,1,-58359
-69,-4,48,-58720,168,-299,1,58537
-52,-12,49,-59379,132,-336,1,58931
-33,-17,50,-59894,71,-366,1,59614
-16,-21,44,-60256,16,-408,0,60141
-14,-30,32,-60442,20,-473,0,60903
-10,-32,25,-60456,10,-504,0,60887
-10,-42,13,-60308,10,-582,0,59891
-19,-47,8,-59989,46,-564,0,59519
-27,-49,7,-59501,72,-536,1,59933
-49,-46,1,-58873,147,-466,1,58533
-68,-44,-6,-58147,187,-418,1,-57943
-75,-38,-8,-57416,215,-392,1,-57725
-83,-38,-14,-56680,238,-376,1,-56456
-108,-38,-24,-55989,258,-349,1,-55985
-127,-36,-30,-55381,272,-321,1,-55368
-145,-25,-15,-54926,301,-287,1,-54844
-148,-14,-8,-54679,329,-263,1,-54596
-163,-5,-2,-54667,342,-242,1,-54410
-161,4,0,-54861,331,-245,1,-55125
-163,19,15,-55258,297,-222,1,-54929
-157,28,39,-55822,252,-191,1,-56044
-119,26,46,-56513,219,-202,1,-56468
-121,15,40,-57275,241,-228,1,-57333
-106,4,42,-58066,215,-246,1,-58040
-94,-2,49,-58841,203,-282,1,58468
-74,-16,47,-59626,178,-330,1,59768
-61,-26,46,-60369,155,-371,1,59953
-46,-28,45,-61053,122,-390,1,61339
-19,-30,47,-61643,27,-418,0,61778
5,-29,49,-62091,-78,-424,0,62282
26,-32,32,-62371,-170,-462,1,62176
23,-35,11,-62456,-165,-519,0,61801
25,-34,-2,-62323,-180,-511,1,-61958
20,-32,-7,-61931,-154,-512,0,-61572
-12,-26,-5,-61248,71,-536,0,-60796
-57,-17,5,-60390,267,-345,1,60312
-81,-13,11,-59520,291,-313,1,59440
-112,-16,2,-58615,332,-297,1,58611
-145,-26,-4,-57811,316,-299,1,-57678
-161,-27,-2,-57193,312,-282,1,-57330
-175,-12,9,-56844,325,-270,1,57068
-182,-2,12,-56823,328,-232,1,56546
-173,14,12,-57115,305,-206,1,-56908
-161,31,34,-57712,244,-157,1,-57754
-138,36,51,-58464,215,-186,1,-58541
-136,26,57,-59337,212,-217,1,-59236
-115,19,61,-60243,190,-243,1,-60226
-100,14,56,-61152,185,-262,1,-61238
-64,6,51,-62023,149,-284,1,-62402
-31,-6,51,-62771,79,-326,1,62483
-16,-18,46,-63358,23,-394,0,63185
-17,-30,42,-63745,25,-446,0,63617
-4,-40,34,-63990,-32,-509,0,-63507
-2,-52,28,-64070,-38,-557,0,-63585
-5,-56,19,-64011,-27,-590,0,-63616
-8,-53,9,-63826,-13,-616,0,-64259
-11,-55,-4,-63501,3,-615,0,-64085
-25,-53,-10,-63005,57,-548,1,-62497
-37,-45,-18,-62365,114,-480,1,-61996
-62,-47,-32,-61670,167,-420,1,-61935
-67,-46,-34,-60926,173,-396,1,-60567
-85,-49,-31,-60185,211,-373,1,-60103
-120,-40,-15,-59517,272,-320,1,-59407
-141,-23,-13,-58965,324,-258,1,-59013
-161,-2,1,-58619,348,-231,1,58851
-146,8,16,-58508,312,-213,1,-58862
-147,8,26,-58635,301,-214,1,-58482
-140,12,34,-58951,275,-214,1,-59175
-156,13,45,-59424,278,-219,1,-59756
-153,12,47,-60044,262,-227,1,-60376
-131,10,49,-60803,236,-233,1,-60733
-113,2,47,-61625,230,-267,1,-61707
-101,-8,44,-62481,223,-293,1,62887
-85,-8,52,-63347,181,-298,1,63114
-62,-8,63,-64190,123,-313,1,64504
-31,-14,64,-64943,47,-351,1,64655
-11,-26,52,-65522,2,-414,0,65099
-3,-30,40,-65925,-21,-452,0,-65639
4,-35,25,-66139,-64,-523,0,65618
2,-44,14,-66179,-51,-592,0,65754
7,-47,7,-66061,-76,-615,0,65549
3,-55,-2,-65761,-52,-641,0,-66150
-17,-55,-9,-65258,35,-574,0,-64732
-41,-57,-25,-64600,106,-488,1,-64978
-72,-56,-31,-63933,166,-423,1,-63698
-79,-52,-24,-63265,187,-404,1,-63074
-87,-47,-18,-62631,225,-378,1,-62805
-114,-43,-15,-62024,272,-344,1,-62039
-134,-43,-25,-61509,278,-323,1,-61605
-150,-29,-22,-61154,303,-284,1,-61003
-155,-13,-12,-61004,331,-228,1,-61310
-159,0,-4,-61054,343,-223,1,61290
-166,9,14,-61301,311,-231,1,-60933
-159,12,43,-61734,265,-228,1,-61558
-141,12,61,-62361,224,-225,1,-62247
-132,8,62,-63095,218,-258,1,-63260
-111,6,57,-63908,208,-268,1,-63531
-85,4,61,-64744,172,-277,1,-64818
-54,-5,61,-65488,117,-310,1,65152
-44,-15,60,-66126,89,-345,1,66390
-26,-21,53,-66624,45,-385,1,66985
-16,-28,44,-66999,22,-428,0,66609
-3,-33,39,-67230,-41,-472,0,-67430
1,-40,31,-67293,-51,-512,0,67370
2,-45,22,-67209,-58,-568,0,66748
2,-50,6,-67014,-57,-645,0,67406
4,-60,-14,-66700,-59,-617,0,-67306
-5,-63,-28,-66226,-17,-563,0,65712
-28,-68,-35,-65584,29,-511,1,-65974
-36,-62,-36,-64860,63,-473,1,-64643
-80,-58,-32,-64146,178,-396,1,-64451
-108,-56,-25,-63471,230,-359,1,-63018
-135,-53,-14,-62995,270,-324,1,-63204
-151,-35,16,-62752,297,-275,1,62851
-156,-6,44,-62761,288,-231,1,62559
-157,3,39,-63077,295,-220,1,-63268
-138,19,46,-63645,253,-195,1,-63509
-115,20,49,-64386,235,-198,1,-64508
-117,15,62,-65186,219,-215,1,-65259
-106,3,69,-66002,205,-250,1,-65994
-110,-11,72,-66846,201,-286,1,66789
-96,-15,74,-67693,172,-305,1,68072
-80,-18,76,-68533,144,-322,1,68212
-54,-18,77,-69315,89,-340,1,69538
-29,-23,73,-70024,40,-369,1,69791
-15,-28,61,-70568,7,-407,0,70172
-3,-36,49,-70949,-31,-455,0,-70895
2,-38,41,-71157,-52,-477,0,70679
11,-40,30,-71190,-93,-519,0,70783
-13,-58,-3,-70418,9,-618,0,-69957
-20,-61,-16,-69949,28,-570,0,-70460
-30,-55,-18,-69355,67,-522,1,-68762
-47,-50,-21,-68655,128,-463,1,-68969
-68,-46,-28,-67887,175,-416,1,-67689
-94,-47,-39,-67083,207,-378,1,-67563
-105,-53,-50,-66336,206,-369,1,-66256
-129,-52,-51,-65675,238,-335,1,-65961
-150,-34,-36,-65156,281,-285,1,-65043
-162,-16,-10,-64848,327,-247,1,-64603
-162,0,9,-64819,330,-226,1,-64563
-167,-1,11,-65063,335,-226,1,65318
-160,12,24,-65506,298,-211,1,-65170
-154,12,44,-66151,268,-193,1,-66321
-131,7,58,-66899,224,-233,1,-67047
-111,-1,61,-67713,205,-262,1,67864
-98,-8,59,-68547,192,-295,1,68218
-70,-15,57,-69351,159,-324,1,69451
-51,-18,61,-70079,103,-344,1,69779
-19,-21,69,-70669,5,-368,0,70951
-6,-27,64,-71093,-17,-406,0,-70765
-8,-32,39,-71376,1,-475,0,71465
-10,-44,16,-71557,8,-581,0,71160
3,-50,0,-71601,-64,-652,0,70964
1,-53,-11,-71505,-45,-612,0,-70947
0,-55,-18,-71274,-42,-578,0,-70693
-5,-48,-18,-70858,-11,-554,0,71378
-35,-46,-24,-70249,115,-461,1,-70605
-62,-44,-14,-69583,189,-413,1,-69368
-74,-33,6,-68872,244,-368,1,68848
-81,-37,8,-68146,254,-366,1,68573
-116,-39,-6,-67398,292,-342,1,-67432
-158,-48,-22,-66742,274,-335,1,-66638
-169,-38,-18,-66316,295,-289,1,-66452
-171,-17,-2,-66203,316,-249,1,-66535
-158,0,9,-66404,320,-223,1,-66155
-154,17,36,-66852,263,-200,1,-66637
-131,12,51,-67471,239,-222,1,-67331
-137,7,62,-68202,221,-244,1,-68342
-104,1,67,-68975,181,-271,1,-68852
-93,-5,62,-69764,181,-299,1,70009
-75,-15,51,-70493,170,-335,1,70348
-58,-24,45,-71151,144,-371,1,70668
-41,-28,46,-71707,96,-400,1,72171
-30,-34,44,-72127,66,-434,1,71774
-22,-41,39,-72443,37,-477,0,72475
-10,-45,36,-72639,-15,-511,0,-72270
-6,-52,27,-72706,-22,-559,0,-73238
-9,-54,18,-72656,-9,-590,0,-72104
-6,-53,7,-72514,-19,-628,0,-71957
-1,-54,-2,-72246,-34,-650,0,71851
-14,-56,-14,-71812,19,-581,0,-72418
-23,-49,-21,-71257,60,-521,0,-70749
-35,-42,-34,-70542,105,-448,1,-70259
-54,-37,-42,-69731,152,-391,1,-69960
-80,-29,-47,-68796,213,-333,1,-68957
-149,-27,-29,-67885,299,-287,1,-67977
-168,-29,-8,-67173,300,-291,1,-67286
-163,-9,15,-66747,312,-260,1,66599
-149,3,29,-66609,296,-216,1,-66887
-145,14,40,-66729,267,-200,1,-67026
-131,4,41,-67071,260,-222,1,-66700
-137,-5,42,-67577,263,-249,1,67234
-164,-3,35,-68217,278,-253,1,68371
-142,2,33,-69030,268,-265,1,-68877
-117,0,33,-69969,252,-264,1,-69886
-97,-4,39,-70908,218,-276,1,71029
-77,-13,41,-71780,198,-316,1,72180
-56,-20,51,-72588,137,-345,1,72270
-34,-20,60,-73272,70,-360,1,73499
-13,-25,58,-73844,3,-397,0,74192
0,-30,50,-74234,-48,-435,0,73801
5,-37,34,-74425,-67,-506,0,74498
2,-45,17,-74439,-48,-590,0,73881
-4,-49,1,-74313,-13,-643,0,-73975
-9,-54,-12,-74060,2,-600,0,-74539
-14,-52,-17,-73680,20,-561,0,-73160
-24,-48,-21,-73165,69,-515,0,-73638
-47,-47,-23,-72509,143,-450,1,-72296
-64,-45,-18,-71769,189,-413,1,-72057
-86,-45,-18,-70943,229,-384,1,-70896
-119,-49,-30,-70122,252,-357,1,-69674
-146,-52,-29,-69392,262,-337,1,-69605
-163,-47,-29,-68874,282,-310,1,-69046
-164,-32,-26,-68629,292,-274,1,-68744
-152,-2,-14,-68653,313,-226,1,-68973
-144,20,12,-68902,286,-189,1,-68628
-134,28,47,-69334,230,-177,1,-69175
-131,25,75,-69901,201,-220,1,-70094
-125,9,69,-70587,209,-256,1,-70568
-112,4,71,-71337,179,-265,1,-71485
-94,2,76,-72090,150,-281,1,-71688
-75,0,66,-72818,146,-297,1,-73153
-49,-7,59,-73479,96,-326,1,73261
-34,-16,59,-74007,72,-352,1,73751
-19,-21,54,-74428,18,-390,0,74526
-4,-30,45,-74746,-28,-440,0,-74341
9,-33,32,-74951,-96,-497,0,75106
16,-40,16,-75028,-118,-549,0,75623
21,-49,-2,-74959,-120,-583,0,-75482
-2,-61,-19,-74675,-18,-601,0,74198
-19,-65,-23,-74198,25,-554,0,-74660
-39,-63,-29,-73653,90,-496,1,-73223
-49,-57,-24,-73073,122,-464,1,-72922
-45,-56,-20,-72436,123,-475,1,-72538
-85,-53,-42,-71704,214,-388,1,-71945
-123,-52,-37,-70992,244,-346,1,-70797
-138,-39,-38,-70373,277,-305,1,-70217
-165,-15,-28,-69946,310,-250,1,-69701
-160,-5,-10,-69750,330,-229,1,-69963
-151,8,7,-69782,321,-213,1,-70043
-154,5,5,-70037,341,-221,1,-69768
-153,14,23,-70458,292,-231,1,-70266
-143,5,37,-71028,274,-248,1,-70716
-131,1,49,-71704,242,-249,1,-71853
-116,-2,52,-72422,219,-268,1,72560
-85,-8,56,-73151,175,-294,1,72796
-79,-16,52,-73830,178,-326,1,74212
-63,-20,47,-74462,148,-353,1,74536
-41,-26,45,-75000,107,-395,1,75017
-36,-32,45,-75429,76,-424,1,75613
-10,-36,41,-75725,-16,-470,0,-75288
-3,-40,33,-75872,-36,-511,0,-76165
0,-40,20,-75861,-47,-568,0,76412
-16,-51,-11,-74810,28,-575,0,-75311
-43,-50,-19,-74088,122,-480,1,-73929
-65,-53,-26,-73324,163,-436,1,-73494
-84,-51,-23,-72542,198,-400,1,-72289
-91,-49,-32,-71796,217,-380,1,-72104
-122,-44,-24,-71131,257,-337,1,-71118
-131,-33,-20,-70590,281,-302,1,-70460
-148,-13,-8,-70217,318,-272,1,-70371
-143,4,1,-70049,329,-239,1,-69776
-146,13,27,-70109,286,-200,1,-69762
-134,11,40,-70381,265,-215,1,-70551
-160,6,51,-70875,267,-234,1,-71058
-148,4,53,-71544,248,-247,1,-71641
-141,7,51,-72339,241,-253,1,-72229
-117,1,40,-73220,229,-261,1,-73661
-92,-4,38,-74084,224,-291,1,73948
-66,-9,45,-74898,171,-313,1,75109
-40,-14,55,-75608,83,-338,1,75339
-16,-23,52,-76187,12,-393,0,75825
-7,-32,43,-76598,-14,-454,0,-76494
-1,-39,38,-76855,-38,-494,0,-77309
3,-44,31,-76957,-61,-535,0,77443
1,-49,23,-76903,-47,-570,0,77397
0,-51,13,-76688,-38,-611,0,76277
-17,-52,-7,-76306,45,-588,0,-75857
-39,-49,-18,-75798,110,-493,1,-76180
-40,-46,-23,-75217,118,-470,1,-74861
-51,-40,-19,-74559,162,-427,1,-74291
-66,-31,-15,-73750,227,-373,1,-74193
-95,-27,-16,-72854,269,-335,1,-72863
-129,-32,-28,-71939,283,-324,1,-72158
-173,-21,-14,-70313,309,-258,1,-70187
-154,1,-4,-70371,326,-224,1,70627
-146,16,7,-70682,302,-196,1,-71026
-133,26,26,-71144,260,-188,1,-70880
-124,12,37,-71720,262,-222,1,-72110
-129,1,44,-72368,244,-256,1,-72203
-123,-7,51,-73075,227,-281,1,72901
-108,-5,57,-73816,195,-291,1,74211
-88,-13,53,-74574,183,-321,1,74455
-74,-19,45,-75262,172,-348,1,74879
-52,-22,41,-75858,136,-374,1,76192
-34,-26,50,-76339,61,-392,1,76673
-6,-26,51,-76678,-34,-414,0,-76309
1,-28,36,-76883,-51,-458,0,77205
10,-35,16,-76953,-105,-553,0,77538
19,-37,4,-76832,-158,-554,0,77466
5,-47,-11,-76475,-58,-599,0,-76023
-21,-46,-6,-75919,55,-545,0,-76456
-36,-46,-9,-75272,120,-490,1,-75668
-56,-46,-7,-74595,174,-440,1,-74341
-71,-41,2,-73814,220,-394,1,74095
-114,-41,-5,-73000,287,-345,1,-73023
-131,-42,5,-72318,263,-346,1,72334
-127,-43,0,-71796,266,-347,1,71796
-150,-41,-18,-71461,289,-311,1,-71581
-158,-22,-20,-71359,300,-261,1,-71183
-151,4,-5,-71512,324,-214,1,71251
-149,23,19,-71894,288,-186,1,-72160
-149,19,30,-72469,287,-204,1,-72283
-155,11,37,-73169,275,-227,1,-72855
-137,6,50,-73976,243,-247,1,-73806
-119,3,57,-74859,220,-265,1,-75250
-44,-13,57,-77213,100,-345,1,76989
-36,-22,53,-77693,79,-381,1,77391
-29,-28,51,-78017,57,-405,1,78170
-17,-33,40,-78193,13,-464,0,77992
-14,-36,25,-78221,20,-522,0,78756
-14,-42,4,-78107,21,-602,0,78708
-16,-50,-19,-77846,18,-569,0,-78354
-22,-51,-32,-77422,26,-518,0,-76873
-32,-48,-35,-76839,64,-474,1,-77231
-45,-41,-42,-76150,113,-421,1,-75919
-60,-35,-43,-75381,161,-378,1,-75677
-78,-32,-45,-74539,205,-347,1,-74433
-117,-28,-33,-73696,261,-307,1,-73637
-148,-20,-19,-72926,320,-268,1,-72712
-190,-4,5,-72328,354,-212,1,72590
-172,4,21,-72056,311,-218,1,-71713
-147,2,16,-72113,320,-218,1,-71851
-146,7,27,-72361,283,-210,1,-72685
-152,7,33,-72782,284,-220,1,-73017
-159,11,31,-73405,276,-243,1,-73684
-135,10,33,-74195,264,-249,1,-73869
-116,7,33,-75087,253,-259,1,-74984
-104,0,33,-75996,245,-271,1,-76134
-82,-5,44,-76862,196,-292,1,77216
-62,-10,65,-77629,126,-313,1,77324
-32,-7,77,-78270,16,-321,1,78010
1,-22,51,-78725,-50,-406,0,78341
-15,-37,25,-79059,45,-523,0,79556
-7,-43,15,-79276,-9,-587,0,-79817
11,-48,9,-79336,-93,-597,0,79808
8,-53,6,-79223,-69,-619,0,79712
3,-57,1,-78900,-53,-643,0,79549
-16,-63,-6,-78377,28,-590,0,-77904
-52,-65,-8,-77713,115,-490,1,-77438
-64,-61,-16,-77032,143,-449,1,-77224
-83,-56,-29,-76375,180,-406,1,-76558
-89,-52,-42,-75755,193,-378,1,-75284
-105,-48,-50,-75213,220,-345,1,-74814
-126,-39,-50,-74760,255,-305,1,-75170
-147,-17,-32,-74452,308,-253,1,-74630
-151,8,-11,-74311,335,-209,1,74574
-157,19,-5,-74352,325,-193,1,74594
-150,33,8,-74541,288,-171,1,-74266
-150,35,28,-74864,267,-193,1,-75022
-143,34,55,-75300,231,-203,1,-75415
-137,13,64,-75855,225,-244,1,-75931
-134,4,70,-76494,208,-267,1,-76756
-119,0,65,-77219,185,-273,1,-76864
-99,9,68,-77927,159,-274,1,-78277
-63,3,57,-78586,143,-292,1,-78675
-50,-3,47,-79183,138,-318,1,79078
-25,-9,37,-79660,68,-365,1,79413
0,-22,24,-79970,-60,-491,0,80319
7,-32,11,-80073,-99,-586,0,80626
-1,-42,1,-79953,-40,-671,0,-80580
-3,-49,-6,-79658,-31,-636,0,79225
-15,-56,-10,-79199,15,-587,0,-79658
-26,-56,-10,-78578,56,-545,1,-78030
-49,-51,-17,-77849,137,-463,1,-78159
-68,-46,-26,-77081,179,-412,1,-76869
-78,-45,-41,-76288,194,-383,1,-75786
-117,-50,-45,-75509,229,-347,1,-75554
-138,-43,-45,-74843,254,-310,1,-75038
-169,-18,-28,-74405,313,-249,1,-74693
-176,8,-11,-74216,323,-234,1,73955
-175,32,9,-74334,291,-203,1,-74545
-160,44,25,-74727,250,-161,1,-74518
-146,44,48,-75348,221,-139,1,-75403
-131,28,54,-76098,223,-199,1,-76276
-122,16,51,-76921,221,-230,1,-76826
-109,7,48,-77767,215,-257,1,-77386
-87,-1,49,-78597,187,-286,1,78534
-63,-13,55,-79373,147,-326,1,79836
-45,-20,55,-80069,101,-362,1,80323
-26,-21,57,-80638,29,-382,1,80810
-5,-19,49,-81008,-21,-390,0,-81372
0,-28,34,-81201,-47,-470,0,81136
-4,-40,25,-81215,-16,-537,0,-81687
-3,-47,22,-81054,-33,-567,0,-81588
-6,-51,8,-80708,-8,-621,0,-80150
-37,-55,-2,-80220,96,-525,1,-80680
-34,-52,-6,-79628,82,-520,1,-79179
-45,-42,-7,-78922,140,-462,1,-79113
-64,-33,-12,-78122,206,-395,1,-77947
-84,-31,-24,-77275,234,-362,1,-76801
-111,-38,-31,-76448,246,-347,1,-76646
-129,-44,-44,-75724,254,-338,1,-75496
-164,-40,-37,-75190,278,-300,1,-75052
-162,-20,-16,-74905,308,-261,1,-74775
-171,0,0,-74919,346,-227,1,-75192
-169,14,10,-75196,320,-205,1,-74905
-159,27,26,-75698,282,-187,1,-75406
-146,25,35,-76371,271,-193,1,-76598
-132,23,49,-77152,231,-219,1,-77253
-104,2,47,-77994,223,-238,1,-78035
-109,-5,48,-78834,226,-275,1,78426
-89,-6,57,-79644,186,-293,1,79586
