-17,98,-6,-90,0,0,0,-45
-16,98,-6,-103,0,0,0,-13
-16,98,-6,-116,0,0,0,-26
-16,98,-6,-132,-1,2,0,235
-16,98,-6,-146,-2,2,0,248
-16,100,-5,-156,-1,2,0,244
-23,103,-5,-172,13,-11,0,219
-99,129,5,-244,89,-112,1,-33
-109,161,25,-612,57,-120,1,-763
-150,175,44,-1456,83,-150,1,-1405
-108,156,74,-2549,17,-179,1,-2538
-95,97,74,-3696,69,-235,0,-3768
-70,86,60,-4909,68,-194,1,-4998
-19,70,53,-6148,-26,-187,0,6339
27,54,71,-7341,-137,-225,1,-7342
80,41,81,-8190,-233,-287,1,-7713
51,31,59,-8460,-211,-323,1,-8336
24,19,18,-8427,-232,-249,0,-8431
21,-2,-17,-8263,-257,-367,0,-8239
10,-17,-31,-7975,-130,-453,0,-7782
-11,-30,-43,-7649,-12,-455,0,7186
-32,-52,-67,-7335,27,-426,1,-7546
-57,-45,-50,-7027,124,-376,1,-6752
-112,-44,-5,-6767,250,-333,1,-7068
-147,-53,73,-6725,220,-319,1,6986
-137,-65,106,-7093,179,-370,1,6871
-155,-69,111,-7796,212,-363,1,8063
-131,-44,163,-8879,148,-336,1,9084
-68,-17,187,-10093,72,-338,1,9886
-15,-18,153,-11332,3,-365,0,11688
32,-22,126,-12529,-88,-386,1,12654
64,-28,103,-13489,-165,-403,1,13753
83,-28,74,-14038,-231,-410,1,14251
74,-19,54,-14159,-257,-385,1,14243
60,-9,33,-13950,-301,-376,1,13872
25,-10,1,-13458,-327,-425,1,13421
-31,-17,-26,-12806,118,-412,1,-13309
-84,-22,-17,-12247,235,-363,1,-11779
-134,-34,-2,-11981,254,-339,1,-12231
-119,-48,-6,-11857,247,-364,1,-12180
-144,-65,-17,-11656,270,-363,1,-11584
-167,-72,18,-11543,262,-370,1,11665
-173,-66,87,-11752,259,-330,1,11540
-189,-62,141,-12368,228,-325,1,12768
-146,-35,186,-13494,171,-303,1,13626
-82,-28,181,-14708,79,-341,1,14484
-7,-22,151,-15922,-28,-357,0,-16329
61,-26,117,-17134,-162,-386,1,17311
90,-33,83,-17932,-234,-405,1,18268
75,-23,72,-18233,-227,-394,1,17989
51,-19,52,-18220,-228,-403,1,17996
35,-18,26,-18020,-256,-433,1,18183
3,-23,-2,-17666,-99,-648,0,-18419
-31,-32,-20,-17233,93,-479,1,-17091
-66,-40,-23,-16853,152,-416,1,-16545
-80,-50,-24,-16567,157,-403,1,-16852
-94,-69,-5,-16348,171,-408,1,-16122
-109,-83,17,-16178,191,-417,1,15874
-145,-101,-9,-16044,241,-419,1,-16136
-171,-87,20,-16205,269,-366,1,16327
-143,-59,94,-16872,228,-338,1,16571
-158,-42,159,-17860,187,-309,1,17508
-82,-21,196,-19072,64,-322,1,19452
-7,-47,156,-20286,-13,-396,0,-19981
3,-54,116,-21389,-39,-436,0,21081
34,-47,101,-22252,-117,-440,1,22338
66,-32,80,-22812,-207,-415,1,22597
76,-9,62,-22944,-250,-369,1,22639
44,0,47,-22739,-227,-347,1,-22891
20,-3,27,-22350,-197,-359,0,22240
-19,-17,10,-21863,104,-486,0,21729
-42,-25,5,-21402,155,-444,1,21134
-59,-41,-3,-20994,139,-443,1,-21284
-75,-46,-6,-20646,158,-414,1,-20936
-105,-62,-4,-20346,176,-399,1,-19987
-132,-74,1,-20121,212,-400,1,20235
-159,-99,-8,-20052,214,-418,1,-20445
-126,-81,45,-20338,211,-395,1,20011
-105,-90,86,-20807,160,-423,1,20516
-123,-68,142,-21404,171,-363,1,21230
-89,-67,167,-22306,104,-377,1,22159
-35,-54,170,-23343,33,-382,1,23244
-2,-51,147,-24332,-23,-402,0,-24111
30,-49,127,-25238,-94,-417,1,25402
60,-32,118,-25918,-158,-400,1,25721
68,-26,84,-26319,-200,-396,1,26504
55,-24,50,-26421,-238,-421,1,26220
26,-23,22,-26284,-226,-487,1,26549
-2,-28,3,-26044,-44,-661,0,-26400
-26,-40,-5,-25825,51,-547,1,-26313
-25,-52,-11,-25664,33,-559,1,-26131
-37,-72,-14,-25506,40,-544,1,-25084
-78,-76,11,-25394,121,-458,1,25231
-101,-104,3,-25326,148,-470,1,25519
-95,-105,-22,-25356,172,-481,1,-25192
-94,-105,-25,-25460,197,-465,1,-25161
-80,-79,26,-25814,208,-438,1,26024
-94,-67,134,-26435,138,-349,1,26126
0,-65,170,-27398,-14,-384,0,27295
-21,-86,163,-28160,26,-418,0,27812
-59,-89,138,-28909,65,-456,1,29057
-35,-93,106,-29813,34,-519,1,30279
20,-55,93,-30742,-88,-481,0,31199
64,-39,42,-31363,-230,-477,1,31732
36,-31,3,-31526,-221,-515,1,31169
7,-22,3,-31445,-118,-613,0,30934
3,-21,3,-31324,-87,-627,0,30825
-10,-30,-2,-31107,20,-597,0,-31702
-19,-39,4,-30878,34,-557,0,31393
-16,-47,12,-30670,10,-556,0,30147
-25,-62,14,-30472,29,-535,1,29988
-9,-64,40,-30296,-24,-494,0,-30641
-57,-82,26,-29890,117,-486,1,29985
-158,-90,30,-29312,237,-390,1,29646
-165,-94,53,-29211,220,-388,1,29578
-120,-88,81,-29667,192,-392,1,29399
-92,-79,125,-30406,128,-402,1,30655
-87,-72,148,-31294,112,-403,1,31577
-51,-59,144,-32311,50,-410,1,32518
-10,-61,130,-33319,-9,-436,0,-33577
28,-47,134,-34185,-87,-421,1,33997
63,-39,105,-34833,-165,-415,1,35161
86,-25,70,-35218,-256,-407,1,35059
72,-21,36,-35292,-300,-406,1,35102
40,-21,19,-35155,-277,-432,1,35269
0,-26,15,-34898,-72,-562,0,35379
-62,-28,16,-34607,182,-408,1,34362
-76,-51,-1,-34487,147,-430,1,-34803
-83,-68,-1,-34507,150,-450,1,-34704
-84,-85,-3,-34568,146,-454,1,-34391
-96,-101,-17,-34597,182,-459,1,-34417
-92,-98,6,-34714,194,-452,1,34471
-55,-91,41,-35020,149,-478,1,35269
-82,-81,111,-35477,123,-406,1,35607
-61,-81,163,-36218,56,-401,1,35869
-52,-91,159,-37059,47,-425,1,37296
-43,-69,161,-37849,24,-420,1,37551
-17,-61,123,-38609,-16,-453,0,-38735
15,-40,102,-39166,-85,-436,0,39254
38,-29,80,-39520,-154,-425,1,39687
42,-19,58,-39631,-187,-399,1,39931
16,-20,31,-39543,-148,-460,0,39728
-5,-23,14,-39390,-13,-558,0,-39907
-15,-32,9,-39237,31,-561,0,39793
-27,-40,11,-39048,61,-524,1,39556
-36,-50,9,-38828,67,-510,1,38413
-26,-60,12,-38582,32,-553,1,38032
-24,-67,16,-38260,25,-546,0,38668
-70,-81,-7,-37732,141,-483,1,-37405
-113,-80,-7,-37197,210,-421,1,-36865
-139,-85,0,-36859,244,-394,1,36442
-192,-50,55,-36659,308,-305,1,36748
-236,-25,119,-37048,251,-280,1,37340
-128,-19,176,-38058,112,-308,1,38196
-55,-31,175,-39266,43,-357,1,39082
-35,-35,149,-40437,21,-387,1,40181
3,-29,132,-41526,-53,-387,0,41754
35,-26,101,-42478,-134,-411,1,42158
63,-25,63,-43184,-238,-419,1,43515
68,-27,27,-43542,-306,-434,1,43731
40,-30,-3,-43575,-275,-488,1,-43768
15,-34,-28,-43429,-139,-509,0,-43238
-4,-35,-32,-43187,-47,-497,0,43344
-29,-41,-23,-42926,59,-476,1,-42605
-53,-46,3,-42671,140,-452,1,43000
-68,-58,30,-42450,128,-421,1,42130
-62,-73,33,-42274,114,-477,1,42200
-90,-80,15,-41998,189,-454,1,42351
-133,-87,11,-41755,239,-414,1,41650
-154,-73,33,-41755,273,-373,1,41868
-183,-52,89,-42050,247,-340,1,42298
-181,-35,137,-42764,199,-327,1,42646
-147,-22,169,-43891,149,-313,1,43762
-42,-2,175,-45105,0,-324,1,45559
68,-18,129,-46344,-169,-380,1,46083
80,-29,86,-47340,-202,-411,1,47521
67,-25,59,-47928,-236,-412,1,47652
68,-25,39,-48206,-279,-406,1,48310
47,-26,20,-48175,-288,-443,1,48298
10,-29,4,-47886,-147,-598,0,47578
-22,-36,0,-47477,50,-542,0,47983
-43,-40,6,-47048,124,-471,1,46693
-54,-53,-2,-46632,122,-461,1,-46995
-83,-75,-5,-46172,152,-447,1,-46435
-100,-82,-2,-45743,178,-453,1,-46057
-120,-105,3,-45403,199,-448,1,45117
-119,-95,51,-45322,198,-430,1,45178
-125,-85,57,-45405,234,-426,1,45069
-165,-80,60,-45609,243,-396,1,45956
-130,-56,107,-46234,195,-362,1,46573
-66,-64,130,-47127,87,-400,1,47409
-23,-63,151,-48154,12,-398,0,48421
82,-48,142,-49201,-159,-401,1,49614
89,-60,72,-49835,-202,-447,1,50164
29,-52,34,-50042,-134,-529,1,49635
12,-51,11,-50204,-105,-614,0,50721
17,-56,-4,-50341,-124,-609,0,-50841
0,-49,4,-50329,-47,-648,0,50695
-36,-48,-1,-50173,94,-513,1,-49582
-47,-49,-11,-49943,116,-470,1,-49825
-58,-56,-3,-49652,134,-455,1,-49341
-70,-75,-10,-49300,138,-482,1,-49662
-111,-88,-20,-48859,201,-441,1,-49027
-144,-101,-16,-48575,224,-422,1,-48157
-154,-83,23,-48592,263,-385,1,48535
-181,-77,54,-48884,255,-375,1,49079
-180,-54,108,-49641,237,-309,1,49368
-121,-36,146,-50827,137,-334,1,51076
-63,-38,137,-52041,66,-365,1,51959
11,-22,129,-53260,-74,-362,0,53686
72,-19,105,-54167,-189,-376,1,53869
76,-15,73,-54597,-228,-382,1,54482
49,-16,44,-54614,-230,-404,1,54322
18,-18,26,-54393,-168,-451,0,54534
-10,-30,11,-54060,5,-583,0,53621
-19,-40,8,-53743,23,-568,0,54257
-20,-47,7,-53424,15,-568,0,53935
-37,-49,8,-52972,76,-503,1,53070
-69,-49,7,-52427,156,-430,1,52619
-76,-54,9,-51910,157,-429,1,52096
-100,-77,0,-51408,169,-433,1,51706
-144,-88,0,-51000,208,-413,1,50848
-180,-80,-1,-50878,247,-388,1,-50999
-161,-55,66,-51220,231,-336,1,51564
-108,-62,107,-51877,173,-382,1,52042
-132,-60,134,-52535,186,-370,1,52416
-88,-56,147,-53406,101,-387,1,53642
-41,-59,133,-54473,66,-415,1,54656
1,-47,121,-55564,-35,-409,0,55525
59,-35,108,-56612,-154,-393,1,56388
70,-37,75,-57342,-208,-412,1,56963
64,-36,47,-57776,-251,-426,1,57523
56,-37,32,-57966,-266,-442,1,58082
38,-40,35,-57933,-220,-463,1,58232
15,-38,47,-57707,-131,-459,0,57381
-18,-33,47,-57268,0,-440,0,56856
-52,-39,26,-56767,118,-441,1,56444
-67,-41,-1,-56308,172,-434,1,-55944
-86,-72,-18,-55994,127,-444,1,-56190
-56,-87,10,-55932,85,-506,1,56255
-99,-101,25,-55851,169,-463,1,56145
-121,-99,67,-55944,166,-435,1,56265
-73,-95,94,-56355,111,-456,1,56769
-92,-101,112,-56792,156,-442,1,56510
-104,-96,138,-57371,153,-427,1,57752
-64,-91,139,-58175,107,-446,1,57861
-60,-91,115,-59017,85,-464,1,59139
-47,-64,126,-59945,53,-428,1,60378
16,-30,126,-60907,-77,-394,0,60510
52,-25,84,-61643,-178,-408,1,61847
48,-20,48,-61986,-227,-415,1,62285
14,-16,25,-62016,-165,-458,0,62280
-10,-24,6,-61900,30,-583,0,62345
-19,-34,-2,-61800,40,-561,0,-62288
-17,-42,-7,-61730,4,-573,0,-62245
-22,-52,-8,-61695,14,-557,0,-62208
-22,-74,-8,-61626,-21,-545,0,62164
-20,-75,6,-61447,8,-568,0,62052
-92,-106,-10,-60931,148,-473,1,-61303
-115,-101,-9,-60531,188,-440,1,-60773
-139,-99,20,-60372,213,-427,1,59987
-162,-87,97,-60573,208,-375,1,60847
-108,-92,152,-61144,115,-410,1,61334
-97,-79,166,-61840,145,-406,1,61440
-56,-65,146,-62629,79,-419,1,62895
-5,-59,124,-63488,1,-436,0,62989
16,-47,117,-64282,-61,-418,0,64205
50,-36,93,-65009,-152,-421,1,64652
74,-39,50,-65467,-241,-440,1,65184
41,-37,25,-65584,-220,-485,1,65799
16,-38,1,-65536,-158,-595,0,64774
3,-35,-13,-65363,-87,-591,0,-64870
-41,-34,-15,-65060,138,-450,1,-65389
-84,-38,0,-64765,204,-381,1,64825
-57,-51,15,-64637,129,-454,1,64830
-37,-76,3,-64424,74,-545,1,63906
-109,-100,-51,-63887,188,-456,1,-63692
-159,-110,-39,-63411,223,-405,1,-63024
-156,-84,26,-63446,234,-392,1,63081
-161,-88,76,-63897,226,-372,1,63665
-140,-62,139,-64725,155,-350,1,64812
-85,-58,136,-65758,112,-385,1,65995
-64,-46,119,-66758,82,-392,1,66934
-17,-41,106,-67773,-2,-412,0,-67959
18,-37,83,-68613,-84,-424,0,69015
16,-40,61,-69157,-93,-466,0,69537
24,-36,54,-69452,-145,-461,0,69144
31,-34,42,-69566,-190,-473,1,69327
29,-29,25,-69476,-205,-479,1,69226
11,-24,4,-69151,-159,-583,0,68828
-30,-27,-17,-68671,109,-468,1,-69013
-50,-39,-16,-68223,124,-438,1,-68525
-50,-41,0,-67832,134,-433,1,68059
-83,-57,9,-67320,180,-423,1,67461
-141,-74,-2,-66617,234,-398,1,-66969
-198,-93,-9,-66105,262,-365,1,-66241
-184,-83,41,-66204,245,-353,1,66497
-131,-49,133,-66896,159,-329,1,66732
-104,-49,147,-67768,135,-361,1,67999
-100,-43,141,-68719,115,-369,1,69034
-74,-36,143,-69781,68,-376,1,69953
-5,-24,137,-70875,-43,-375,0,-70943
52,-27,101,-71814,-170,-408,1,72179
72,-27,65,-72382,-245,-417,1,72697
54,-26,38,-72578,-260,-433,1,72504
28,-25,8,-72529,-252,-503,1,72274
7,-30,-18,-72344,-110,-554,0,-71899
-4,-31,-31,-72083,-53,-489,0,71759
-21,-34,-28,-71776,34,-464,0,-72095
-52,-29,0,-71394,177,-385,1,71676
-69,-33,34,-71035,169,-375,1,70880
-67,-48,38,-70684,155,-396,1,70979
-126,-76,36,-70252,213,-392,1,70440
-142,-95,47,-70031,203,-399,1,69684
-132,-81,80,-70183,198,-374,1,70421
-142,-53,137,-70671,163,-348,1,71109
-130,-40,146,-71415,156,-340,1,71438
-109,-28,136,-72341,134,-345,1,72630
-60,-23,131,-73403,63,-358,1,73549
-28,-16,140,-74458,2,-360,1,74535
18,-5,142,-75386,-85,-347,0,75757
55,-3,109,-76007,-172,-365,1,76154
42,-10,64,-76262,-198,-389,1,75972
26,-15,33,-76279,-223,-428,1,75957
15,-20,12,-76118,-223,-521,0,76689
-4,-26,-5,-75793,-51,-625,0,76366
-33,-29,-2,-75317,125,-472,1,-75681
-79,-26,6,-74711,218,-365,1,74290
-119,-47,-5,-74097,225,-384,1,-73906
-135,-54,-21,-73531,236,-386,1,-73460
-156,-72,-45,-73054,248,-378,1,-72752
-166,-61,-28,-72811,284,-348,1,-72877
-193,-52,18,-72847,322,-312,1,72729
-201,-11,101,-73211,280,-262,1,73027
-198,-15,135,-73854,246,-273,1,74196
-146,-2,162,-74845,154,-279,1,75233
-52,-13,150,-76057,42,-326,1,75997
1,-28,125,-77257,-35,-371,0,77053
28,-34,101,-78213,-102,-400,1,77877
42,-38,72,-78886,-159,-438,1,79178
39,-39,39,-79268,-196,-482,1,79012
36,-42,9,-79445,-229,-526,1,79034
35,-44,0,-79470,-203,-526,1,79009
0,-41,3,-79267,-51,-648,0,79678
-30,-36,9,-78776,96,-493,1,78351
-65,-37,4,-78192,183,-422,1,77854
-116,-39,-6,-77603,233,-377,1,-77537
-150,-65,-37,-77181,205,-394,1,-77003
-154,-94,-45,-76981,214,-404,1,-77083
-170,-83,-15,-77006,262,-375,1,-76876
-171,-66,52,-77418,268,-342,1,77548
-174,-35,146,-78239,213,-309,1,77921
-134,-36,160,-79393,141,-340,1,79867
-64,-32,157,-80632,68,-351,1,80723
-10,-38,129,-81845,2,-394,0,81552
13,-42,105,-82840,-60,-422,0,82502
48,-34,91,-83569,-152,-418,1,83727
61,-29,71,-84008,-205,-421,1,84266
56,-30,46,-84126,-235,-439,1,84425
26,-33,20,-84005,-197,-524,1,84678
13,-38,0,-83791,-152,-613,0,83351
-5,-43,-10,-83492,-64,-615,0,83039
-26,-48,-22,-83113,44,-525,1,-83625
-79,-51,-9,-82647,164,-420,1,-82855
-86,-54,-6,-82348,159,-414,1,-82128
-64,-61,-7,-82171,134,-455,1,-82365
-94,-69,-4,-81874,196,-424,1,-81580
-129,-93,2,-81618,214,-420,1,81785
-127,-92,25,-81588,243,-406,1,81898
-161,-95,77,-81791,205,-398,1,81550
-128,-79,139,-82394,153,-380,1,82050
-88,-80,142,-83168,119,-413,1,83361
-72,-74,133,-83992,85,-423,1,84332
-17,-58,124,-84973,0,-430,0,84502
27,-57,104,-85927,-91,-449,1,85620
56,-46,86,-86715,-174,-435,1,87013
67,-40,54,-87218,-230,-432,1,87466
52,-36,25,-87392,-259,-463,1,87454
38,-41,10,-87376,-230,-506,1,87124
36,-41,1,-87249,-240,-512,1,87502
4,-42,1,-86914,-91,-637,0,86409
-37,-33,7,-86421,125,-460,1,86050
-66,-33,0,-85849,199,-387,1,85631
-96,-38,-6,-85274,234,-368,1,-85217
-98,-46,-11,-84814,221,-380,1,-84655
-125,-65,-6,-84437,232,-379,1,-84093
-146,-60,54,-84308,228,-353,1,84040
-141,-96,81,-84573,180,-413,1,84981
-130,-92,129,-85175,150,-388,1,85499
-82,-85,164,-86021,91,-395,1,86391
-55,-79,156,-86899,58,-423,1,86537
-33,-66,130,-87798,24,-438,1,87992
-2,-47,118,-88667,-40,-425,0,-88975
24,-30,103,-89425,-100,-399,0,89309
35,-24,75,-89971,-157,-414,1,89615
33,-23,42,-90250,-200,-441,1,90600
25,-29,13,-90332,-219,-522,1,90627
17,-33,-1,-90235,-178,-576,0,-90824
-3,-37,-7,-89994,-50,-620,0,89585
-26,-40,-6,-89673,56,-522,1,-89154
-44,-36,9,-89314,128,-439,1,89557
-58,-44,16,-88937,151,-437,1,88650
-62,-60,29,-88502,124,-446,1,88172
-90,-70,11,-87990,179,-453,1,87766
-114,-91,13,-87596,180,-431,1,87828
-135,-73,66,-87469,207,-382,1,87185
-171,-69,84,-87550,235,-363,1,87237
-153,-62,108,-88015,204,-361,1,87712
-118,-59,133,-88808,158,-371,1,89026
-80,-49,155,-89834,85,-377,1,89891
-17,-44,163,-91006,-3,-391,0,-90724
44,-36,137,-92111,-108,-393,1,91816
83,-30,102,-92961,-202,-402,1,92755
88,-29,69,-93426,-246,-397,1,93578
65,-30,43,-93567,-262,-428,1,93604
32,-26,18,-93463,-243,-477,1,93200
-22,-27,-5,-93205,95,-525,0,-93775
-56,-26,-24,-93024,167,-408,1,-92758
-60,-36,-53,-93004,102,-385,1,-92803
-66,-24,-29,-93053,189,-331,1,-92867
-71,-31,9,-93120,234,-341,1,92755
-98,-61,63,-93088,192,-358,1,92763
-106,-98,106,-93128,158,-394,1,92849
-82,-118,138,-93405,106,-425,1,93619
-89,-108,169,-93899,87,-420,1,94119
-89,-73,192,-94686,82,-390,1,94425
-69,-59,185,-95668,49,-400,1,95433
-15,-41,157,-96723,-22,-415,0,-96481
-8,-34,100,-97491,-10,-441,0,-97572
-33,-23,58,-98052,77,-422,1,98020
-10,-19,40,-98608,6,-450,0,98521
4,-12,29,-99010,-77,-433,0,99117
8,-17,9,-99243,-132,-551,0,98588
9,-22,-5,-99360,-132,-584,0,-100034
4,-26,-25,-99382,-76,-500,0,-99723
-9,-36,-46,-99372,-16,-451,0,99810
13,-31,-15,-99391,-151,-488,0,-99665
13,-42,29,-99334,-110,-470,0,99718
-30,-65,81,-98933,41,-401,1,99266
-93,-107,81,-98336,124,-453,1,98755
-119,-141,64,-97940,145,-470,1,98158
-109,-126,89,-97998,134,-461,1,98252
-94,-103,108,-98412,129,-451,1,98684
-104,-88,114,-98994,136,-437,1,99276
-109,-67,118,-99752,157,-413,1,99581
-74,-46,122,-100703,107,-401,1,100536
-18,-40,119,-101759,5,-419,0,101530
43,-35,110,-102718,-128,-414,1,102587
73,-37,83,-103374,-205,-423,1,103066
68,-35,59,-103709,-231,-431,1,103434
49,-27,42,-103793,-232,-432,1,103482
31,-26,15,-103740,-243,-488,1,103460
23,-32,-16,-103594,-201,-523,0,-104047
11,-33,-32,-103331,-127,-488,0,-102926
-13,-35,-43,-102962,-17,-444,0,103324
-42,-31,-19,-102515,127,-401,1,-102844
-81,-27,24,-102064,214,-348,1,102259
-110,-50,40,-101659,204,-353,1,101569
-137,-69,41,-101323,229,-369,1,101049
-172,-80,49,-101187,252,-361,1,100864
-175,-72,96,-101448,228,-345,1,101745
-133,-56,142,-102196,152,-354,1,102132
-112,-44,166,-103219,131,-342,1,102917
-78,-33,175,-104382,72,-350,1,104041
-31,-26,152,-105570,17,-370,1,105885
-2,-19,123,-106605,-38,-377,0,-106844
28,-13,100,-107464,-117,-378,1,107197
44,-16,69,-108023,-184,-399,1,107690
37,-25,44,-108305,-195,-433,1,108144
25,-30,27,-108376,-198,-503,1,108152
8,-35,8,-108265,-126,-623,0,107739
-28,-34,-4,-107990,83,-528,1,-108468
-63,-34,-13,-107664,144,-426,1,-107943
-47,-43,-30,-107463,83,-451,1,-107086
-40,-42,-31,-107285,93,-436,1,-107242
-51,-56,-35,-107009,119,-430,1,-107519
-95,-45,6,-106482,252,-349,1,106022
-175,-74,47,-105999,258,-344,1,106128
-157,-89,98,-106036,177,-384,1,106328
-114,-85,165,-106572,122,-371,1,106944
-110,-72,185,-107270,116,-379,1,107163
-72,-55,163,-108148,68,-392,1,108385
-28,-46,133,-109147,23,-414,1,109408
-4,-41,111,-110056,-25,-427,0,-109588
29,-33,92,-110905,-116,-427,1,110723
51,-30,72,-111512,-189,-426,1,111335
49,-26,46,-111806,-227,-435,1,112104
32,-33,8,-111847,-230,-525,1,112132
24,-39,-16,-111765,-177,-542,0,-112139
14,-45,-28,-111567,-144,-535,0,-110957
-6,-42,-18,-111265,-36,-556,0,110743
-39,-39,-5,-110899,114,-462,1,-110731
-54,-33,3,-110501,175,-399,1,110224
-62,-45,10,-110118,165,-407,1,110350
-105,-59,35,-109682,199,-392,1,109891
-158,-73,87,-109353,196,-350,1,109104
-157,-78,116,-109350,186,-364,1,109138
-121,-78,125,-109807,137,-393,1,109988
-74,-61,128,-110623,101,-392,1,110858
-67,-49,126,-111527,101,-389,1,111176
-44,-37,128,-112514,41,-385,1,112292
-12,-45,107,-113457,-4,-433,0,-113358
-6,-44,94,-114226,-17,-445,0,-114672
16,-42,78,-114912,-84,-461,0,114997
33,-44,57,-115447,-147,-483,1,115638
38,-46,40,-115785,-181,-504,1,116011
40,-49,19,-115958,-210,-531,1,116286
34,-52,0,-115941,-198,-558,1,116254
14,-53,-9,-115723,-127,-603,0,-116255
-15,-45,0,-115360,12,-585,0,114939
-44,-37,4,-114954,127,-452,1,114877
-62,-40,1,-114558,171,-419,1,114284
-68,-39,2,-114200,193,-414,1,114479
-77,-43,-1,-113810,211,-407,1,-114098
-117,-44,4,-113410,258,-354,1,113466
-153,-31,23,-113154,281,-328,1,113357
-182,-23,77,-113222,258,-274,1,113339
-159,-11,136,-113808,176,-293,1,113924
-122,-22,159,-114729,141,-308,1,115046
-94,-24,172,-115781,107,-330,1,116099
-82,-21,165,-116888,100,-344,1,117063
-51,-19,147,-117999,63,-358,1,118020
-21,-18,126,-119114,16,-369,0,118864
23,-18,100,-120165,-92,-385,0,120031
64,-28,69,-121048,-210,-404,1,121224
76,-31,46,-121593,-269,-418,1,121386
67,-39,24,-121832,-277,-450,1,121676
47,-46,7,-121867,-246,-501,1,122125
29,-45,-5,-121779,-196,-540,1,-121181
0,-45,3,-121540,-60,-644,0,120918
-43,-29,31,-121158,113,-402,1,120975
-70,-34,31,-120738,162,-378,1,120322
-81,-38,26,-120349,193,-379,1,120779
-93,-72,-2,-119969,183,-446,1,-120244
-151,-86,-1,-119638,248,-392,1,-119531
-176,-88,22,-119600,263,-374,1,119728
-177,-73,81,-119993,242,-344,1,120247
-143,-51,133,-120792,189,-339,1,120322
-159,-34,155,-121883,161,-335,1,122322
-71,-10,167,-123122,55,-331,1,123239
-26,-26,139,-124336,26,-379,1,123975
-7,-26,118,-125513,-13,-393,0,-125864
51,-25,98,-126475,-153,-402,1,126793
73,-22,70,-127035,-221,-392,1,127352
58,-16,41,-127165,-254,-392,1,127449
41,-15,22,-127006,-286,-416,1,127149
17,-17,17,-126668,-205,-471,0,126915
-16,-23,8,-126257,61,-532,0,126733
-31,-34,-8,-125894,90,-495,1,-125515
-37,-47,-26,-125593,82,-469,1,-125711
-79,-64,-26,-125374,150,-430,1,-125166
-83,-63,16,-125228,172,-403,1,125034
-109,-90,0,-124962,209,-430,1,125291
-159,-99,34,-124685,229,-388,1,124599
-112,-95,98,-124858,137,-423,1,124614
-104,-101,122,-125231,144,-426,1,125037
-130,-88,143,-125714,153,-407,1,125508
-81,-74,163,-126527,70,-408,1,126806
-4,-61,156,-127483,-30,-417,0,-127207
16,-53,116,-128317,-64,-445,0,128237
27,-36,86,-128959,-118,-434,1,128535
45,-26,62,-129430,-188,-409,1,129215
35,-26,33,-129664,-209,-448,1,129800
21,-36,7,-129739,-182,-565,0,129144
16,-37,0,-129699,-159,-583,0,129100
-8,-43,-2,-129549,-24,-620,0,129118
-21,-38,12,-129305,47,-522,0,129793
-78,-37,11,-128959,184,-391,1,128737
-65,-48,13,-128665,142,-434,1,128966
-44,-68,35,-128591,59,-470,1,129000
-70,-95,57,-128509,107,-461,1,128122
-119,-100,89,-128474,158,-418,1,128169
-96,-104,104,-128757,129,-446,1,128923
-99,-107,124,-129256,131,-447,1,129453
-83,-87,151,-130022,102,-435,1,129697
-46,-72,149,-130985,58,-443,1,130772
-7,-63,134,-132036,-13,-443,0,-131786
38,-45,114,-133089,-112,-444,1,132687
97,-26,85,-133856,-239,-406,1,134026
84,-12,46,-134099,-279,-386,1,133943
45,-10,14,-133994,-321,-410,1,134041
12,-25,-15,-133799,-149,-546,0,-133132
8,-37,-24,-133611,-113,-538,0,-134075
-12,-40,-20,-133346,-3,-537,0,133830
-33,-37,-27,-132999,84,-448,1,-132721
-86,-25,-19,-132525,243,-332,1,-132169
-123,-31,-3,-132094,274,-319,1,-132021
-135,-56,13,-131806,254,-346,1,132037
-152,-78,53,-131734,228,-359,1,132091
-132,-87,115,-132028,171,-367,1,131803
-119,-81,147,-132593,155,-370,1,132268
-132,-53,149,-133378,168,-349,1,133332
-78,-27,158,-134517,82,-343,1,134330
-10,-34,144,-135756,-2,-377,0,-136073
25,-44,124,-136894,-69,-419,1,136982
62,-45,106,-137752,-157,-424,1,138071
69,-43,82,-138219,-195,-436,1,137893
51,-40,56,-138358,-197,-462,1,138579
29,-39,37,-138304,-170,-507,1,138609
6,-41,12,-138102,-88,-629,0,137590
-29,-43,-10,-137825,80,-550,1,-137258
-47,-45,-21,-137632,101,-483,1,-137230
-44,-44,-27,-137547,99,-463,1,-137471
-52,-37,-23,-137469,142,-410,1,-137706
-62,-24,-8,-137422,224,-368,1,-137581
-66,-39,1,-137386,205,-400,1,137614
-105,-63,51,-137309,202,-361,1,137624
-147,-72,122,-137399,192,-342,1,137615
-134,-86,156,-137948,149,-365,1,138093
-78,-68,178,-138936,88,-376,1,139047
-55,-64,163,-140029,62,-402,1,140282
-24,-52,145,-141189,14,-416,0,140962
-12,-45,117,-142217,-7,-432,0,-141938
20,-34,97,-143110,-85,-417,0,143015
51,-29,76,-143803,-184,-425,1,143557
62,-25,48,-144156,-252,-424,1,143954
48,-24,24,-144184,-276,-442,1,144289
21,-23,13,-143992,-207,-500,0,144198
0,-29,-3,-143733,-66,-656,0,-144295
-20,-40,-15,-143462,35,-531,0,-143981
-33,-41,-11,-143243,82,-484,1,-142907
-50,-44,4,-143100,133,-436,1,143312
-66,-43,38,-142976,155,-401,1,143162
-82,-64,27,-142728,185,-421,1,142572
-138,-101,7,-142341,224,-418,1,142764
-144,-107,66,-142308,200,-398,1,141826
-109,-102,136,-142725,138,-405,1,142360
-107,-99,158,-143313,135,-409,1,142938
-98,-69,170,-144063,114,-389,1,144324
-68,-55,152,-144981,80,-400,1,145253
-34,-46,131,-145968,24,-403,1,146217
1,-29,112,-146894,-41,-399,0,146436
28,-26,76,-147660,-123,-408,1,147820
41,-29,42,-148221,-206,-450,1,148460
43,-31,20,-148555,-255,-471,1,148800
45,-38,8,-148715,-256,-488,1,148977
28,-39,10,-148678,-193,-527,1,149048
10,-43,18,-148493,-110,-569,0,149097
-4,-44,25,-148196,-48,-542,0,-147683
-31,-43,21,-147788,68,-492,1,147654
-57,-51,7,-147335,137,-465,1,147153
-70,-71,2,-146883,136,-465,1,146584
-93,-100,14,-146458,155,-474,1,146793
-100,-117,5,-146162,166,-496,1,146345
-152,-106,7,-145887,217,-438,1,145480
-204,-72,24,-145899,289,-361,1,145716
-195,-38,56,-146423,275,-334,1,146292
-163,-11,105,-147431,212,-307,1,147138
-91,-14,128,-148664,131,-323,1,148898
-30,-23,139,-149870,23,-355,1,149659
44,-36,129,-151013,-112,-400,1,150665
104,-48,98,-151833,-226,-418,1,151678
100,-49,65,-152201,-251,-433,1,152532
65,-42,43,-152192,-245,-453,1,152335
39,-36,28,-152005,-227,-480,1,151778
20,-36,15,-151696,-180,-546,0,152103
-11,-34,0,-151240,9,-603,0,150717
-68,-39,-13,-150714,187,-421,1,-150989
-108,-32,-23,-150219,233,-366,1,-150320
-105,-36,-36,-149857,211,-355,1,-149691
-92,-41,-31,-149599,214,-366,1,-149900
-107,-50,-17,-149348,231,-384,1,-149172
-146,-55,14,-149076,264,-356,1,149138
-189,-43,79,-149006,266,-298,1,149236
-174,-34,136,-149428,201,-295,1,149083
-146,-24,173,-150203,157,-302,1,150306
-102,-24,171,-151223,97,-333,1,151361
-41,-29,162,-152401,21,-358,1,152245
5,-29,149,-153532,-61,-382,0,153204
43,-28,113,-154408,-139,-407,1,154233
42,-26,76,-154927,-157,-413,1,154706
28,-24,43,-155194,-185,-473,1,155514
24,-34,8,-155299,-212,-560,0,154733
13,-41,-7,-155203,-146,-612,0,-154770
-13,-43,-17,-154914,-1,-571,0,155439
-41,-45,-29,-154638,79,-473,1,-155010
-43,-41,-29,-154423,91,-440,1,-154312
-55,-40,-18,-154165,144,-409,1,-154432
-68,-41,5,-153793,184,-369,1,153957
-122,-54,21,-153371,235,-361,1,153283
-180,-62,37,-153167,262,-344,1,153271
-187,-50,81,-153428,247,-324,1,153150
-159,-33,124,-154148,208,-313,1,154378
-115,-21,158,-155191,149,-315,1,155490
-97,-27,156,-156313,135,-338,1,156587
-69,-25,157,-157543,86,-352,1,157357
-4,-24,152,-158757,-33,-374,0,-159232
68,-26,120,-159910,-178,-398,1,160191
91,-29,76,-160599,-244,-414,1,160304
49,-30,35,-160787,-229,-458,1,161075
10,-29,10,-160706,-124,-588,0,160239
3,-34,-14,-160568,-91,-598,0,-160022
0,-41,-23,-160341,-62,-554,0,-159869
-27,-44,-13,-159986,59,-515,1,-160503
-63,-44,6,-159588,152,-417,1,159307
-69,-42,23,-159299,159,-397,1,159528
-95,-55,0,-158932,214,-406,1,159227
-143,-71,-22,-158536,232,-396,1,-158459
-131,-75,7,-158425,224,-402,1,158565
-121,-71,57,-158491,225,-381,1,158339
-167,-66,88,-158658,247,-353,1,158442
-155,-49,137,-159235,179,-330,1,159704
-98,-35,174,-160202,93,-342,1,159791
-56,-43,163,-161325,50,-371,1,161745
-8,-39,139,-162468,-28,-394,0,-162714
40,-37,102,-163456,-131,-421,1,163632
54,-35,68,-164166,-193,-438,1,163939
53,-30,43,-164550,-238,-445,1,164756
44,-33,22,-164650,-255,-481,1,164398
28,-37,5,-164524,-212,-548,1,163941
-8,-43,-7,-164195,-17,-629,0,164655
-42,-34,2,-163776,141,-470,1,163566
-75,-34,-4,-163402,192,-401,1,-163699
-89,-36,1,-163112,204,-368,1,163069
-73,-52,8,-163079,163,-427,1,162943
-61,-85,-2,-163111,116,-481,1,-163033
-86,-92,24,-163111,160,-446,1,162862
-96,-97,74,-163241,147,-422,1,163048
-102,-99,124,-163616,117,-421,1,163510
-96,-101,148,-164238,111,-430,1,164067
-77,-90,156,-165034,87,-437,1,165312
-36,-65,145,-165924,29,-442,1,166262
1,-53,109,-166798,-34,-461,0,166458
30,-43,78,-167528,-120,-469,1,167869
36,-44,49,-168046,-166,-499,1,168199
32,-43,31,-168356,-176,-510,1,168167
26,-43,16,-168465,-177,-553,1,168107
14,-35,6,-168385,-152,-587,0,168757
-8,-37,-7,-168149,-17,-607,0,168637
-15,-35,-10,-167844,19,-556,0,-167357
-30,-30,-14,-167456,117,-472,1,-167860
-68,-31,-21,-166929,203,-379,1,-167404
-105,-32,-17,-166356,254,-343,1,-165920
-154,-40,-22,-165838,287,-327,1,-165693
-176,-45,2,-165572,288,-334,1,165420
-178,-47,51,-165637,289,-307,1,165816
-202,-38,117,-165992,252,-284,1,166170
-155,-32,169,-166799,156,-317,1,166401
-95,-44,188,-167939,96,-335,1,168422
-21,-41,199,-169151,-10,-362,0,-169256
35,-49,151,-170301,-85,-420,1,170060
43,-47,101,-171089,-129,-445,1,171279
42,-40,65,-171583,-163,-451,1,171793
26,-41,28,-171827,-162,-541,1,171426
5,-37,0,-171871,-84,-669,0,171442
-20,-38,-17,-171816,51,-550,0,-171286
-28,-36,-21,-171757,72,-503,1,-171902
-41,-38,-22,-171656,103,-460,1,-171825
-55,-39,-23,-171530,146,-433,1,-171823
-45,-43,-18,-171421,120,-442,1,-171082
-46,-49,-12,-171218,137,-452,1,-171407
-83,-73,-7,-170796,183,-425,1,-170540
-156,-78,21,-170281,260,-364,1,170375
-192,-75,60,-170130,256,-340,1,169992
-167,-55,108,-170587,228,-307,1,170867
-147,-40,128,-171424,190,-325,1,171091
-120,-26,134,-172486,145,-333,1,172275
-72,-22,135,-173717,87,-342,1,173888
-23,-27,123,-174884,4,-374,0,174631
26,-27,101,-175919,-111,-404,1,175797
59,-31,70,-176633,-201,-416,1,176335
56,-33,43,-176978,-240,-464,1,176705
38,-35,26,-176997,-222,-493,1,176712
19,-40,8,-176825,-169,-583,0,176232
5,-42,0,-176534,-103,-653,0,176977
-15,-46,-6,-176174,-6,-594,0,176733
-27,-41,13,-175787,49,-506,1,175966
-45,-41,22,-175390,112,-454,1,175289
-54,-48,17,-174990,114,-425,1,174687
-103,-38,26,-174548,224,-369,1,174105
-164,-47,16,-174146,260,-354,1,174266
-157,-51,25,-174058,265,-342,1,173825
-142,-54,56,-174258,249,-346,1,174482
-151,-50,104,-174657,224,-334,1,174881
-151,-44,158,-175260,166,-341,1,175433
-119,-47,177,-176159,148,-344,1,176439
-64,-42,173,-177218,70,-367,1,177617
-12,-35,147,-178381,-9,-387,0,-178687
30,-28,116,-179468,-107,-399,1,179357
57,-34,76,-180324,-198,-431,1,180575
60,-35,48,-180816,-238,-446,1,181042
31,-32,29,-180932,-202,-490,1,181245
11,-33,11,-180865,-147,-591,0,180350
3,-32,4,-180705,-103,-641,0,181020
-14,-37,2,-180459,3,-583,0,180870
-34,-35,12,-180164,87,-472,1,179791
-84,-35,19,-179809,183,-372,1,180165
-118,-41,19,-179517,205,-354,1,179421
-123,-62,2,-179354,218,-379,1,179583
-158,-74,9,-179248,260,-342,1,179360
-140,-67,59,-179473,231,-355,1,179300
-142,-58,130,-180006,195,-333,1,179871
-129,-39,177,-180812,149,-327,1,181132
-78,-38,186,-181849,74,-353,1,182179
-38,-35,174,-182923,40,-370,1,183161
-2,-29,153,-183905,-27,-377,0,-184197
42,-29,116,-184800,-126,-422,1,184390
62,-26,83,-185370,-191,-401,1,185664
53,-22,46,-185620,-238,-425,1,185435
25,-28,14,-185635,-224,-517,1,186358
22,-27,1,-185523,-234,-534,0,185921
-4,-34,-7,-185248,-47,-614,0,184818
-37,-26,5,-184886,151,-442,1,185120
-64,-19,16,-184452,195,-333,1,184626
-93,-25,9,-183974,241,-331,1,184144
-139,-31,4,-183508,280,-320,1,183399
-167,-50,6,-183259,274,-328,1,183069
-161,-38,64,-183442,247,-304,1,183695
-140,-29,133,-184006,179,-301,1,184139
-127,-23,170,-184822,148,-309,1,184468
-106,-17,192,-185850,111,-316,1,185367
-58,-10,189,-186989,57,-331,1,187281
-18,-18,154,-188130,14,-361,0,188191
3,-28,122,-189147,-29,-393,0,189230
20,-31,105,-190053,-74,-412,0,190423
33,-33,78,-190784,-130,-439,1,190532
50,-32,44,-191320,-218,-447,1,191026
47,-37,16,-191598,-259,-503,1,191617
30,-32,-3,-191615,-228,-527,1,-192148
16,-33,-26,-191461,-148,-516,0,-190816
8,-34,-42,-191189,-104,-463,0,-191360
-14,-29,-41,-190758,11,-424,0,-190643
-80,-17,-27,-190130,225,-312,1,-190242
-121,-11,-10,-189547,286,-281,1,-189461
-162,-20,-13,-189052,303,-276,1,-189179
-213,-14,22,-188796,322,-262,1,188912
-202,-12,90,-189041,250,-260,1,189202
-171,-17,147,-189762,193,-277,1,189630
-160,-12,173,-190768,170,-290,1,190622
-120,-5,178,-191967,120,-309,1,191568
-72,-12,151,-193181,81,-342,1,193344
-39,-16,137,-194445,25,-365,1,194138
26,-13,123,-195641,-111,-380,1,195907
63,-23,88,-196512,-194,-411,1,196278
55,-24,51,-196885,-226,-432,1,196682
34,-30,19,-196956,-228,-504,1,196704
18,-33,1,-196899,-184,-587,0,197614
9,-32,-14,-196760,-138,-579,0,-197190
-7,-36,-28,-196502,-37,-521,0,195973
-31,-38,-24,-196134,65,-470,1,-196511
-55,-26,-12,-195681,188,-383,1,-195974
-97,-24,-9,-195100,255,-347,1,-195523
-130,-27,-16,-194422,278,-327,1,-194483
-149,-52,-32,-193892,252,-344,1,-193652
-155,-63,-2,-193633,276,-322,1,-193684
-183,-56,68,-193618,266,-312,1,193706
-192,-42,119,-193949,238,-299,1,193722
-171,-39,140,-194696,203,-306,1,194942
-124,-32,156,-195808,132,-333,1,196076
-64,-39,154,-197047,63,-362,1,196704
-4,-39,137,-198261,-42,-396,0,-198521
50,-33,103,-199435,-168,-421,1,199295
62,-26,65,-200138,-224,-417,1,199891
51,-16,34,-200441,-275,-410,1,200302
32,-13,4,-200435,-325,-433,1,200237
2,-16,-15,-200229,-82,-516,0,-199800
-18,-23,-25,-199943,45,-460,0,-199934
-40,-33,-24,-199638,107,-435,1,-199200
-56,-34,-15,-199330,146,-385,1,-199593
-61,-34,0,-198997,192,-376,1,198909
-109,-40,30,-198540,228,-328,1,198270
-142,-73,64,-198136,198,-358,1,197842
-128,-106,98,-198049,151,-404,1,197843
-126,-117,118,-198212,145,-425,1,198406
-118,-101,136,-198638,134,-423,1,198231
-97,-85,137,-199305,122,-432,1,199651
-57,-69,137,-200123,53,-435,1,199883
-5,-53,129,-200998,-36,-441,0,-200718
27,-48,100,-201697,-110,-459,1,201236
35,-42,72,-202090,-141,-468,1,201847
7,-33,42,-202228,-78,-495,0,201823
-5,-24,16,-202291,-26,-569,0,-201747
-3,-22,-9,-202312,-32,-608,0,201754
-16,-28,-20,-202211,30,-513,0,-202746
-19,-30,-22,-202017,51,-494,0,-201959
-38,-35,-28,-201675,104,-442,1,-201221
-75,-33,-25,-201233,197,-386,1,-201510
-104,-42,-20,-200785,229,-362,1,-201091
-152,-45,-21,-200388,262,-351,1,-200248
-159,-48,20,-200261,266,-342,1,200381
-153,-54,70,-200439,245,-333,1,200615
-163,-71,122,-200846,187,-359,1,201165
-118,-69,181,-201664,119,-360,1,201256
-60,-76,175,-202693,55,-405,1,202427
-6,-66,143,-203804,-22,-430,0,-204139
17,-65,107,-204825,-64,-467,0,205261
35,-45,94,-205652,-127,-443,1,205509
58,-41,59,-206273,-218,-457,1,206075
51,-43,32,-206550,-230,-479,1,206804
28,-34,18,-206512,-198,-514,1,205895
-6,-38,0,-206308,-18,-647,0,-206679
-32,-40,-9,-206058,92,-521,1,-206479
-56,-43,-27,-205791,128,-449,1,-205467
-54,-41,-53,-205525,115,-417,1,-205614
-102,-30,-56,-205143,217,-337,1,-204948
-124,-38,-42,-204775,242,-334,1,-204334
-117,-67,-45,-204475,226,-371,1,-204596
-138,-71,-8,-204180,270,-357,1,-204083
-151,-58,63,-204194,252,-326,1,203915
-127,-63,112,-204595,172,-335,1,204515
-147,-58,147,-205203,168,-337,1,204881
-140,-51,149,-206006,138,-360,1,206199
-81,-40,139,-207031,77,-380,1,207231
-14,-43,115,-208067,-33,-427,0,-208159
51,-27,104,-208871,-168,-413,1,208543
60,-20,64,-209152,-214,-420,1,209381
6,-21,17,-208992,-85,-557,0,209446
-34,-20,-6,-208772,177,-471,1,-208593
-27,-33,-23,-208701,76,-502,1,-208555
-27,-38,-40,-208638,39,-474,1,-208665
-47,-37,-54,-208490,84,-411,1,-208796
-61,-38,-62,-208336,99,-374,1,-208127
-73,-39,-53,-208128,152,-370,1,-208208
-131,-32,-10,-207758,286,-325,1,-207681
-175,-44,38,-207507,270,-326,1,207481
-161,-47,97,-207679,223,-311,1,207419
-152,-39,138,-208152,180,-328,1,208092
-139,-38,154,-208916,165,-322,1,209345
-78,-37,168,-209976,72,-353,1,210397
-23,-47,152,-211117,10,-392,0,211331
10,-53,127,-212148,-59,-423,0,212332
47,-52,111,-213039,-147,-448,1,213363
70,-51,78,-213597,-220,-480,1,213857
41,-45,44,-213701,-184,-502,1,213932
-3,-38,26,-213556,-39,-568,0,-213022
-19,-32,12,-213411,55,-548,0,213941
-11,-40,-8,-213329,-3,-607,0,213796
-27,-39,-16,-213170,61,-518,1,-213690
-51,-42,-32,-212985,102,-441,1,-212514
-42,-54,-38,-212798,42,-438,1,-212633
-56,-44,-9,-212458,155,-433,1,-212182
-122,-56,9,-211872,233,-372,1,211521
-155,-77,6,-211407,225,-403,1,211054
-145,-90,-9,-211276,229,-411,1,-211191
-166,-70,24,-211386,276,-362,1,211263
-159,-44,71,-211846,260,-326,1,211765
-138,-40,105,-212616,208,-326,1,212950
-108,-37,140,-213573,135,-333,1,213839
-47,-49,159,-214689,15,-376,1,214874
46,-41,146,-215800,-136,-406,1,215922
80,-51,87,-216492,-204,-453,1,216210
58,-41,50,-216695,-203,-470,1,216906
9,-30,28,-216590,-92,-530,0,216141
-21,-30,6,-216419,72,-566,0,216850
-26,-34,-7,-216286,88,-533,1,-216749
-43,-35,-16,-216164,135,-466,1,-216370
-55,-36,-20,-216068,159,-433,1,-216362
-54,-39,-21,-215989,143,-420,1,-215709
-43,-47,-12,-215857,116,-456,1,-215696
-49,-53,-20,-215552,135,-466,1,-215230
-112,-75,0,-214929,220,-397,1,214758
-172,-86,39,-214459,242,-372,1,214241
-173,-88,89,-214445,212,-367,1,214199
-144,-66,148,-214918,157,-353,1,214561
-100,-60,174,-215704,97,-373,1,215927
-43,-56,167,-216621,18,-399,1,216841
29,-48,141,-217550,-96,-414,1,217267
55,-52,102,-218231,-157,-455,1,218445
39,-46,73,-218515,-147,-472,1,218263
10,-45,34,-218599,-94,-548,0,219038
6,-43,4,-218676,-100,-655,0,218356
2,-46,-18,-218689,-77,-605,0,-218221
-22,-36,-15,-218524,45,-532,0,-219040
-58,-29,-15,-218242,179,-408,1,-218510
-83,-24,-18,-217945,221,-356,1,-217778
-80,-30,-21,-217754,208,-362,1,-217958
-94,-39,-19,-217564,224,-354,1,-217137
-115,-41,18,-217436,253,-335,1,217251
-133,-62,56,-217524,221,-346,1,217269
-119,-54,132,-217953,152,-333,1,217712
-100,-75,165,-218601,114,-374,1,218208
-70,-78,185,-219454,69,-399,1,219204
-21,-73,170,-220354,9,-432,0,220563
-6,-67,132,-221116,-3,-457,0,-220849
-8,-50,102,-221749,-12,-448,0,-222163
3,-43,69,-222361,-50,-484,0,222500
16,-42,39,-222875,-117,-533,0,222438
22,-41,15,-223255,-169,-574,0,223920
25,-43,-6,-223483,-182,-567,1,-223821
18,-45,-20,-223530,-155,-560,0,-224180
-8,-40,-20,-223381,-34,-557,0,223912
-37,-30,-13,-223073,126,-448,1,-222872
-67,-29,-16,-222646,199,-383,1,-222303
-95,-32,-20,-222137,234,-356,1,-221793
-125,-38,-28,-221638,258,-343,1,-221649
-145,-43,-24,-221279,277,-327,1,-221348
-167,-30,23,-221132,317,-288,1,220998
-190,-19,89,-221238,271,-268,1,221380
-179,-28,137,-221715,223,-287,1,222192
-152,-35,165,-222539,177,-310,1,222429
-96,-41,170,-223583,112,-343,1,223398
-51,-46,146,-224739,70,-379,1,224336
-16,-49,124,-225823,0,-412,0,226244
20,-46,106,-226826,-84,-433,0,227259
46,-51,68,-227570,-163,-476,1,227795
45,-44,39,-228008,-203,-496,1,228256
35,-39,8,-228208,-227,-534,1,227734
27,-38,-16,-228252,-202,-534,1,-227702
17,-35,-33,-228151,-139,-494,0,-227905
0,-34,-42,-227912,-77,-461,0,-228302
-23,-30,-30,-227560,40,-434,0,-227691
-75,-16,0,-227095,254,-316,1,226965
-132,-18,12,-226608,278,-293,1,226688
-153,-27,9,-226283,296,-293,1,226158
-180,-24,27,-226204,304,-301,1,226107
-196,-15,87,-226469,285,-240,1,226767
-153,-19,158,-227108,173,-291,1,227003
-179,-24,175,-227927,199,-290,1,228281
-119,-13,183,-229069,109,-305,1,229215
-23,-23,163,-230283,-2,-353,0,-229963
-23,-40,126,-231401,16,-403,0,230951
-14,-34,118,-232325,-17,-399,0,-232003
21,-26,97,-233123,-102,-430,0,233221
8,-18,60,-233542,-76,-412,0,233906
-2,-9,28,-233750,-43,-433,0,-233625
-12,-11,-9,-233807,96,-500,0,-233687
-29,-23,-42,-233768,70,-425,1,-233706
-36,-31,-53,-233717,45,-420,1,-233841
-37,-38,-53,-233642,45,-417,1,-233747
-35,-41,-42,-233498,67,-434,1,-233932
-43,-38,-28,-233159,133,-411,1,-233423
-104,-67,-12,-232565,205,-407,1,-232707
-148,-94,20,-232110,216,-387,1,232238
-141,-94,78,-232064,187,-377,1,232224
-135,-83,126,-232395,155,-368,1,232087
-96,-78,140,-232972,113,-393,1,233327
-105,-69,145,-233569,125,-394,1,233770
-74,-55,145,-234329,73,-400,1,234099
-26,-55,124,-235170,10,-437,1,235343
4,-44,105,-235903,-51,-441,0,235696
25,-40,80,-236509,-110,-444,1,236135
25,-42,52,-236935,-138,-495,1,236774
30,-37,30,-237206,-194,-510,1,237454
24,-43,2,-237326,-181,-583,0,237005
13,-42,-9,-237330,-143,-604,0,-237035
7,-45,-19,-237275,-115,-579,0,-236754
-5,-43,-29,-237124,-38,-530,0,236615
-37,-40,-31,-236834,75,-442,1,-236750
-69,-31,-4,-236444,207,-366,1,-236132
-95,-44,6,-236024,227,-373,1,235536
-122,-54,12,-235620,245,-368,1,235962
-154,-73,33,-235310,241,-367,1,235073
-160,-70,95,-235288,196,-364,1,235070
-140,-77,149,-235763,145,-362,1,235867
-87,-77,182,-236630,85,-384,1,237008
-55,-72,174,-237603,62,-409,1,237912
-23,-56,145,-238663,9,-414,0,238944
4,-47,109,-239736,-38,-438,0,240034
22,-40,80,-240649,-96,-462,0,241145
42,-31,54,-241334,-182,-438,1,241588
45,-28,26,-241771,-252,-464,1,242033
37,-32,2,-241938,-247,-498,1,241709
19,-38,-12,-241875,-160,-567,0,-242245
-7,-40,-28,-241669,-23,-537,0,242226
-25,-43,-42,-241437,22,-470,1,-241352
-32,-42,-37,-241243,44,-436,1,-241621
-40,-37,-11,-241065,126,-434,1,-240750
-59,-41,20,-240834,164,-404,1,241139
-81,-76,15,-240518,166,-448,1,240267
-113,-89,20,-240193,204,-427,1,240409
-142,-100,41,-239990,220,-408,1,239866
-138,-94,89,-240099,192,-391,1,239658
-134,-81,127,-240467,204,-366,1,240218
-153,-64,141,-240998,172,-365,1,240780
-103,-33,156,-241891,125,-344,1,241937
-55,-42,133,-242936,72,-384,1,243033
-13,-34,121,-244001,-5,-390,0,-243960
27,-35,96,-244943,-101,-421,1,245076
44,-45,64,-245679,-163,-456,1,245384
53,-38,47,-246181,-229,-467,1,245934
44,-38,32,-246398,-230,-481,1,246610
29,-31,34,-246379,-193,-475,1,246610
-1,-29,16,-246170,-42,-570,0,-246664
-22,-42,-19,-245909,35,-545,0,-246460
-34,-39,-35,-245637,65,-465,1,-245300
-68,-43,-48,-245330,137,-405,1,-245514
-79,-46,-56,-244964,154,-374,1,-245084
-107,-58,-60,-244486,200,-356,1,-244422
-151,-42,-3,-243983,303,-310,1,-244139
-187,-53,45,-243787,284,-310,1,243907
-173,-34,122,-244080,215,-284,1,243799
-146,-30,169,-244833,159,-294,1,245244
-122,-24,179,-245819,123,-311,1,246185
-79,-28,161,-246991,79,-345,1,247086
-30,-28,142,-248136,4,-374,1,247997
15,-29,107,-249175,-81,-411,0,249062
30,-36,81,-249934,-129,-444,1,250137
32,-29,60,-250407,-158,-447,1,250630
32,-30,29,-250660,-211,-493,1,250430
28,-32,4,-250703,-231,-539,1,250294
17,-32,-14,-250571,-180,-551,0,-249951
0,-34,-23,-250254,-74,-537,0,-250858
-30,-29,-11,-249829,113,-473,1,-249414
-63,-27,3,-249369,195,-377,1,249735
-69,-30,11,-248946,191,-368,1,249328
-84,-39,21,-248511,199,-368,1,248693
-128,-46,5,-247951,265,-356,1,247984
-190,-45,7,-247339,330,-300,1,247518
-214,-31,31,-247010,319,-307,1,246843
-218,-17,73,-247141,299,-264,1,247243
-182,3,124,-247840,216,-252,1,-248054
-144,0,157,-248934,152,-272,1,-249316
-79,1,175,-250148,51,-300,1,-250073
-11,-19,145,-251387,-33,-360,0,-250935
22,-21,128,-252492,-100,-380,0,252883
49,-23,92,-253297,-180,-406,1,252974
52,-20,61,-253716,-221,-413,1,253514
29,-27,24,-253801,-216,-494,1,253518
12,-31,2,-253695,-157,-611,0,252946
0,-34,-16,-253457,-71,-584,0,-252990
-24,-41,-31,-253133,27,-495,0,-253211
-41,-42,-20,-252834,74,-452,1,-252474
-73,-36,11,-252596,173,-381,1,252673
-66,-43,24,-252386,156,-399,1,252035
-92,-58,13,-252057,197,-415,1,252335
-124,-71,20,-251728,218,-390,1,251450
-128,-78,56,-251645,191,-402,1,251867
-133,-75,111,-251843,176,-367,1,251582
-125,-65,155,-252336,131,-370,1,252153
-101,-53,169,-253083,112,-364,1,253307
-64,-44,157,-253985,68,-379,1,254356
-19,-39,131,-254980,2,-400,0,255291
9,-38,107,-255876,-58,-419,0,255581
25,-35,90,-256610,-105,-429,1,256967
31,-33,68,-257140,-144,-446,1,257337
32,-34,42,-257490,-190,-490,1,257197
23,-39,18,-257643,-174,-543,0,257272
14,-37,8,-257633,-162,-594,0,257200
6,-37,-1,-257476,-121,-638,0,-258023
-19,-39,-6,-257141,28,-551,0,-257662
-51,-30,0,-256617,170,-407,1,256888
-89,-25,7,-256021,245,-342,1,256496
-124,-28,7,-255507,271,-330,1,255536
-136,-41,0,-255191,266,-352,1,255023
-148,-38,42,-255038,262,-334,1,255209
-153,-44,87,-255134,218,-340,1,255475
-150,-47,128,-255514,181,-342,1,255937
-137,-32,172,-256187,156,-317,1,256290
-108,-25,169,-257069,118,-332,1,257480
-70,-17,147,-258200,86,-331,1,258382
-22,-17,126,-259396,7,-351,0,259171
2,-25,116,-260529,-42,-378,0,260236
45,-21,109,-261505,-146,-384,1,261177
75,-31,74,-262201,-232,-419,1,262497
61,-35,42,-262479,-246,-441,1,262197
35,-41,11,-262467,-234,-540,1,263091
21,-47,-14,-262283,-183,-578,0,-262730
1,-51,-23,-261904,-90,-572,0,-261451
-37,-40,-15,-261323,107,-483,1,-261454
-77,-27,-26,-260640,211,-372,1,-261108
-122,-32,-51,-259998,223,-345,1,-259662
-151,-34,-44,-259505,259,-320,1,-259348
-162,-21,0,-259223,342,-270,1,259195
-182,-18,31,-259179,325,-280,1,259200
-187,-8,77,-259430,278,-261,1,259460
-175,-7,115,-260051,229,-260,1,259820
-146,8,156,-261085,153,-253,1,-261056
-62,10,169,-262299,31,-274,1,-262410
37,-25,140,-263514,-106,-358,1,263399
46,-55,119,-264686,-101,-423,1,264259
28,-52,118,-265497,-88,-432,1,265402
58,-44,97,-266139,-172,-440,1,265973
73,-32,62,-266503,-244,-435,1,266284
60,-25,23,-266534,-292,-431,1,266648
33,-27,-6,-266310,-260,-490,1,-266387
8,-33,-25,-265932,-124,-530,0,-265364
-21,-28,-20,-265404,32,-465,0,-265558
-86,-24,-15,-264828,222,-351,1,-265141
-119,-6,12,-264364,261,-279,1,264388
-121,-24,4,-264151,274,-313,1,264084
-153,-35,7,-264033,294,-316,1,264131
-161,-43,45,-264152,275,-316,1,264027
-157,-36,112,-264547,232,-300,1,264301
-143,-36,154,-265281,186,-308,1,265725
-103,-26,208,-266262,103,-304,1,266737
-54,-23,222,-267380,52,-328,1,267774
-38,-24,185,-268380,40,-354,1,268698
-14,-29,141,-269360,-1,-383,0,-269776
12,-29,125,-270239,-59,-399,0,269893
30,-31,97,-270960,-116,-427,1,271316
53,-27,63,-271400,-199,-439,1,271684
32,-21,19,-271479,-229,-466,1,271719
-5,-24,-23,-271356,-11,-536,0,270817
-8,-33,-50,-271241,-36,-471,0,270953
-8,-42,-63,-271101,-43,-453,0,271104
-23,-39,-56,-270908,7,-427,0,-271252
-45,-31,-21,-270702,141,-410,1,-270429
-69,-42,0,-270503,184,-387,1,270834
-73,-59,5,-270183,170,-423,1,269854
-116,-85,5,-269688,206,-414,1,269317
-177,-94,26,-269306,238,-369,1,268947
-175,-63,90,-269508,215,-325,1,269721
-116,-51,120,-270251,140,-352,1,269891
-79,-46,133,-271159,105,-350,1,271079
-77,-41,142,-272105,97,-361,1,272136
-35,-43,121,-273123,29,-408,1,273178
-26,-48,95,-273975,31,-445,1,274431
-15,-44,79,-274710,1,-452,0,274623
24,-49,66,-275402,-117,-489,0,275005
59,-47,55,-275893,-214,-471,1,275606
