-44,-70,-27,-2784,87,-2,1,-2815
-60,-88,-30,-2566,111,11,1,2579
-80,-104,-10,-2419,150,17,1,2519
-95,-136,13,-2377,154,12,1,-2314
-104,-138,50,-2652,152,35,1,-2624
-87,-141,105,-3249,98,52,1,-3159
-35,-111,139,-4076,13,74,1,-3945
27,-62,184,-4980,-93,130,1,-4913
84,-40,133,-5685,-181,125,1,-5641
66,-15,76,-5939,-218,150,1,-6015
11,-10,43,-5855,-99,130,0,-5654
-5,-24,16,-5753,-26,-28,0,-5756
-9,-29,-3,-5551,10,-93,0,-5613
-37,-53,-22,-5319,82,3,1,5265
-46,-70,-18,-5095,92,0,1,5056
-51,-105,-17,-4919,82,-27,1,-4920
-65,-127,-6,-4834,96,-39,1,-4768
-87,-163,13,-4877,130,-17,1,4964
-87,-153,49,-5223,130,4,1,-5149
-74,-141,94,-5842,85,37,1,-5690
-15,-107,140,-6663,-17,67,0,6847
70,-60,149,-7472,-169,122,1,-7447
82,-19,105,-7855,-204,153,1,-7895
34,-11,45,-7830,-200,144,1,-7877
-17,-13,24,-7608,72,97,0,-7577
-39,-31,2,-7360,141,42,1,-7202
-42,-46,-11,-7159,107,12,1,7068
-60,-77,-35,-6896,110,24,1,6863
-78,-101,-40,-6631,127,29,1,6537
-77,-132,-19,-6445,123,-2,1,-6537
-76,-143,21,-6428,104,-22,1,6581
-102,-151,62,-6662,142,29,1,-6745
-83,-138,106,-7166,102,50,1,-6940
-57,-112,139,-7927,43,66,1,-7745
16,-84,143,-8755,-77,85,0,-8934
26,-24,150,-9233,-107,156,1,-9343
19,-11,74,-9470,-119,144,0,-9291
2,-3,34,-9494,-83,166,0,-9666
-6,-21,-5,-9446,9,-80,0,-9397
-22,-46,-19,-9298,44,-28,0,-9295
-50,-70,-40,-9050,101,16,1,9084
-75,-106,-37,-8822,111,-1,1,-8735
-58,-136,-24,-8783,88,-36,1,-8864
-63,-168,15,-8893,101,-44,1,8807
-68,-164,47,-9203,97,-15,1,9041
-45,-119,97,-9729,54,43,1,-9766
-3,-87,132,-10464,-33,92,0,10353
35,-37,146,-11000,-103,149,1,-10899
16,-15,116,-11290,-85,164,0,-11394
-1,0,76,-11337,-45,177,0,-11420
-5,-21,11,-11274,-6,-55,0,-11300
-12,-41,-30,-11082,1,-21,0,-11105
-36,-69,-50,-10845,45,4,1,10784
-53,-94,-44,-10551,74,-2,1,-10557
-58,-117,-39,-10316,81,-9,1,-10363
-79,-152,-11,-10177,110,-14,1,-10100
-98,-170,33,-10250,100,-13,1,10379
-69,-136,108,-10677,44,52,1,-10497
-2,-106,158,-11523,-43,68,0,11672
65,-72,145,-12240,-155,95,1,-12191
47,-40,90,-12606,-158,91,1,-12715
21,-11,41,-12691,-181,129,0,-12692
9,-10,0,-12556,-238,3,0,-12776
-24,-28,-20,-12271,71,39,0,12179
-41,-47,-24,-11901,97,33,1,11822
-64,-75,-34,-11511,105,38,1,11502
-61,-97,-32,-11208,84,-2,1,-11219
-65,-126,-15,-11031,93,-16,1,-11125
-78,-160,24,-11009,100,-14,1,11168
-90,-156,87,-11202,103,31,1,-11056
-69,-131,130,-11612,51,60,1,-11540
-2,-97,154,-12324,-40,87,0,12458
42,-56,145,-12890,-117,110,1,-13005
41,-24,94,-13219,-146,126,1,-13103
25,-9,33,-13286,-200,128,1,-13202
7,-12,-5,-13179,-170,-22,0,-13261
-23,-30,-28,-12965,68,41,0,13019
-54,-62,-38,-12751,99,32,1,12707
-53,-86,-31,-12564,89,9,1,12607
-71,-119,-7,-12435,114,-5,1,-12498
-77,-142,13,-12343,113,-13,1,12420
-106,-149,40,-12492,126,8,1,-12396
-88,-129,89,-12938,96,58,1,-12895
-62,-100,131,-13596,65,89,1,-13790
-17,-80,133,-14363,-24,82,0,14471
14,-53,115,-15010,-61,98,0,-15029
26,-39,81,-15477,-124,89,1,-15417
41,-28,50,-15690,-190,88,1,-15792
18,-23,21,-15663,-173,26,0,-15756
4,-28,0,-15486,-78,-135,0,15531
-26,-46,-15,-15184,72,-24,1,-15146
-50,-77,-24,-14932,86,-9,1,-14949
-52,-85,-23,-14678,79,-15,1,-14695
-75,-111,-5,-14468,106,-2,1,-14540
-71,-123,-2,-14339,104,-15,1,-14427
-86,-147,16,-14376,113,-13,1,14478
-73,-150,37,-14658,79,-32,1,14826
-68,-128,82,-15135,75,28,1,-15141
-22,-102,122,-15824,-4,56,0,15868
34,-67,122,-16517,-116,89,1,-16568
43,-34,105,-16933,-136,121,1,-17083
20,-30,53,-17118,-128,72,0,-17109
4,-27,26,-17156,-90,5,0,-17242
-4,-44,0,-17084,-37,-144,0,-16955
-15,-59,-25,-16952,1,-52,0,-16940
-24,-88,-34,-16706,29,-52,0,-16653
-45,-113,-46,-16486,56,-22,1,-16443
-36,-134,-38,-16312,55,-49,1,-16177
-60,-149,-14,-16301,101,-41,1,-16193
-62,-145,24,-16535,81,-44,1,16474
-71,-138,54,-16990,102,4,1,-17094
-39,-106,91,-17575,38,38,1,-17586
10,-83,127,-18302,-72,74,0,-18262
65,-41,125,-18816,-162,125,1,-18869
36,-25,64,-19061,-165,109,1,-19139
17,-17,30,-19016,-157,83,0,-19094
0,-40,-7,-18851,-52,-124,0,-18890
-15,-54,-23,-18646,8,-52,0,-18626
-25,-65,-33,-18415,31,-23,1,-18333
-35,-88,-35,-18153,52,-26,1,-18066
-43,-106,-30,-17853,58,-41,1,-17908
-65,-127,-9,-17582,107,-21,1,-17640
-77,-151,9,-17436,113,-18,1,17579
-100,-144,49,-17548,136,25,1,-17605
-86,-134,73,-17971,107,30,1,-18142
-59,-107,120,-18573,57,67,1,-18654
9,-83,140,-19265,-70,80,0,-19329
50,-73,118,-19842,-118,70,1,-19902
42,-57,90,-20204,-142,62,1,-19988
17,-30,58,-20293,-110,80,0,-20302
-3,-19,19,-20316,-30,5,0,20290
2,-24,-13,-20288,-73,-47,0,-20291
-11,-35,-27,-20177,10,-4,0,-20202
-22,-64,-35,-19990,27,-14,0,-19978
-25,-88,-39,-19711,38,-17,1,-19619
-39,-122,-32,-19392,62,-38,1,-19432
-71,-153,-4,-19133,104,-26,1,-18964
-84,-157,38,-19222,92,-17,1,19379
-77,-139,74,-19599,100,22,1,-19572
-50,-121,99,-20265,22,33,1,-20279
35,-83,126,-20878,-110,77,1,-20898
27,-59,114,-21258,-85,86,1,-21340
29,-42,85,-21421,-125,83,1,-21474
10,-27,46,-21469,-94,64,0,-21502
2,-25,3,-21418,-78,-132,0,21372
-23,-34,-21,-21264,73,6,0,21345
-43,-58,-41,-21036,88,22,1,21085
-52,-78,-45,-20773,85,15,1,20783
-50,-106,-42,-20528,89,-13,1,-20489
-69,-140,-20,-20241,107,-24,1,-20404
-76,-181,-1,-20148,92,-34,1,-20019
-81,-159,72,-20343,74,0,1,-20410
-39,-131,106,-20928,13,30,1,-20834
26,-88,130,-21522,-97,69,1,-21753
34,-51,102,-21936,-113,86,1,-22013
36,-34,67,-22197,-169,95,1,-22023
17,-23,40,-22156,-136,74,0,-22124
-12,-31,6,-21985,26,-65,0,21931
-27,-37,-10,-21761,82,-6,1,-21860
-37,-67,-24,-21616,60,-15,1,-21552
-32,-88,-17,-21510,34,-62,1,-21570
-47,-119,-11,-21467,54,-62,1,-21377
-44,-136,-4,-21451,46,-77,1,-21253
-50,-172,11,-21611,62,-69,1,21634
-39,-157,61,-21951,43,-33,1,21809
1,-133,101,-22519,-43,-4,0,22333
43,-97,121,-23073,-110,59,1,-23112
34,-65,98,-23357,-98,61,1,-23396
30,-47,77,-23520,-124,69,1,-23456
12,-28,57,-23510,-103,85,0,-23499
1,-23,18,-23438,-74,-14,0,23502
-10,-18,-7,-23307,57,-26,0,-23351
-24,-48,-27,-23151,45,-3,0,-23138
-19,-67,-18,-22994,18,-57,0,-22969
-35,-107,-31,-22830,30,-53,1,-22867
-48,-134,-21,-22627,62,-44,1,-22731
-70,-169,-14,-22460,89,-37,1,-22310
-79,-163,25,-22570,98,-18,1,22700
-56,-155,74,-22987,55,-4,1,22810
0,-113,122,-23609,-44,45,0,-23607
41,-68,138,-24214,-120,98,1,-24164
47,-36,97,-24542,-152,112,1,-24405
23,-28,50,-24634,-140,76,0,-24771
-4,-22,21,-24549,-30,-3,0,-24571
-12,-39,-9,-24424,6,-82,0,-24344
-30,-42,-26,-24288,75,12,1,24246
-45,-77,-42,-24116,72,5,1,24116
-58,-87,-39,-23930,99,15,1,23903
-49,-127,-27,-23762,76,-35,1,-23785
-57,-152,1,-23700,89,-45,1,23627
-72,-161,46,-23793,134,8,1,-23733
-69,-144,93,-24224,51,12,1,-24118
5,-111,129,-24790,-52,57,0,-24632
32,-70,138,-25333,-94,83,1,-25111
48,-56,89,-25724,-155,71,1,-25852
21,-20,76,-25752,-108,131,0,-25656
-10,-29,28,-25715,2,12,0,-25720
0,-31,13,-25691,-62,-74,0,25663
-14,-56,-25,-25626,-6,-50,0,25613
-24,-69,-23,-25482,35,-43,0,-25544
-35,-93,-27,-25332,44,-33,1,-25241
-47,-116,-20,-25212,83,-37,1,-25154
-51,-147,-9,-25119,73,-47,1,-25299
-82,-147,15,-25081,136,-6,1,25018
-104,-146,76,-25243,117,27,1,-25166
-79,-127,103,-25811,84,53,1,-25832
-3,-77,152,-26580,-58,99,0,26461
46,-61,134,-27299,-113,93,1,-27161
39,-31,87,-27710,-158,114,1,-27840
4,-11,45,-27809,-74,130,0,-27723
2,-14,19,-27823,-101,40,0,-27901
-4,-21,-3,-27662,-22,-106,0,27750
-28,-47,-25,-27384,55,-7,1,-27369
-44,-70,-43,-27068,67,10,1,27061
-64,-103,-46,-26688,97,16,1,26681
-78,-129,-31,-26365,127,7,1,26196
-78,-158,10,-26250,108,-17,1,26156
-86,-160,70,-26356,93,3,1,-26147
-83,-143,113,-26749,75,49,1,-26793
-27,-116,171,-27419,-12,74,1,27546
18,-82,141,-28132,-92,62,0,-27979
28,-43,80,-28544,-130,74,1,-28626
0,-15,35,-28737,-60,92,0,-28681
-2,-20,12,-28845,-40,-34,0,-28855
-4,-27,-8,-28842,-35,-80,0,28888
-13,-45,-19,-28749,-5,-31,0,28774
-16,-63,-18,-28634,8,-56,0,-28613
-20,-88,-29,-28363,14,-50,0,-28336
-57,-128,-43,-27937,98,-19,1,-27967
-70,-161,-12,-27690,96,-31,1,-27835
-65,-163,33,-27775,75,-43,1,27871
-74,-138,77,-27958,111,31,1,-28108
-79,-107,116,-28498,71,77,1,-28425
7,-68,132,-29136,-79,98,0,-28962
12,-50,103,-29611,-83,84,0,-29685
11,-29,67,-29806,-94,92,0,-29755
-7,-30,29,-29857,-23,2,0,29872
0,-36,-3,-29831,-69,-145,0,-29810
-37,-50,-28,-29730,85,13,1,29812
-51,-70,-45,-29547,80,31,1,29565
-74,-90,-54,-29348,122,45,1,29394
-69,-109,-31,-29180,120,18,1,29092
-82,-136,14,-29163,142,10,1,-29110
-95,-144,72,-29316,132,44,1,-29362
-96,-130,108,-29721,122,63,1,-29933
-49,-116,126,-30400,24,46,1,-30392
8,-91,133,-31087,-55,72,0,-31174
4,-63,120,-31527,-49,86,0,-31489
6,-39,89,-31878,-86,95,0,-31989
26,-22,56,-32078,-160,110,1,-32137
-2,-14,30,-32005,-40,85,0,32102
-14,-30,8,-31873,34,-52,0,31883
-12,-50,-12,-31725,-1,-89,0,31623
-29,-74,-27,-31570,31,-33,1,-31523
-34,-91,-27,-31387,36,-39,1,-31483
-34,-117,-32,-31197,34,-44,1,-31133
-50,-124,-6,-31008,85,-36,1,-31014
-62,-141,14,-30973,89,-28,1,30722
-78,-131,56,-31066,102,3,1,-31177
-77,-126,71,-31462,98,29,1,-31472
-40,-107,89,-31999,38,40,1,-31976
-28,-92,107,-32612,1,49,1,-32636
8,-67,114,-33113,-72,80,0,-33142
7,-56,97,-33469,-74,75,0,-33518
31,-41,69,-33678,-156,79,1,-33577
8,-28,53,-33649,-82,76,0,-33610
-13,-26,26,-33553,17,21,0,-33562
-15,-34,7,-33403,33,-59,0,33355
-25,-56,-9,-33252,41,-60,1,-33238
-22,-73,-16,-33075,13,-74,0,-33063
-37,-97,-19,-32839,40,-56,1,-32781
-45,-115,-14,-32614,57,-38,1,-32554
-64,-124,0,-32399,97,-16,1,32423
-82,-143,20,-32306,108,-1,1,32405
-86,-132,54,-32501,113,22,1,-32369
-71,-130,74,-32874,83,26,1,-32943
-53,-109,98,-33392,42,42,1,-33367
-27,-80,131,-34005,-11,93,1,33878
0,-61,122,-34590,-63,94,0,-34618
10,-39,120,-34988,-93,127,0,-35039
9,-17,99,-35215,-81,142,0,-35113
17,-21,55,-35362,-143,96,0,-35584
11,-15,22,-35305,-155,56,0,-35164
-12,-26,1,-35109,47,-76,0,35153
-19,-52,-16,-34979,24,-66,0,-35032
-13,-78,-25,-34831,-13,-74,0,34832
-29,-101,-30,-34672,35,-58,1,-34580
-39,-138,-26,-34427,43,-58,1,-34526
-65,-157,-10,-34275,86,-39,1,-34117
-58,-150,22,-34286,82,-37,1,34082
-82,-132,58,-34547,97,6,1,-34431
-48,-121,75,-35044,57,11,1,-35023
-37,-98,94,-35716,28,46,1,-35754
12,-83,99,-36389,-73,48,0,-36452
-1,-24,72,-37233,-46,115,0,37235
10,-21,40,-37294,-109,78,0,-37308
11,-36,13,-37281,-114,-68,0,37301
-5,-46,-12,-37157,-22,-104,0,37238
-19,-83,-36,-37021,8,-58,0,-37069
-25,-95,-36,-36860,18,-51,1,-36798
-38,-124,-32,-36638,46,-60,1,-36683
-43,-130,-20,-36470,62,-62,1,-36558
-46,-139,-1,-36354,69,-62,1,-36574
-65,-146,28,-36407,93,-26,1,36540
-56,-133,62,-36677,65,-3,1,36745
-26,-124,82,-37125,8,1,1,-37183
-2,-95,97,-37605,-40,29,0,37602
28,-66,93,-38028,-121,65,1,-38066
50,-44,78,-38241,-172,92,1,-38340
26,-23,69,-38248,-132,116,1,-38363
8,-24,38,-38115,-94,57,0,-38078
-5,-32,-3,-37965,-13,-127,0,37925
-20,-54,-32,-37825,24,-26,0,-37883
-27,-69,-36,-37709,25,-22,1,-37695
-35,-105,-38,-37523,40,-40,1,-37618
-37,-132,-35,-37347,36,-52,1,-37236
-54,-157,-24,-37178,78,-50,1,-37372
-62,-159,9,-37254,75,-34,1,37190
-48,-138,65,-37504,54,4,1,-37546
-24,-109,106,-37970,-1,52,0,38006
24,-84,122,-38505,-80,89,0,-38478
26,-55,115,-38985,-95,95,1,-38934
34,-47,81,-39325,-134,80,1,-39192
31,-33,55,-39428,-161,75,1,-39652
20,-28,25,-39352,-161,22,0,-39190
-3,-30,5,-39156,-26,-121,0,-39051
-12,-47,-19,-38943,7,-57,0,-38933
-26,-69,-31,-38663,35,-19,1,-38776
-39,-91,-27,-38361,53,-28,1,-38292
-57,-114,-18,-37989,89,-25,1,-38015
-89,-146,-10,-37704,112,-5,1,-37873
-90,-161,18,-37563,119,-5,1,37409
-106,-148,70,-37784,105,25,1,-37721
-55,-114,107,-38291,48,57,1,-38325
-23,-82,125,-39036,-28,87,0,38927
39,-62,111,-39669,-139,89,1,-39506
42,-48,90,-40054,-160,86,1,-40161
33,-24,66,-40140,-165,109,1,-40054
-5,-23,18,-40057,-19,-23,0,-40063
-20,-26,-21,-39899,59,23,0,39914
-45,-47,-41,-39746,89,46,1,39711
-37,-70,-26,-39629,56,-10,1,-39559
-36,-85,-12,-39502,59,-39,1,-39472
-47,-124,-8,-39307,74,-51,1,-39332
-72,-157,9,-39116,102,-31,1,39010
-65,-169,48,-39216,75,-26,1,39334
-71,-139,89,-39504,71,14,1,-39569
-48,-113,118,-40111,23,53,1,-40103
25,-74,135,-40816,-115,103,1,-40879
30,-29,117,-41286,-107,134,1,-41438
33,-20,59,-41661,-188,116,1,-41594
35,-23,21,-41779,-251,68,1,-41904
6,-38,-5,-41680,-97,-113,0,-41723
-23,-50,-12,-41442,47,-38,0,-41414
-29,-78,-13,-41208,36,-55,1,-41148
-30,-100,-6,-40979,48,-57,1,-41059
-34,-124,-1,-40816,49,-76,1,-40781
-50,-142,18,-40680,81,-48,1,40500
-66,-151,36,-40814,92,-29,1,40925
-76,-134,65,-41145,114,16,1,-41047
-76,-120,85,-41748,80,25,1,-41777
-23,-97,110,-42460,-11,55,0,42492
21,-74,114,-43115,-79,78,0,-43079
32,-53,106,-43595,-119,93,1,-43549
35,-39,77,-43847,-145,88,1,-43974
18,-22,60,-43884,-122,113,0,-43867
-6,-19,29,-43812,-11,56,0,43801
-7,-35,-4,-43734,-12,-111,0,43669
-17,-49,-22,-43611,23,-40,0,-43614
-29,-74,-25,-43459,38,-39,1,-43405
-30,-100,-15,-43287,30,-76,1,-43313
-44,-129,0,-43091,47,-74,1,43164
-54,-141,9,-43049,65,-66,1,43163
-51,-155,26,-43097,49,-66,1,43161
-63,-162,62,-43325,65,-30,1,43458
20,-74,110,-45125,-88,69,0,-45160
48,-42,96,-45476,-166,106,1,-45335
34,-25,73,-45540,-158,116,1,-45435
16,-21,45,-45458,-131,89,0,-45410
-7,-26,11,-45269,-4,-65,0,-45186
-9,-46,-19,-45147,-17,-56,0,45128
-10,-58,-16,-44976,-8,-69,0,45009
-18,-82,-9,-44779,8,-81,0,-44793
-17,-98,5,-44539,8,-91,0,44510
-33,-140,5,-44339,35,-76,1,44535
-48,-175,22,-44198,56,-63,1,44087
-74,-167,43,-44263,87,-23,1,44128
-60,-123,86,-44678,58,29,1,-44727
-25,-109,91,-45390,14,12,1,-45412
4,-92,92,-46140,-50,26,0,-46098
28,-68,94,-46666,-117,63,1,-46593
23,-40,93,-46912,-107,110,0,-46933
26,-28,78,-47005,-137,114,1,-46891
17,-19,44,-46929,-134,102,0,-47007
-15,-25,11,-46755,67,-27,0,46820
-19,-37,-10,-46676,45,-45,0,-46704
-11,-56,-10,-46565,0,-103,0,-46517
-13,-82,-18,-46448,-17,-90,0,46440
-13,-100,-14,-46166,0,-99,0,-46168
-53,-141,-24,-45825,62,-47,1,-46013
-84,-129,45,-45783,113,17,1,-45644
-46,-123,72,-46326,31,8,1,-46335
-14,-89,123,-46905,-20,79,0,46920
21,-81,111,-47552,-97,60,0,-47564
48,-63,100,-48027,-145,74,1,-47914
45,-50,72,-48234,-171,64,1,-48341
28,-35,59,-48227,-151,78,1,-48317
9,-23,40,-48127,-104,66,0,-48111
-5,-31,8,-47978,-19,-95,0,-47926
-12,-37,-11,-47839,12,-66,0,-47797
0,-59,-12,-47727,-49,-105,0,-47622
-18,-74,-15,-47556,15,-78,0,-47574
-22,-109,-29,-47304,17,-69,0,-47350
-68,-141,-30,-46890,116,-17,1,-47005
-81,-164,-2,-46715,94,-23,1,-46788
-67,-151,51,-46868,72,-24,1,47016
-50,-123,87,-47329,58,24,1,-47326
-35,-116,82,-47946,32,14,1,-47976
11,-86,109,-48547,-64,60,0,-48529
23,-73,98,-49124,-85,53,0,-49086
48,-52,89,-49543,-146,83,1,-49438
33,-43,63,-49773,-150,64,1,-49807
38,-29,43,-49809,-202,85,1,-49695
-4,-23,22,-49643,-12,12,0,49644
-21,-40,-5,-49447,56,-47,0,-49414
-17,-50,-17,-49282,20,-50,0,-49304
-36,-85,-28,-49104,57,-31,1,-49032
-45,-101,-29,-48928,65,-22,1,-48925
-58,-133,-17,-48707,73,-45,1,-48778
-87,-157,9,-48570,124,-9,1,48397
-88,-165,59,-48705,98,9,1,-48865
-52,-127,124,-49193,42,62,1,-49167
-15,-95,156,-49803,-29,90,0,49666
20,-71,139,-50327,-80,91,0,-50266
32,-51,98,-50738,-144,84,1,-50842
47,-31,64,-50926,-195,99,1,-50751
-2,-16,35,-50907,-43,87,0,50824
3,-20,15,-50862,-109,-18,0,50893
-11,-26,-2,-50731,34,-61,0,-50725
-25,-57,-19,-50574,36,-43,1,-50611
-22,-76,-28,-50382,20,-43,0,-50357
-58,-110,-20,-50030,109,-5,1,-49985
-65,-126,-2,-49741,90,-22,1,-49725
-59,-142,19,-49639,79,-35,1,49452
-64,-146,52,-49750,84,-10,1,49809
-73,-129,83,-50010,89,32,1,-50105
-48,-123,109,-50492,30,26,1,-50437
-16,-107,120,-51045,-20,44,0,51012
22,-75,121,-51623,-83,74,0,-51610
22,-47,105,-51987,-89,94,0,-52040
13,-26,73,-52170,-86,106,0,-52138
4,-21,39,-52266,-86,70,0,-52240
0,-27,13,-52304,-57,-68,0,52257
-10,-37,-10,-52252,-1,-75,0,52343
-12,-66,-28,-52144,-13,-49,0,52160
-22,-82,-28,-51990,23,-34,0,-52095
-44,-114,-20,-51737,50,-53,1,-51797
-56,-130,1,-51556,68,-49,1,51619
-64,-139,22,-51493,85,-39,1,51703
-81,-139,34,-51614,117,-1,1,51475
-79,-121,63,-51891,116,34,1,-51951
-86,-110,105,-52340,97,74,1,-52235
-25,-88,129,-52954,-19,79,1,52809
7,-81,110,-53513,-62,52,0,-53563
18,-55,89,-53865,-95,66,0,-53772
8,-28,70,-54043,-76,103,0,-54114
-5,-16,43,-54081,-34,105,0,54058
2,-30,9,-54129,-78,-99,0,54091
-8,-44,-4,-54046,-11,-117,0,54094
-27,-57,-12,-53928,40,-36,1,-53895
-18,-77,-19,-53770,0,-77,0,-53769
-57,-105,-25,-53574,85,-16,1,-53589
-61,-124,-9,-53411,83,-31,1,-53412
-61,-147,3,-53305,86,-49,1,53488
-66,-164,22,-53348,83,-47,1,53481
-75,-150,54,-53510,101,-6,1,53647
-68,-130,80,-53993,77,20,1,-53793
-29,-110,101,-54556,3,25,1,-54551
-2,-80,100,-55176,-50,53,0,55211
35,-53,90,-55584,-133,88,1,-55694
12,-34,80,-55747,-87,99,0,-55689
34,-21,56,-55813,-186,120,1,-56009
0,-21,26,-55649,-49,36,0,-55673
-13,-30,0,-55415,30,-61,0,55367
-28,-50,-15,-55192,50,-23,1,-55189
-37,-64,-23,-55016,67,-5,1,-54959
-60,-93,-35,-54824,81,0,1,54832
-61,-113,-22,-54730,95,-5,1,-54729
-87,-136,15,-54644,127,10,1,-54748
-80,-147,51,-54783,98,9,1,-54649
-96,-131,104,-55024,102,49,1,-54799
-87,-123,115,-55543,72,50,1,-55505
-41,-90,133,-56213,13,84,1,-56123
-15,-66,120,-56903,-24,82,0,56886
26,-38,105,-57502,-120,116,1,-57548
30,-23,78,-57811,-141,123,1,-57697
30,-21,46,-57956,-181,101,1,-58006
13,-24,28,-57927,-139,35,0,-58092
2,-38,4,-57799,-74,-134,0,57643
-15,-48,-16,-57544,8,-58,0,-57563
-40,-72,-32,-57270,59,-15,1,-57341
-42,-92,-27,-56947,49,-27,1,-56883
-46,-116,-12,-56662,46,-44,1,-56583
-51,-126,7,-56402,75,-39,1,56439
-87,-134,29,-56205,123,9,1,-56116
-95,-147,52,-56243,112,18,1,-56108
-85,-140,78,-56509,98,26,1,-56407
-82,-128,87,-57059,82,35,1,-57066
-27,-78,100,-57739,-3,66,1,57850
-2,-70,92,-58379,-38,55,0,58370
31,-47,91,-58888,-135,95,1,-59064
32,-45,78,-59210,-131,80,1,-59355
25,-29,69,-59322,-137,109,1,-59168
2,-25,48,-59293,-68,80,0,-59304
0,-32,19,-59246,-63,-48,0,59250
-7,-47,-3,-59107,-18,-125,0,59047
-18,-58,-24,-59009,5,-46,0,-59030
-3,-79,-14,-58865,-36,-106,0,58873
-45,-93,-22,-58608,75,-27,1,-58585
-52,-109,-27,-58357,69,-35,1,-58326
-71,-156,-9,-58162,74,-42,1,-58245
-87,-156,45,-58098,118,3,1,-57960
-86,-135,84,-58357,98,41,1,-58172
-49,-122,91,-58824,44,28,1,-58855
-41,-99,124,-59254,12,62,1,-59251
-15,-78,108,-59840,-6,49,0,59814
14,-63,90,-60427,-93,55,0,-60426
29,-40,70,-60774,-139,74,1,-60891
20,-27,43,-60962,-156,72,0,-61142
4,-22,23,-60963,-88,21,0,-61029
-9,-33,16,-60926,-9,-45,0,-60900
-8,-53,-1,-60831,-28,-122,0,60877
-29,-63,-11,-60687,44,-42,1,-60705
-48,-97,-30,-60546,57,-31,1,-60664
-55,-109,-14,-60391,72,-32,1,-60390
-51,-130,5,-60338,72,-41,1,60260
-50,-144,34,-60340,74,-33,1,60230
-63,-141,57,-60502,92,-2,1,60544
-54,-122,105,-60934,57,44,1,-60983
-24,-116,130,-61496,-5,54,0,61665
7,-80,139,-62003,-57,82,0,-62106
28,-69,106,-62558,-112,56,1,-62524
54,-37,88,-62838,-184,107,1,-62945
15,-21,53,-62856,-103,97,0,-62893
14,-24,24,-62786,-152,20,0,-62914
0,-33,6,-62620,-52,-126,0,62705
-19,-50,-14,-62434,30,-56,0,-62437
-25,-59,-17,-62118,44,-36,1,-62108
-54,-93,-36,-61843,79,2,1,61846
-54,-116,-17,-61585,85,-25,1,-61577
-87,-131,-7,-61412,113,-9,1,-61260
-94,-139,17,-61444,142,12,1,-61509
-93,-122,57,-61730,127,50,1,-61812
-73,-108,92,-62174,91,67,1,-62138
-39,-106,120,-62785,11,56,1,-62792
-5,-84,140,-63358,-36,84,0,63443
10,-71,109,-63922,-82,64,0,-63876
22,-41,102,-64248,-108,101,0,-64164
23,-26,62,-64410,-152,94,0,-64355
5,-17,22,-64367,-109,37,0,-64295
-13,-20,2,-64270,72,-29,0,64326
-6,-44,-13,-64181,-27,-81,0,64222
-25,-61,-17,-64102,36,-46,1,-64092
-39,-84,-11,-63956,54,-29,1,-63878
-57,-109,-6,-63825,75,-16,1,-63815
-50,-134,13,-63769,57,-37,1,63935
-59,-147,41,-63804,74,-20,1,63968
-53,-133,84,-64046,55,17,1,-64237
-53,-120,110,-64472,46,43,1,-64509
-13,-94,124,-65060,-25,59,0,65071
5,-98,115,-65632,-52,35,0,-65627
5,-74,107,-66115,-63,56,0,-66146
34,-56,93,-66537,-135,75,1,-66415
44,-24,86,-66779,-171,137,1,-66712
31,-10,72,-66816,-146,159,1,-66733
8,-11,41,-66768,-107,126,0,-66803
8,-28,21,-66635,-108,-14,0,66600
-19,-50,-8,-66536,34,-71,0,-66470
-5,-76,-8,-66432,-36,-120,0,66401
-21,-92,4,-66314,14,-88,0,66329
-15,-116,15,-66155,3,-93,0,66117
-33,-128,15,-66053,46,-74,1,66096
-36,-139,34,-66054,46,-53,1,66199
-54,-134,56,-66265,78,-13,1,66065
-37,-119,92,-66672,27,25,1,-66657
-20,-110,109,-67174,-8,27,0,67176
-7,-99,104,-67694,-30,34,0,67676
-4,-86,88,-68203,-36,28,0,68185
19,-58,89,-68678,-100,69,0,-68627
18,-40,79,-68987,-106,87,0,-68925
38,-26,66,-69144,-171,116,1,-69304
11,-33,43,-69104,-95,42,0,-69018
8,-44,30,-69001,-94,-27,0,69104
1,-56,7,-68842,-55,-134,0,68713
-13,-61,-7,-68688,3,-103,0,-68639
-31,-76,-14,-68479,52,-56,1,-68391
-50,-94,-11,-68259,81,-29,1,-68235
-43,-114,2,-68123,60,-56,1,68171
-42,-126,25,-68081,60,-47,1,68012
-41,-137,51,-68138,37,-42,1,68277
-60,-130,78,-68301,64,4,1,-68224
-54,-112,103,-68705,49,63,1,-68689
-15,-102,102,-69243,-10,38,0,69210
-11,-87,103,-69785,-28,42,0,69776
12,-79,99,-70311,-72,45,0,-70384
16,-56,97,-70729,-88,79,0,-70677
30,-35,78,-71006,-137,99,1,-71112
27,-23,55,-71125,-152,107,1,-70930
19,-26,41,-71118,-142,69,0,-70949
17,-36,23,-71035,-140,-10,0,71135
-11,-59,3,-70808,1,-114,0,70870
-26,-66,4,-70605,42,-61,1,70533
-25,-89,2,-70478,24,-84,1,70471
-29,-100,11,-70384,25,-83,1,70355
-36,-126,5,-70270,47,-80,1,70213
-51,-133,14,-70208,81,-39,1,70387
-57,-139,36,-70298,75,-26,1,70238
-77,-117,76,-70521,87,29,1,-70470
-46,-113,95,-71023,25,25,1,-71024
-11,-93,118,-71565,-33,66,0,71628
-9,-87,100,-72146,-21,39,0,72154
26,-69,94,-72724,-117,57,1,-72798
26,-54,84,-73090,-114,73,1,-73154
23,-38,71,-73261,-125,84,0,-73332
23,-28,60,-73333,-145,95,0,-73354
22,-29,41,-73298,-150,59,0,-73439
3,-43,20,-73158,-72,-70,0,73208
-5,-49,-5,-72980,-26,-131,0,73146
-24,-70,-11,-72785,32,-73,0,-72803
-25,-75,-12,-72617,31,-59,1,-72664
-33,-108,-16,-72437,31,-76,1,-72424
-31,-114,-1,-72271,36,-73,1,-72271
-46,-137,18,-72107,65,-51,1,72045
-60,-149,34,-72081,84,-30,1,72023
-78,-138,75,-72261,80,12,1,-72341
-54,-116,107,-72760,49,48,1,-72729
-14,-98,127,-73414,-24,79,0,73356
-1,-79,121,-74013,-43,70,0,74053
20,-62,105,-74577,-103,76,0,-74553
29,-38,90,-74949,-120,100,1,-74935
22,-29,68,-75161,-135,97,0,-75060
38,-24,42,-75281,-213,95,1,-75396
13,-26,18,-75234,-146,-9,0,75132
-8,-37,-6,-75117,-1,-97,0,75048
-10,-55,-29,-75004,-16,-37,0,74993
-11,-69,-28,-74932,-4,-46,0,74954
-12,-97,-20,-74798,6,-77,0,-74782
-36,-121,9,-74601,67,-55,1,74572
-53,-152,49,-74523,64,-21,1,74719
-47,-146,90,-74666,54,10,1,-74612
-56,-126,105,-75037,46,23,1,-75014
-47,-120,97,-75590,33,11,1,-75605
-25,-103,102,-76222,-2,30,1,76217
-7,-77,104,-76838,-30,47,0,76855
5,-52,106,-77401,-75,90,0,-77335
31,-28,94,-77741,-131,122,1,-77582
35,-27,63,-77946,-172,102,1,-78002
34,-22,44,-77976,-191,98,1,-77908
6,-36,27,-77913,-85,-23,0,77862
13,-49,7,-77852,-114,-98,0,77875
-8,-59,-6,-77723,-13,-120,0,77787
-22,-73,-15,-77569,20,-71,0,-77572
-18,-100,-22,-77434,3,-80,0,-77393
-14,-119,-4,-77262,18,-92,0,-77311
-33,-122,15,-77053,50,-67,1,77017
-37,-147,32,-76925,51,-58,1,77027
-62,-142,82,-76941,70,14,1,-76838
-32,-129,106,-77264,15,24,1,-77103
-28,-106,113,-77706,-5,35,1,77742
-5,-84,119,-78242,-45,67,0,78316
16,-57,117,-78723,-102,97,0,-78810
48,-33,90,-79055,-171,115,1,-78943
15,-16,63,-79120,-105,128,0,-79323
2,-18,35,-79144,-82,73,0,-79118
15,-32,8,-79142,-164,-55,0,79274
3,-55,-14,-79043,-68,-104,0,-79069
-14,-80,-21,-78886,-7,-77,0,78907
-19,-101,-21,-78728,5,-65,0,-78755
-31,-117,-6,-78591,41,-73,1,-78580
-35,-134,18,-78567,44,-65,1,78396
-42,-145,49,-78680,63,-34,1,78786
-46,-135,89,-79001,48,11,1,-78931
-21,-116,113,-79488,2,33,0,-79433
-10,-106,113,-80049,-28,27,0,80035
19,-82,106,-80618,-83,50,0,-80548
39,-56,96,-81035,-143,78,1,-80954
35,-29,79,-81208,-148,115,1,-81317
22,-21,47,-81220,-158,102,0,-81304
-4,-20,24,-81085,-26,35,0,81036
-12,-41,5,-80995,6,-94,0,80925
-6,-59,-11,-80888,-27,-106,0,80819
-20,-84,-12,-80787,15,-80,0,-80796
-16,-113,-13,-80691,-2,-100,0,80673
-20,-129,0,-80614,9,-104,0,80410
-16,-135,7,-80554,15,-110,0,80455
-44,-134,31,-80546,49,-62,1,80415
-49,-129,63,-80725,64,-12,1,80787
-38,-116,94,-81096,26,21,1,-81092
15,-119,111,-81704,-63,23,0,-81691
35,-84,122,-82203,-104,69,1,-82226
39,-64,107,-82536,-131,76,1,-82650
40,-42,84,-82718,-158,94,1,-82825
35,-30,55,-82760,-171,88,1,-82880
13,-26,28,-82690,-128,26,0,-82799
14,-34,4,-82562,-143,-77,0,82538
3,-50,-23,-82401,-66,-66,0,-82375
-7,-67,-25,-82211,-20,-71,0,82217
-19,-84,-17,-82032,7,-80,0,-82037
-26,-101,3,-81861,22,-87,1,81913
-31,-111,22,-81769,41,-54,1,81681
-37,-133,40,-81719,42,-38,1,81842
-45,-142,60,-81798,66,-6,1,81756
-62,-128,88,-82026,57,14,1,-81992
-46,-122,103,-82509,34,28,1,-82499
-21,-102,108,-83165,-10,39,0,83181
14,-80,114,-83874,-76,55,0,-83949
40,-58,103,-84507,-133,79,1,-84645
43,-34,74,-84831,-176,98,1,-84945
22,-22,54,-84886,-140,104,0,-84802
13,-21,31,-84817,-137,57,0,-84966
8,-32,5,-84637,-116,-99,0,84637
-5,-50,-12,-84395,-33,-104,0,84433
-1,-62,-13,-84105,-42,-107,0,84216
-35,-81,-21,-83726,52,-40,1,-83836
-48,-116,-21,-83368,57,-41,1,-83454
-62,-139,-6,-83096,86,-20,1,-83044
-58,-138,32,-83057,71,-23,1,83122
-48,-131,66,-83245,40,-14,1,83429
-38,-119,88,-83631,22,8,1,-83641
-27,-119,102,-84131,7,27,1,-84152
-24,-100,109,-84743,-9,42,0,84799
30,-89,109,-85418,-105,49,1,-85465
29,-62,95,-85905,-111,63,1,-85950
47,-42,69,-86245,-184,80,1,-86084
39,-29,52,-86386,-192,91,1,-86426
25,-23,44,-86386,-162,91,1,-86444
5,-23,28,-86304,-96,41,0,-86373
0,-41,2,-86152,-49,-151,0,86025
-5,-58,-7,-86034,-31,-116,0,86085
-3,-82,0,-85909,-26,-136,0,-85852
-20,-113,0,-85809,11,-98,0,85819
-21,-143,12,-85741,13,-95,0,85547
-27,-148,31,-85848,29,-69,1,85915
-13,-126,63,-86140,1,-26,0,86063
-9,-118,84,-86614,-10,3,0,86644
18,-102,104,-87112,-68,35,0,-87099
39,-96,111,-87637,-109,39,1,-87564
39,-67,108,-87971,-124,73,1,-87963
32,-39,89,-88096,-130,100,1,-88231
20,-19,70,-88086,-125,130,0,-88234
9,-21,37,-87967,-106,66,0,-87952
-1,-39,8,-87769,-51,-121,0,-87743
-7,-64,-9,-87598,-20,-119,0,87675
-10,-83,-12,-87431,-10,-106,0,87476
-21,-102,-5,-87254,14,-102,0,-87242
-30,-116,-18,-87035,39,-80,1,-87023
-42,-136,-7,-86883,43,-82,1,-86964
-42,-138,9,-86907,67,-69,1,86999
-62,-135,46,-87051,79,-15,1,87261
-50,-128,80,-87418,48,11,1,-87392
6,-97,137,-87952,-71,79,0,-87916
36,-81,139,-88461,-92,76,1,-88424
37,-61,118,-88858,-124,85,1,-88924
28,-40,83,-89087,-131,83,1,-88901
28,-36,42,-89188,-171,45,1,-89331
8,-34,14,-89144,-117,-66,0,89127
-7,-48,-5,-89051,-19,-116,0,88980
-12,-55,-6,-88949,-13,-99,0,88864
0,-83,-26,-88864,-53,-86,0,-88888
3,-87,-19,-88751,-54,-98,0,-88768
-5,-106,-19,-88558,-18,-104,0,88550
-23,-125,-2,-88338,18,-100,0,-88330
-46,-136,14,-88197,77,-49,1,88158
-66,-127,56,-88247,84,-4,1,88293
-50,-122,71,-88572,58,13,1,-88513
-35,-102,126,-89038,17,79,1,-89002
-5,-93,125,-89650,-50,65,0,89702
22,-80,126,-90219,-92,78,0,-90203
26,-57,107,-90632,-122,86,1,-90723
37,-33,77,-90933,-156,105,1,-91022
7,-19,60,-90936,-99,118,0,-90889
7,-24,29,-90899,-106,31,0,-90988
2,-33,9,-90808,-82,-100,0,90796
-27,-84,-27,-90386,25,-42,1,-90482
-38,-115,-4,-90277,52,-57,1,-90368
-33,-121,20,-90203,47,-60,1,90113
-41,-134,53,-90177,64,-25,1,90243
-53,-137,80,-90333,69,4,1,-90227
-56,-123,114,-90674,65,42,1,-90727
-46,-114,122,-91221,31,44,1,-91203
-3,-99,119,-91826,-38,37,0,91812
12,-83,117,-92453,-68,58,0,-92533
16,-50,110,-92910,-87,98,0,-92821
43,-33,90,-93269,-174,118,1,-93406
44,-24,66,-93388,-184,124,1,-93307
8,-20,44,-93366,-95,89,0,-93320
13,-33,15,-93317,-145,-40,0,93203
5,-42,0,-93207,-90,-128,0,93214
-4,-55,-10,-93057,-38,-106,0,93170
-21,-83,-7,-92839,23,-83,0,-92834
-34,-114,-8,-92731,32,-71,1,-92681
-40,-139,6,-92662,47,-83,1,92448
-50,-147,30,-92805,50,-58,1,92721
-34,-134,75,-93182,29,-18,1,92957
-25,-123,99,-93780,3,10,1,-93785
18,-104,131,-94433,-64,69,0,-94319
15,-84,133,-95018,-65,70,0,-95221
38,-57,106,-95475,-127,80,1,-95404
38,-29,93,-95705,-144,117,1,-95559
28,-18,64,-95745,-146,125,1,-95907
-2,-48,-13,-95268,-40,-95,0,95354
-23,-68,-21,-95035,25,-59,0,-95067
-18,-82,-12,-94810,0,-91,0,-94795
-40,-109,-13,-94541,54,-50,1,-94480
-48,-136,5,-94359,54,-50,1,94271
-41,-164,34,-94265,48,-57,1,94362
-60,-150,76,-94386,52,-11,1,94318
-37,-126,111,-94767,21,20,1,-94747
-28,-101,126,-95321,0,57,1,-95332
6,-83,119,-95825,-54,59,0,-95872
24,-65,106,-96257,-103,67,0,-96278
32,-52,85,-96482,-127,71,1,-96414
28,-30,72,-96599,-141,101,1,-96758
14,-27,45,-96588,-120,66,0,-96582
-4,-27,17,-96507,-38,-28,0,-96463
0,-40,-7,-96463,-62,-114,0,-96418
-9,-55,-10,-96419,-15,-96,0,96454
-9,-74,-15,-96375,-22,-94,0,96371
-14,-94,-11,-96287,-6,-100,0,96288
-28,-118,8,-96156,30,-70,1,96165
-52,-125,36,-96099,80,-24,1,96077
-39,-144,60,-96219,31,-41,1,96123
-54,-142,100,-96458,48,4,1,-96291
-44,-129,110,-96867,38,24,1,-96923
-38,-107,122,-97352,25,51,1,-97372
-23,-88,107,-97937,-11,41,0,97947
20,-60,100,-98531,-94,75,0,-98494
8,-19,59,-99223,-90,118,0,-99227
0,-28,28,-99221,-68,11,0,-99290
-2,-34,10,-99163,-42,-94,0,-99079
-9,-54,-8,-99066,-19,-104,0,98996
-7,-73,-3,-98958,-24,-125,0,98984
-24,-93,-2,-98777,12,-88,0,-98764
-27,-115,-2,-98627,23,-89,1,-98664
-32,-147,0,-98514,17,-99,1,98348
-44,-154,33,-98536,52,-54,1,98422
-44,-151,58,-98752,49,-30,1,98583
-31,-123,94,-99181,22,18,1,-99154
-10,-105,122,-99704,-24,41,0,99664
9,-80,128,-100243,-66,74,0,-100190
47,-62,108,-100655,-139,83,1,-100747
32,-32,92,-100823,-131,119,1,-100676
21,-28,68,-100823,-126,103,0,-100741
2,-23,47,-100739,-74,89,0,-100780
0,-32,13,-100644,-65,-78,0,100670
0,-44,-3,-100547,-59,-142,0,-100447
-15,-53,-11,-100427,11,-64,0,-100429
-16,-81,-6,-100347,-3,-90,0,100345
-17,-95,7,-100259,7,-89,0,100278
-33,-137,23,-100183,30,-68,1,100279
-41,-138,44,-100214,50,-41,1,100321
-35,-149,66,-100461,35,-31,1,100518
-42,-136,88,-100905,44,3,1,-101107
-20,-115,98,-101561,3,21,0,-101552
-2,-98,117,-102276,-39,53,0,102279
18,-60,125,-102859,-81,97,0,-102830
34,-44,98,-103401,-130,98,1,-103268
56,-17,76,-103691,-206,151,1,-103736
29,-12,53,-103707,-167,141,1,-103698
16,-16,33,-103540,-153,99,0,-103605
2,-31,5,-103327,-72,-121,0,103354
-12,-53,-8,-103051,-3,-90,0,103147
-24,-76,-2,-102765,26,-81,0,-102778
-40,-99,-2,-102454,48,-59,1,-102521
-48,-123,17,-102212,54,-52,1,102145
-64,-130,46,-102082,87,-1,1,101893
-64,-140,74,-102192,73,14,1,-102294
-74,-110,113,-102533,81,71,1,-102597
-27,-101,129,-103151,-7,67,1,102999
-3,-75,148,-103803,-43,100,0,103914
12,-59,133,-104385,-77,98,0,-104288
45,-45,109,-104869,-146,102,1,-104765
40,-30,88,-105127,-154,114,1,-104996
32,-19,60,-105205,-171,119,1,-104997
27,-20,37,-105154,-197,90,1,-105074
8,-28,12,-104960,-113,-61,0,104878
-15,-42,-2,-104690,30,-80,0,-104581
-27,-62,-10,-104450,46,-57,1,-104507
-22,-85,-7,-104295,11,-86,0,-104318
-33,-107,10,-104122,44,-59,1,104172
-49,-125,32,-104037,50,-43,1,103955
-40,-142,51,-104103,49,-32,1,103954
-69,-129,75,-104334,80,7,1,-104279
-58,-114,103,-104836,67,49,1,-104926
-35,-99,117,-105528,13,51,1,-105536
-5,-82,124,-106260,-29,74,0,106350
4,-78,119,-106944,-60,68,0,-107005
33,-47,119,-107420,-114,109,1,-107517
30,-34,97,-107737,-142,117,1,-107646
39,-9,74,-107795,-170,162,1,-107904
0,-21,32,-107728,-55,52,0,-107772
6,-27,10,-107621,-109,-73,0,107604
-5,-38,-11,-107472,-23,-90,0,107433
-10,-57,-12,-107272,-2,-87,0,107368
-24,-69,-18,-106978,45,-50,0,-106942
-48,-96,0,-106599,87,-27,1,106584
-84,-103,-1,-106214,137,12,1,106070
-81,-125,34,-106033,114,24,1,-106072
-83,-126,63,-106058,120,36,1,-105991
-99,-121,104,-106290,118,76,1,-106363
-89,-109,123,-106783,90,85,1,-106846
-45,-88,132,-107504,20,90,1,-107358
-26,-80,137,-108277,-12,81,1,108146
8,-66,125,-108937,-78,83,0,-108961
26,-41,101,-109383,-123,100,1,-109325
15,-23,71,-109630,-113,115,0,-109667
21,-17,44,-109747,-171,109,0,-109663
4,-28,13,-109709,-93,-58,0,109817
-18,-39,-4,-109593,45,-62,0,-109631
-32,-95,-3,-109304,39,-53,1,-109221
-49,-118,17,-109203,78,-27,1,109201
-63,-124,44,-109237,91,1,1,-109189
-63,-121,84,-109474,71,20,1,-109540
-77,-111,96,-109948,116,70,1,-109833
-56,-93,115,-110572,62,79,1,-110466
-43,-88,126,-111352,24,82,1,-111294
0,-69,141,-112106,-50,93,0,-111951
25,-62,126,-112850,-102,87,1,-112827
41,-39,98,-113320,-140,102,1,-113189
19,-20,68,-113534,-125,117,0,-113459
22,-12,44,-113553,-162,128,0,-113539
2,-23,18,-113435,-75,-22,0,113473
-7,-46,-8,-113251,-21,-113,0,113192
-24,-67,-7,-113069,31,-71,0,-113061
-25,-83,-13,-112875,21,-67,1,-112889
-34,-103,1,-112718,42,-62,1,112671
-43,-121,17,-112583,58,-49,1,112524
-41,-130,43,-112540,64,-26,1,112451
-52,-133,51,-112590,75,-23,1,112407
-64,-115,75,-112871,72,13,1,-112807
-41,-106,93,-113385,37,32,1,-113395
-5,-92,116,-114001,-29,58,0,114015
30,-75,132,-114570,-95,84,1,-114513
40,-60,111,-114931,-119,80,1,-114860
34,-40,85,-115104,-122,89,1,-115181
-11,-49,11,-114937,-4,-92,0,-114836
-17,-61,-4,-114801,7,-93,0,-114695
-17,-75,-20,-114660,0,-66,0,-114666
-25,-93,-14,-114505,21,-68,1,-114517
-44,-111,-8,-114294,70,-26,1,-114284
-58,-121,15,-114210,88,-21,1,114208
-65,-133,34,-114259,91,-10,1,114405
-72,-125,58,-114598,88,2,1,-114686
-73,-116,76,-115157,100,37,1,-115170
-64,-100,81,-115904,93,49,1,-115934
-43,-90,104,-116705,39,64,1,-116640
-12,-70,112,-117494,-16,79,0,117385
11,-45,117,-118117,-64,111,0,-118117
17,-39,96,-118584,-91,100,0,-118621
32,-26,74,-118888,-142,110,1,-119029
14,-33,45,-118991,-107,38,0,-118916
15,-43,21,-118978,-124,-48,0,118951
3,-54,-3,-118863,-60,-149,0,-119000
-16,-67,-17,-118714,13,-71,0,-118702
-28,-84,-21,-118591,35,-55,1,-118645
-29,-95,-15,-118490,36,-64,1,-118414
-38,-105,10,-118383,62,-52,1,118311
-41,-114,32,-118308,64,-36,1,118330
-59,-128,47,-118271,96,-10,1,118270
-84,-121,74,-118404,98,26,1,-118426
-56,-110,90,-118828,70,39,1,-118858
-37,-97,102,-119421,29,52,1,-119413
-2,-89,108,-120058,-31,52,0,120036
15,-77,120,-120648,-72,75,0,-120691
26,-58,113,-121098,-95,87,1,-121170
34,-46,89,-121400,-137,87,1,-121534
29,-33,62,-121549,-141,83,1,-121364
18,-31,38,-121595,-148,45,0,-121453
13,-36,15,-121557,-133,-42,0,121434
-2,-48,-1,-121417,-41,-142,0,121537
-7,-63,0,-121264,-22,-120,0,-121336
-19,-77,3,-121112,16,-85,0,121100
-21,-104,2,-120943,14,-93,0,120911
-37,-123,13,-120799,53,-61,1,120711
-51,-139,40,-120762,52,-45,1,120626
-54,-134,61,-120911,68,-3,1,120966
-66,-110,95,-121284,75,51,1,-121292
-26,-108,96,-121868,2,17,1,-121866
-12,-88,125,-122467,-23,71,0,122384
12,-75,120,-123024,-68,69,0,-123062
17,-58,105,-123446,-87,78,0,-123503
29,-36,78,-123742,-138,91,1,-123901
21,-33,39,-123862,-145,37,0,-123761
4,-32,16,-123840,-84,-57,0,123869
-4,-43,7,-123769,-33,-118,0,-123650
-22,-63,-8,-123633,32,-74,0,-123576
-21,-76,0,-123575,10,-83,0,123571
-15,-88,4,-123498,1,-100,0,123476
-26,-109,15,-123407,25,-74,1,123431
-23,-129,33,-123329,24,-66,0,123180
-49,-140,50,-123328,54,-42,1,123178
-45,-138,76,-123608,48,-6,1,123400
-42,-117,103,-124089,44,30,1,-124084
-9,-97,107,-124719,-18,38,0,124696
-1,-84,109,-125285,-35,58,0,125248
19,-69,103,-125806,-89,62,0,-125754
43,-61,91,-126228,-138,68,1,-126354
18,-40,88,-126519,-96,96,0,-126567
38,-37,66,-126654,-179,86,1,-126491
29,-29,45,-126628,-170,74,1,-126576
13,-39,22,-126496,-131,-33,0,126594
-4,-39,0,-126307,-29,-132,0,-126427
-22,-55,-16,-126112,36,-50,0,-126117
-22,-70,-19,-125937,29,-51,0,-125856
-20,-94,0,-125851,17,-90,0,125854
-8,-110,21,-125789,-1,-87,0,-125816
-30,-132,37,-125757,46,-56,1,125853
-38,-146,52,-125845,47,-34,1,125721
-53,-129,69,-126095,103,16,1,-125964
-60,-112,96,-126617,68,47,1,-126661
-30,-94,102,-127293,25,46,1,-127279
-14,-87,119,-128028,-26,64,0,128108
31,-67,115,-128693,-103,74,1,-128694
35,-43,103,-129168,-131,101,1,-129030
28,-22,79,-129355,-131,120,1,-129526
16,-22,38,-129385,-149,67,0,-129439
18,-29,18,-129296,-170,-7,0,129470
-2,-51,-11,-129070,-44,-110,0,129104
-16,-61,-14,-128799,8,-67,0,-128873
-21,-87,-18,-128553,8,-63,0,-128592
-36,-96,-6,-128292,56,-41,1,-128330
-46,-125,14,-128078,61,-36,1,128015
-66,-127,45,-127934,124,22,1,-127943
-86,-122,81,-128022,109,48,1,-128055
-75,-109,97,-128413,92,58,1,-128447
-53,-98,124,-129044,38,76,1,-129108
-13,-88,132,-129826,-27,71,0,129953
22,-63,137,-130545,-95,98,0,-130416
43,-52,109,-131071,-133,89,1,-130902
41,-36,81,-131360,-167,97,1,-131457
33,-29,52,-131473,-180,82,1,-131452
18,-25,35,-131370,-149,62,0,-131497
-14,-30,22,-131136,25,0,0,-131107
-18,-50,6,-130882,23,-69,0,130870
-23,-68,-1,-130679,21,-72,0,-130676
-31,-96,8,-130526,32,-66,1,130550
-29,-113,11,-130419,30,-60,1,130355
-43,-137,27,-130395,58,-52,1,130537
-63,-140,41,-130543,83,-20,1,130353
-54,-121,69,-130956,72,7,1,-131024
-51,-97,92,-131523,68,50,1,-131514
-23,-86,109,-132249,7,62,0,-132238
18,-72,130,-132955,-83,88,0,-132998
49,-64,103,-133506,-135,76,1,-133410
43,-50,88,-133818,-154,84,1,-133686
35,-41,62,-133927,-160,69,1,-134091
11,-33,44,-133865,-104,47,0,-133798
0,-40,18,-133752,-56,-67,0,133685
2,-49,2,-133618,-66,-144,0,133389
-23,-67,-6,-133426,34,-73,0,-133385
-32,-69,9,-133283,53,-31,1,133336
-21,-86,8,-133157,14,-79,0,133167
-29,-103,23,-133054,32,-55,1,133061
-38,-130,36,-132958,47,-44,1,133082
-60,-140,56,-132996,79,-13,1,132939
-55,-136,80,-133253,65,6,1,-133154
-60,-110,103,-133749,68,45,1,-133680
-20,-96,107,-134426,5,44,0,-134422
1,-78,122,-135079,-50,67,0,-135137
39,-65,116,-135656,-118,80,1,-135635
40,-50,97,-136010,-129,86,1,-136165
28,-40,74,-136149,-133,76,1,-136047
24,-39,45,-136189,-148,40,0,-136023
10,-40,27,-136136,-105,-22,0,136078
9,-48,17,-136027,-100,-71,0,136010
-8,-56,3,-135840,-22,-120,0,-135885
-16,-68,0,-135703,2,-103,0,135740
-17,-82,-4,-135594,0,-102,0,-135565
-19,-109,9,-135510,0,-102,0,135493
-37,-121,18,-135445,48,-59,1,135507
-50,-132,35,-135499,81,-23,1,135583
-52,-134,53,-135774,71,-23,1,135820
-44,-125,72,-136269,43,-15,1,136309
-41,-110,96,-136857,48,30,1,-136849
-15,-92,101,-137566,-1,38,0,137545
12,-71,109,-138196,-57,69,0,-138124
19,-54,96,-138692,-86,75,0,-138650
32,-40,85,-139022,-129,95,1,-139140
27,-35,72,-139166,-129,89,1,-139063
24,-39,43,-139175,-150,34,0,-139015
3,-42,28,-139041,-64,-35,0,139017
-18,-58,1,-138861,13,-90,0,138771
-11,-77,-9,-138744,-19,-113,0,138713
-19,-80,1,-138659,6,-96,0,138661
-20,-99,4,-138539,11,-87,0,138496
-32,-110,10,-138440,38,-64,1,138405
-32,-131,33,-138420,37,-52,1,138266
-46,-138,53,-138522,57,-28,1,138665
-58,-132,81,-138758,55,2,1,-138969
-45,-99,104,-139235,37,52,1,-139223
4,-80,117,-139840,-56,63,0,-139788
25,-65,111,-140380,-93,80,0,-140388
41,-56,103,-140735,-133,85,1,-140566
31,-40,92,-140889,-127,98,1,-140836
27,-37,62,-140935,-148,74,1,-140894
16,-31,44,-140868,-124,58,0,-140835
-1,-41,17,-140750,-47,-73,0,-140689
-13,-55,3,-140619,2,-98,0,140562
-14,-85,-11,-140562,-12,-87,0,140573
-15,-101,2,-140498,-5,-98,0,-140511
-25,-112,13,-140439,27,-75,1,140478
-38,-119,37,-140454,48,-37,1,140484
-38,-117,51,-140606,43,-33,1,140631
-47,-108,72,-140911,67,16,1,-140852
-42,-102,91,-141346,55,38,1,-141349
-21,-96,128,-141922,-3,58,0,141968
5,-102,130,-142552,-45,50,0,-142378
24,-78,127,-143131,-89,69,0,-143152
31,-62,107,-143574,-113,71,1,-143529
28,-41,88,-143838,-131,90,1,-143723
25,-34,53,-143967,-159,66,1,-144013
9,-29,34,-143972,-106,30,0,-143906
1,-36,13,-143921,-81,-85,0,143897
-4,-46,-2,-143806,-34,-136,0,143670
-19,-66,-16,-143661,13,-76,0,-143669
-24,-98,-15,-143509,15,-87,0,-143544
-34,-103,2,-143366,38,-76,1,143406
-28,-115,6,-143303,39,-79,1,143299
-32,-112,32,-143342,50,-42,1,143269
-37,-127,49,-143489,52,-29,1,143552
-48,-122,87,-143770,60,24,1,-143808
-39,-108,109,-144214,31,44,1,-144198
-9,-99,114,-144809,-30,37,0,144778
15,-83,112,-145365,-66,53,0,-145296
29,-65,114,-145857,-113,75,1,-145880
48,-47,93,-146134,-152,89,1,-146012
16,-33,75,-146221,-106,92,0,-146273
18,-29,50,-146220,-129,70,0,-146388
4,-36,25,-146157,-78,-31,0,146051
2,-50,0,-146026,-68,-153,0,146051
-13,-96,-8,-145624,-1,-97,0,145633
-35,-123,1,-145448,48,-67,1,145423
-41,-123,27,-145420,57,-38,1,145501
-37,-131,47,-145604,52,-29,1,145505
-45,-121,77,-145983,63,15,1,-145941
-50,-105,102,-146528,47,40,1,-146533
-5,-91,125,-147299,-33,70,0,147237
25,-71,130,-147943,-74,92,1,-147758
29,-65,119,-148473,-104,78,1,-148473
32,-46,94,-148830,-127,87,1,-148773
39,-38,63,-149014,-178,74,1,-149201
21,-25,47,-148993,-147,80,0,-149219
13,-34,31,-148896,-130,5,0,-148779
5,-42,3,-148711,-84,-136,0,148511
-12,-62,-19,-148476,-4,-76,0,148373
-6,-69,-14,-148265,-28,-94,0,148256
-26,-85,-20,-147962,38,-57,1,-147899
-41,-111,-17,-147646,59,-43,1,-147706
-60,-132,-6,-147372,91,-32,1,-147282
-83,-142,28,-147263,116,-1,1,147338
-78,-132,65,-147425,102,24,1,-147219
-63,-119,90,-147862,85,52,1,-147942
-52,-102,103,-148464,50,58,1,-148438
-1,-91,122,-149208,-50,63,0,149243
25,-74,123,-149832,-92,79,1,-149884
35,-49,107,-150269,-133,94,1,-150110
29,-27,86,-150476,-132,119,1,-150382
17,-23,62,-150540,-127,103,0,-150570
16,-22,35,-150493,-159,65,0,-150312
0,-36,7,-150347,-60,-127,0,150313
-8,-54,-15,-150168,-27,-86,0,150246
-22,-72,-22,-149957,18,-53,0,-149928
-20,-98,-28,-149789,0,-57,0,-149840
-15,-118,-17,-149654,2,-82,0,-149680
-46,-136,14,-149518,70,-46,1,149697
-70,-130,50,-149578,101,4,1,-149726
-47,-120,82,-149902,55,15,1,-149950
-31,-109,93,-150373,33,21,1,-150397
-18,-99,92,-150910,13,24,0,-150854
-12,-97,90,-151465,-13,12,0,151451
2,-91,84,-152072,-39,15,0,-152097
16,-79,85,-152628,-71,29,0,-152674
38,-67,77,-153072,-129,49,1,-152949
13,-41,82,-153314,-76,90,0,-153222
14,-35,61,-153450,-103,76,0,-153425
11,-37,42,-153519,-97,31,0,-153559
17,-48,21,-153529,-128,-45,0,153538
8,-55,9,-153444,-78,-109,0,153463
-11,-67,-4,-153281,-6,-122,0,153333
-26,-84,-10,-153123,37,-76,1,-153101
-29,-96,-5,-152974,36,-75,1,-153000
-41,-129,0,-152865,60,-72,1,153072
-41,-145,29,-152853,50,-58,1,153017
-63,-142,50,-152995,89,-17,1,152937
-51,-111,81,-153346,65,26,1,-153429
-34,-102,84,-153869,52,29,1,-153911
-18,-89,100,-154374,0,49,0,-154396
-13,-83,103,-154880,-11,49,0,154879
22,-69,108,-155361,-93,72,0,-155337
28,-51,96,-155686,-109,84,1,-155729
