1,97,28,115,-142,59,42,2,1
1,97,28,406,99,1,42,9,21
1,98,30,129,509,23,43,29,4
1,97,27,211,412,0,43,26,14
0,97,29,92,139,-152,35,12,4
3,97,26,385,200,-147,27,9,25
2,98,27,343,588,-316,10,31,21
3,97,26,-108,160,-281,-4,7,0
2,96,24,919,324,250,8,17,57
3,97,23,1874,-281,813,52,-13,108
3,100,22,2289,-474,809,94,-24,132
3,102,21,2161,-204,423,117,-11,130
1,111,27,1146,1150,-676,81,63,71
-13,123,57,2697,-838,-1940,-20,-12,101
-22,-88,117,2859,8796,-7661,-426,480,71
-49,-20,-115,-6811,8415,-16411,-1313,484,-415
-50,14,103,-18666,1874,-22089,-2483,142,-974
-36,-6,72,-25213,-6803,-20494,-3570,-307,-1286
-29,-33,49,-25213,-6549,-14871,-4358,-296,-1273
-8,-91,31,-25213,-10800,-9023,-4845,-541,-1284
25,110,-2,-25213,-5371,322,-4828,-317,-1267
13,88,-51,-25213,-952,13622,-4106,-72,-1340
-69,45,-85,-18277,14573,11286,-3508,891,-1132
-91,6,-93,-8104,4393,3492,-3319,411,-701
-62,-13,-127,-4909,-740,-6067,-3641,72,-564
-19,-6,-106,10940,-1626,-11939,-4274,-34,251
1,24,-57,20862,3003,-11907,-4905,154,861
16,45,-31,24168,4361,-10035,-5447,167,1168
30,54,-22,24812,6435,-1659,-5535,224,1189
20,104,-15,24812,16676,11805,-4909,812,1275
81,3,18,24812,18941,24860,-3591,1107,1193
-60,72,65,24812,1182,11153,-2989,242,1175
-33,16,62,24812,-8437,-6885,-3354,-237,1140
60,-53,41,24812,-11700,-19271,-4375,-414,1151
116,-102,12,24357,-16378,-25165,-5709,-657,1137
127,117,16,22550,-16272,-24453,-7005,-630,1022
111,90,24,17230,-17346,-23085,-8252,-663,726
123,74,22,8047,-18305,-24127,-9530,-685,232
-72,61,10,3711,-16259,-21967,-10695,-622,56
0,56,2,656,-17423,-15283,-11505,-878,91
79,41,-4,-2497,-11203,-7986,-11936,-822,-312
101,19,1,-1752,-2357,1142,-11876,-428,-338
78,19,8,-1009,5927,10542,-11317,10,-288
48,23,-7,-3332,14999,16982,-10417,516,-361
-3,59,-37,-5710,25620,24860,-9074,1347,-357
-107,86,-51,-6575,25508,24860,-7781,1468,-477
63,-116,-25,-8859,25067,24860,-6464,1497,-600
-25,-76,20,-12926,22099,17909,-5515,1360,-820
-40,-70,51,-18907,11492,4001,-5299,830,-1145
-15,-54,53,-24760,-540,-6928,-5666,189,-1407
23,-30,25,-25213,-9974,-14068,-6411,-317,-1399
64,-37,-9,-25213,-14563,-16849,-7304,-568,-1381
114,-91,-13,-25213,-17440,-14644,-8095,-734,-1402
-58,118,-11,-25213,-24261,-5411,-8382,-1121,-1322
-7,108,-46,-25213,-11186,5950,-8067,-547,-1309
-33,84,-115,-25213,5062,10809,-7494,317,-1435
-84,8,76,-10733,-10741,3085,-7327,-449,-839
-13,-4,116,1310,-7970,-4083,-7544,-376,-233
-20,1,-93,12836,-2637,-7791,-7956,-76,364
0,33,-47,21217,-2155,-7390,-8348,-101,929
5,50,-22,24812,3399,-6087,-8677,158,1256
1,69,-4,24812,6796,538,-8648,349,1314
-42,117,5,24812,19068,10382,-8098,1056,1250
39,-17,43,24812,20279,13120,-7403,1206,1158
-51,-24,48,24812,14094,1557,-7319,947,1140
-49,-78,40,24812,5899,-7114,-7696,543,1090
21,126,-4,21298,-6535,-14646,-8472,-78,904
70,111,-23,24812,-12838,-17123,-9379,-412,1093
73,102,-19,24812,-18639,-18382,-10372,-717,1109
86,96,0,23671,-24406,-17212,-11284,-992,1030
-120,93,12,10919,-24406,-19171,-12300,-1026,413
-33,70,-2,862,-19804,-22059,-13470,-897,8
29,41,-8,-1616,-18291,-13388,-14193,-1079,-161
56,24,-7,-117,-8821,-3982,-14404,-704,-206
56,23,5,-1088,-1329,-1329,-14474,-326,-256
66,17,10,-2161,8169,2826,-14324,129,-346
53,9,9,-4385,17717,8613,-13859,621,-479
29,22,-6,-8287,24380,18008,-12905,1043,-565
-48,61,-28,-13195,23692,24860,-11587,1355,-773
83,107,-54,-15734,25620,24860,-10270,1531,-970
-1,126,-70,-15261,25620,20559,-9159,1578,-982
-81,-123,-27,-11878,2847,12350,-8505,424,-810
-5,-93,68,-17729,-2020,914,-8456,128,-1070
6,-60,46,-25213,-10598,-5582,-8752,-327,-1425
12,-28,18,-25213,-16471,-6416,-9099,-659,-1427
24,-28,-23,-25213,-18269,-9381,-9596,-741,-1397
115,-80,-40,-25213,-22609,-6891,-9961,-991,-1374
-62,-111,-42,-25213,-22578,2998,-9802,-1052,-1325
-26,-123,-57,-25213,-3985,8511,-9343,-157,-1340
-67,49,-110,-25213,-827,5085,-9078,81,-1468
-30,-4,-122,-14225,-1655,3905,-8871,-21,-1024
-56,-51,82,-5291,3123,-762,-8912,235,-624
-44,-33,119,10343,-4955,-3811,-9117,-179,191
-22,10,-91,17787,-4666,-8979,-9593,-174,638
3,56,-59,24155,1550,-12421,-10252,77,1110
14,85,-35,24812,10199,-11099,-10840,489,1231
-34,108,-13,24812,25620,-1083,-10899,1406,1277
43,-99,14,24812,25620,6280,-10566,1524,1115
-120,124,-14,24812,25620,-354,-10584,1597,1042
-121,73,-20,24812,20292,-1502,-10664,1354,1013
-3,42,-37,24808,5141,-7947,-11093,584,1030
66,48,-29,24812,-5465,-7546,-11493,22,1026
75,33,0,24812,-10206,-9359,-11989,-193,1011
45,19,8,23763,-13451,-12501,-12652,-340,937
63,31,-4,16845,-18162,-17036,-13572,-612,618
-94,55,0,9850,-22759,-18869,-14572,-913,330
18,44,9,4463,-14894,-15907,-15415,-840,192
64,30,12,2259,-8900,-6370,-15753,-695,-76
59,28,15,904,-3178,230,-15740,-403,-146
62,23,15,-709,3096,4304,-15512,-98,-248
51,19,25,-507,8617,9839,-14991,213,-243
44,22,26,-4758,15179,16388,-14122,572,-440
17,72,7,-13004,23162,24860,-12780,1154,-665
-100,122,-49,-22186,25620,24860,-11462,1460,-1231
-20,-90,-65,-25213,25505,23175,-10234,1533,-1454
-61,-112,-21,-25213,16078,9379,-9737,1086,-1477
-61,-107,-20,-25213,5857,-1417,-9813,569,-1499
-68,-96,-34,-25213,-9455,-10762,-10383,-220,-1471
-32,-68,-51,-25213,-20033,-19452,-11414,-788,-1444
33,-79,-61,-25213,-18948,-25124,-12746,-756,-1426
123,116,-69,-25213,-21195,-21282,-13895,-913,-1448
-40,85,-57,-25213,-24378,-8307,-14336,-1147,-1373
-11,76,-82,-25213,-9448,5338,-14053,-450,-1406
-54,34,-100,-12068,-98,7869,-13636,111,-840
-47,16,-103,-6539,-11210,-954,-13687,-476,-598
-42,-24,-128,634,-4097,-9068,-14168,-129,-301
-15,-11,-78,12969,-1816,-10394,-14719,-40,334
16,-1,-49,18720,2508,-8423,-15165,63,655
15,20,-41,24812,7695,-5263,-15439,316,1047
-3,41,-27,24812,11550,-3018,-15602,621,1219
-61,41,-16,24812,23641,3237,-15430,1426,1101
63,94,8,24812,25620,8645,-14972,1566,1074
0,101,0,24812,22998,3710,-14775,1451,1055
-52,102,-31,24812,12816,959,-14724,955,1066
-21,119,1,24812,1460,-5599,-15020,347,1063
5,111,-4,24812,-6629,-12577,-15687,-65,1065
44,105,-11,24812,-8038,-16258,-16549,-147,1075
42,85,0,24342,-12044,-16453,-17437,-344,1056
100,82,-7,20250,-11033,-20378,-18517,-305,849
-56,75,11,12134,-22209,-18390,-19492,-975,534
43,39,26,5224,-18371,-11604,-20107,-1096,125
52,26,22,2784,-11671,-1923,-20211,-822,-47
34,26,21,518,-2093,821,-20167,-279,-132
32,24,29,-1671,3981,3398,-19987,50,-259
34,21,35,-3819,9519,7876,-19570,332,-392
25,17,26,-7236,14999,13737,-18828,630,-564
-3,34,16,-10504,18321,21163,-17706,959,-572
-86,80,0,-14283,22218,24860,-16389,1324,-846
119,-120,-20,-19165,25620,21344,-15257,1490,-1090
-10,-65,-16,-21994,18560,16360,-14374,1186,-1290
-39,-49,4,-25213,8592,7110,-13997,664,-1435
-17,-49,-2,-25213,144,-2425,-14125,225,-1426
1,-48,-42,-25213,-11178,-9552,-14632,-360,-1419
35,-60,-55,-25213,-15916,-12101,-15285,-628,-1436
91,-118,-45,-25213,-21323,-8161,-15718,-883,-1419
-74,91,-9,-25213,-22431,-443,-15741,-977,-1373
-36,93,-33,-25213,-16639,5588,-15445,-758,-1326
-34,59,-83,-25213,7508,7309,-15050,471,-1465
-68,10,-101,-16561,-2317,4351,-14820,25,-1116
-28,-38,126,-11533,-5587,2194,-14703,-230,-943
-59,-62,-120,3094,-658,-2504,-14836,68,-235
-41,-26,-68,13031,3068,-5273,-15121,283,310
-37,21,-38,17921,6706,-11930,-15753,510,705
-10,38,-23,17424,7700,-17441,-16678,449,820
-24,18,-11,24812,18346,-10043,-17200,1116,1084
-80,-4,6,24812,25620,-1899,-17302,1672,980
77,0,28,24812,25620,-620,-17336,1658,993
-17,9,29,24812,25437,-4448,-17572,1635,977
-36,-4,-2,21963,22515,-10207,-18113,1508,821
-31,9,8,24639,10442,-12246,-18774,898,992
42,0,26,24812,957,-14907,-19564,387,968
75,-1,56,24229,-3261,-13916,-20302,132,938
107,-25,30,16893,-2965,-17723,-21241,157,529
-126,-3,5,12510,-4039,-18424,-22236,145,348
-63,30,18,16073,-3832,-13369,-22944,54,624
-16,62,48,8631,-10437,-7978,-23367,-477,350
27,53,57,4205,-5618,-4628,-23608,-350,77
42,38,62,-215,-1513,1426,-23531,-191,-197
43,19,47,-5349,4333,8060,-23104,65,-497
29,13,34,-7613,9477,14985,-22310,335,-614
0,29,27,-9719,14237,22344,-21125,730,-598
-88,61,12,-16750,18618,24056,-19826,1191,-1022
65,95,-4,-23168,16862,20973,-18715,1119,-1365
-16,116,1,-25213,16239,13749,-17986,1101,-1483
-65,101,-16,-25213,3075,6851,-17623,453,-1505
-57,96,-11,-25213,-11820,725,-17584,-314,-1531
-39,91,-49,-25213,-22587,-3800,-17785,-859,-1507
30,82,-22,-25213,-24406,1567,-17702,-956,-1496
94,87,15,-25213,-24284,-530,-17730,-982,-1463
-76,94,-20,-25213,-24406,3598,-17536,-1104,-1398
-44,109,-50,-25213,-8792,11805,-16910,-359,-1340
-85,45,122,-24853,20651,8811,-16443,1182,-1494
-115,-5,-112,-6988,-11164,2426,-16314,-378,-655
-16,-46,-100,-8993,-2237,-10176,-16864,-74,-856
5,-68,-96,3596,-7771,-7771,-17276,-399,-250
0,-38,-59,14158,7395,-4320,-17505,386,296
-12,3,-39,16229,-1168,-5586,-17801,18,552
14,28,-24,16365,573,-9644,-18322,-50,734
-12,31,-7,21153,12278,-6461,-18664,717,1044
-53,24,22,24812,21324,2742,-18519,1324,1061
115,33,30,24812,25620,9092,-18037,1600,1021
-3,76,25,24812,25109,7050,-17656,1599,1059
-67,72,0,24812,21450,-1000,-17709,1407,1020
-44,69,-13,24812,7012,-6704,-18065,670,1022
20,78,2,24812,680,-13694,-18790,328,1042
39,56,-14,24812,-2607,-15394,-19622,171,1052
20,67,-14,24812,-12397,-18117,-20582,-328,1033
104,90,13,18244,-20184,-21929,-21744,-783,757
-43,90,15,10163,-15590,-22222,-22922,-685,477
25,62,28,8262,-13374,-13616,-23657,-768,368
56,35,41,3645,-11307,-5537,-23951,-752,0
58,20,44,1402,-2881,388,-23930,-339,-158
43,10,46,-823,4381,5718,-23627,60,-295
27,4,41,-2730,9697,10811,-23043,377,-413
14,15,26,-4983,17734,16677,-22159,808,-438
-63,54,15,-8908,20835,20568,-21069,1261,-587
104,75,21,-15401,19676,18708,-20078,1260,-972
34,102,53,-20250,16108,14973,-19269,1092,-1245
-20,108,39,-25213,12770,7600,-18866,926,-1490
-71,102,8,-25213,-7907,2757,-18720,-104,-1505
-52,115,5,-25213,-18492,-4080,-18936,-655,-1493
4,107,-11,-25213,-24406,-5892,-19254,-990,-1508
81,91,-1,-25213,-24406,-745,-19294,-985,-1464
-121,92,-18,-25213,-23817,1631,-19207,-996,-1427
-67,95,-26,-25213,-19243,11020,-18623,-835,-1363
-62,75,-72,-25213,-3200,11462,-18004,-36,-1446
-90,7,-120,-16204,-9852,6132,-17686,-336,-1089
-35,-16,106,-9497,5394,-4365,-17917,335,-800
-1,-53,126,4198,-14273,-2816,-18066,-717,-167
-41,-11,-65,15638,4215,-2193,-18182,348,470
-43,57,-29,18752,1080,-8424,-18637,197,871
-30,79,-7,23237,10134,-11107,-19226,606,1163
-52,64,11,24812,18139,-4726,-19477,1086,1169
-97,39,16,24812,25620,2889,-19323,1576,1056
36,58,10,24812,25620,6421,-18977,1635,1053
-80,77,2,24812,23971,4524,-18737,1535,1021
-85,82,-29,24812,16299,-4581,-18980,1139,1023
-11,103,-2,24812,-1349,-9989,-19509,213,1054
57,93,42,24812,-10045,-13791,-20254,-262,1092
71,64,70,24653,-13930,-17130,-21162,-450,1034
-124,6,43,16650,-12042,-17407,-22084,-323,566
-103,24,7,11592,-16297,-16130,-22939,-518,351
-18,48,15,9582,-12097,-13326,-23659,-540,457
26,45,35,2556,-12471,-8721,-24121,-724,19
47,23,37,-379,-2245,-4039,-24335,-295,-227
37,7,41,-2708,3648,1607,-24250,25,-401
29,3,36,-5362,9825,7882,-23824,359,-554
13,8,25,-7233,12554,15121,-23023,537,-595
-29,36,32,-6789,13564,24111,-21745,823,-479
-119,77,70,-10019,13147,24860,-20427,871,-685
42,-124,83,-23965,14354,19158,-19393,967,-1415
-28,127,51,-25213,12363,11466,-18785,893,-1480
-53,89,30,-25213,-6487,5118,-18514,-30,-1511
-67,87,21,-25213,-20514,-772,-18555,-738,-1514
-1,74,18,-25213,-24406,-3441,-18741,-964,-1535
72,67,12,-25213,-24406,-44,-18743,-956,-1494
-113,73,15,-25213,-23352,8697,-18282,-954,-1445
-48,114,22,-25213,-19220,18977,-17276,-880,-1315
-38,97,-72,-25213,9131,13753,-16534,551,-1400
-94,10,125,-16568,-2899,7600,-16131,2,-1121
-44,-30,121,-7626,10425,-1217,-16195,608,-729
-32,-64,126,444,-9700,-4338,-16425,-435,-372
-18,-54,-81,10944,-1874,-3133,-16594,-46,142
-47,5,-59,14255,-6039,-5769,-16900,-144,448
-29,69,-42,17350,-4332,-15699,-17732,-133,804
-15,62,-20,24812,8428,-17725,-18672,490,1239
-44,34,6,24812,24532,-9267,-19172,1487,1142
96,58,55,24812,25620,-662,-19207,1564,1045
-36,78,72,24812,25620,-4536,-19448,1590,1028
-81,65,31,24812,25620,-10890,-20025,1622,1013
-50,55,26,24812,11499,-13944,-20778,918,1034
17,29,5,24812,3841,-17300,-21695,534,997
66,41,14,24812,-7581,-16493,-22569,-70,1018
114,50,27,24152,-13065,-16450,-23441,-385,1013
-82,61,40,17705,-13435,-14707,-24235,-496,760
-27,56,47,10457,-13336,-12136,-24878,-589,422
25,42,55,3388,-10763,-8525,-25322,-608,17
37,22,54,-238,-2599,-2914,-25476,-255,-228
28,4,42,-4226,4621,1763,-25381,113,-493
11,-7,21,-7029,9791,6322,-25046,393,-715
-3,-6,4,-6318,13285,11724,-24424,784,-812
-30,7,24,-2522,13325,19584,-23386,886,-380
-95,65,60,-6455,21404,20985,-22253,1304,-506
50,126,94,-16951,14987,18875,-21253,980,-1038
-7,-96,59,-25213,15376,9488,-20750,1018,-1452
-50,-115,-6,-25213,-3672,1913,-20648,81,-1476
-26,103,-26,-25213,-18203,-925,-20698,-658,-1519
-4,91,-16,-25213,-23933,-1517,-20779,-929,-1497
26,87,0,-25213,-24406,923,-20730,-958,-1491
-119,91,18,-25213,-24406,7505,-20332,-1027,-1426
-62,111,-34,-25213,-13219,10734,-19752,-565,-1370
-64,78,-91,-25213,13370,11421,-19147,800,-1435
-92,-6,-112,-15720,-3691,3170,-18979,-22,-1102
-29,-35,-98,-6867,-9296,476,-18954,-402,-717
-33,-59,-117,-1365,-1573,-4290,-19185,-16,-467
-36,-38,-83,11831,3260,-3549,-19373,258,216
-54,24,-54,19169,10033,-7209,-19756,688,752
-35,67,-41,19392,-493,-10544,-20314,78,896
-17,55,-31,24812,4132,-11487,-20935,281,1223
-48,39,-11,24812,25620,-7320,-21323,1510,1123
77,58,28,24812,25620,1300,-21254,1591,1040
-48,71,18,24812,25620,-608,-21286,1616,1022
-97,75,0,24812,21376,-5732,-21596,1427,1041
-54,87,17,24812,6936,-10202,-22136,655,1032
31,67,11,24812,1322,-17249,-23051,367,1035
73,29,25,24812,-9599,-13957,-23790,-169,1006
112,9,20,21338,-15007,-15578,-24632,-445,828
-103,42,18,17091,-17034,-14855,-25419,-595,664
-26,60,34,9842,-12320,-15700,-26251,-536,426
28,51,43,4245,-4271,-9892,-26775,-300,103
33,37,39,1194,-1391,-2036,-26885,-193,-88
18,28,44,-178,4474,3395,-26705,158,-180
9,25,50,-3341,7509,9204,-26218,351,-357
-5,28,39,-7541,10623,16339,-25352,571,-534
-43,42,18,-12460,15902,20575,-24240,1004,-771
-102,72,17,-16939,19805,21098,-23122,1232,-1016
81,119,21,-22490,19661,18432,-22145,1228,-1300
31,-101,30,-25213,16839,14098,-21412,1067,-1413
-41,-65,12,-25213,4706,6508,-21061,479,-1468
-71,-70,-28,-25213,-8460,-3344,-21238,-183,-1457
-37,-94,-54,-25213,-18544,-11064,-21824,-697,-1460
10,-122,-42,-25213,-24406,-11721,-22446,-993,-1462
94,93,-16,-25213,-24406,-5805,-22759,-1019,-1480
-65,101,-16,-25213,-23509,6402,-22420,-1058,-1351
-20,-114,-51,-25213,-5440,13474,-21706,-239,-1300
-89,52,98,-23995,13913,9652,-21194,827,-1449
-62,-7,107,-5339,-2837,-494,-21220,-46,-575
-5,-28,123,1614,92,-10252,-21774,21,-256
20,-20,-100,12813,1566,-12488,-22436,41,314
15,15,-70,19731,-1626,-10744,-23005,-124,759
7,34,-54,24812,7076,-8756,-23469,341,1097
-19,39,-54,24812,16513,-3114,-23638,926,1133
-113,52,-38,24812,25620,6688,-23283,1551,1064
-17,76,-22,24812,25620,10357,-22734,1605,1031
-84,74,-3,24812,25620,4485,-22496,1621,1019
-78,66,-24,24812,18347,-1315,-22567,1271,1038
5,67,-42,24812,6330,-6761,-22926,619,1029
57,67,-6,24812,-3371,-7670,-23332,120,1044
70,29,3,24812,-4355,-10821,-23906,109,1006
52,19,8,24199,-12881,-10794,-24489,-324,983
103,22,-7,16325,-12036,-17262,-25404,-279,570
-38,55,-15,11493,-20661,-16591,-26283,-907,502
40,56,26,10340,-11433,-8925,-26756,-706,431
55,38,43,7347,-6426,-533,-26785,-500,203
29,37,62,3040,1813,3758,-26586,13,-23
16,33,60,-3847,7111,7149,-26207,316,-376
8,37,44,-9320,12661,11686,-25587,619,-607
-14,47,11,-14536,18901,18512,-24588,1051,-769
-81,63,-12,-17668,19837,24804,-23273,1222,-1041
117,112,-32,-22565,22071,20173,-22204,1329,-1287
14,-115,-52,-25213,25620,9818,-21684,1542,-1456
-34,-118,-37,-25213,-65,5434,-21390,258,-1498
-49,-82,-6,-25213,-5767,-1529,-21471,-44,-1456
-23,-81,-40,-25213,-16036,-12734,-22146,-579,-1448
69,-113,-37,-25213,-21432,-11726,-22768,-876,-1428
109,95,-24,-25213,-24406,-1797,-22865,-1033,-1469
-81,111,0,-25213,-16533,9521,-22360,-688,-1360
-73,-116,-29,-25213,-3233,11317,-21760,-49,-1332
-89,58,126,-25213,23317,-1304,-21829,1322,-1494
-15,-28,-125,-14140,-9552,-5026,-22101,-460,-1076
25,-51,-119,-3117,-4421,946,-22051,-262,-543
5,-51,-93,6847,-5271,806,-22008,-271,-58
-26,-3,-68,14298,-1225,-1497,-22087,29,422
-28,72,-40,18890,3514,-10159,-22636,264,910
-26,74,-24,17982,2205,-11607,-23251,193,879
-34,31,-13,24812,11959,-4270,-23473,783,1109
120,50,31,24812,24917,6589,-23124,1541,1048
-2,74,28,24812,25620,8164,-22683,1626,1057
-36,76,1,24812,24422,3128,-22517,1551,1028
-34,79,-31,24812,14842,-384,-22538,1056,1030
29,73,-52,24812,12244,-6490,-22882,903,1039
18,75,-59,24812,1805,-6859,-23252,373,1061
41,61,-35,24812,-6774,-13112,-23947,-50,1032
76,44,-8,24812,-16287,-15593,-24773,-518,1025
-81,71,14,16596,-23062,-17958,-25725,-972,714
7,63,25,9369,-14112,-13553,-26457,-747,461
47,33,30,5298,-8516,-4642,-26703,-610,101
35,23,36,641,-4643,3817,-26501,-383,-159
19,19,35,-3646,1051,8981,-26025,-44,-376
0,18,36,-7572,5299,14482,-25243,282,-577
-19,31,20,-11576,9226,20402,-24161,587,-689
-93,58,24,-12904,18489,23291,-22927,1171,-824
74,82,38,-20301,19142,21037,-21812,1235,-1229
-10,116,25,-25213,10605,15404,-20980,820,-1505
-59,98,20,-25213,-3268,8738,-20517,130,-1506
-46,103,24,-25213,-14407,1418,-20442,-443,-1500
-4,96,-4,-25213,-20846,-5973,-20758,-774,-1494
61,71,5,-25213,-24406,-3007,-20921,-978,-1519
94,61,41,-25213,-21473,1360,-20849,-823,-1494
-94,84,29,-25213,-21226,9189,-20362,-885,-1414
-69,122,-23,-25213,1904,13139,-19665,220,-1338
-56,46,-127,-25213,16124,1505,-19584,932,-1525
-1,-24,107,-9053,-12688,-209,-19595,-635,-790
20,-49,-126,1756,6899,-5275,-19875,324,-288
18,-39,-97,11529,-1881,-2983,-20033,-128,207
-5,23,-57,20244,5390,-4827,-20294,306,846
-25,55,-36,20158,4550,-5971,-20610,321,940
-33,49,-31,24812,12010,-3726,-20808,737,1158
-61,37,-10,24812,22113,6328,-20472,1362,1094
115,60,14,24812,25620,12075,-19820,1600,1085
-20,76,-19,24092,25620,12917,-19135,1606,995
-90,67,-74,22050,22001,7933,-18715,1422,872
-50,60,-47,24812,10171,-374,-18735,828,1013
28,43,-49,24812,4112,-6903,-19108,516,1035
99,37,-32,24812,-4491,-9282,-19600,69,1021
110,-12,-37,24812,-7280,-7087,-19975,-63,951
33,17,-41,24812,-12646,-9487,-20478,-321,987
105,78,0,20721,-20390,-17014,-21397,-799,891
0,82,20,8597,-16236,-18481,-22376,-816,448
65,54,34,5729,-9451,-8781,-22842,-654,144
71,33,35,1394,-2842,2172,-22727,-360,-129
35,22,26,-2017,3879,8884,-22247,24,-290
10,20,19,-4829,9878,14770,-21464,426,-368
-30,32,8,-8043,17800,19651,-20422,1079,-516
-117,68,10,-12101,18122,20456,-19338,1166,-787
68,90,15,-17487,22562,15245,-18515,1433,-1097
3,101,18,-25213,9802,10887,-17938,777,-1488
-50,84,-3,-25213,-2300,6356,-17601,188,-1513
-41,83,3,-25213,-14131,706,-17564,-414,-1513
-24,87,-6,-25213,-21569,-4814,-17824,-820,-1530
29,69,7,-25213,-24406,-6637,-18175,-943,-1507
72,60,23,-25213,-24406,-2067,-18285,-952,-1503
-71,81,16,-25213,-24406,10166,-17746,-1071,-1384
-39,-99,-25,-25213,-6813,15447,-16912,-289,-1306
-64,47,87,-25213,15731,7982,-16489,887,-1516
-60,-21,110,-1934,-4720,4783,-16235,-143,-422
-16,-39,-101,2389,-7755,-5489,-16526,-353,-254
-13,-24,-72,11447,-7238,-5664,-16821,-312,205
-5,43,-32,17708,922,-12233,-17481,80,836
-12,57,-10,19762,11928,-15903,-18324,663,1008
-21,37,2,24812,17862,-9069,-18805,1035,1209
-71,11,24,24812,25620,218,-18793,1587,1004
63,20,45,24812,25620,5535,-18489,1662,1041
-39,21,23,22457,25620,4145,-18273,1621,844
-58,14,-20,20106,20472,-2761,-18420,1390,740
-2,21,-18,24812,7292,-6062,-18741,713,988
45,29,-9,24812,-1307,-9668,-19263,266,1025
68,13,4,24812,-2336,-10817,-19837,230,986
50,4,-6,23771,-8031,-13792,-20568,-50,921
93,40,-2,17895,-19011,-16725,-21471,-674,691
-38,57,12,11334,-14655,-17859,-22417,-605,503
14,52,27,8466,-13000,-11934,-23050,-708,377
59,36,36,5812,-8878,-3460,-23233,-640,113
49,32,41,3560,-539,3237,-23062,-194,-5
43,27,39,168,7141,8356,-22610,209,-183
39,28,29,-5028,15490,13680,-21885,621,-427
1,51,11,-11568,22458,20152,-20817,1143,-571
-84,82,9,-18046,19971,24811,-19502,1204,-1033
70,-127,-7,-25213,25620,18363,-18511,1556,-1460
-40,-128,-38,-25213,19134,10266,-17966,1243,-1482
-60,93,-23,-25213,1628,3836,-17763,382,-1509
-50,101,-1,-25213,-11684,-2678,-17905,-300,-1502
-21,113,-22,-25213,-19097,-11020,-18500,-713,-1511
3,98,-21,-25213,-24339,-13651,-19224,-958,-1490
103,60,-4,-25213,-24406,-7457,-19619,-960,-1489
-53,68,-6,-25213,-24406,3396,-19439,-1083,-1368
9,103,-39,-25213,-13800,16999,-18521,-727,-1324
-87,64,-104,-20156,25620,10234,-17979,1453,-1217
-62,2,-102,-8021,-7536,3317,-17803,-249,-695
-23,-33,-106,-2588,685,-3756,-18002,90,-493
-23,-28,-91,8047,-5510,-5300,-18288,-223,58
-14,20,-52,17317,223,-7887,-18706,77,671
-22,50,-27,22274,3502,-11607,-19321,270,1060
-39,40,-11,24003,14205,-10814,-19894,904,1105
-66,15,9,24812,21650,-3389,-20078,1429,1043
122,28,17,24812,25620,2227,-19959,1615,1017
-27,54,10,24812,25620,4624,-19714,1626,1013
-78,45,-13,24812,25620,-2636,-19854,1638,1001
-65,53,-7,24812,10631,-8243,-20299,880,1031
12,54,33,24812,2244,-12946,-20985,423,1019
80,6,29,21912,-4943,-15331,-21798,77,830
99,-25,6,20786,-8752,-12965,-22485,-116,728
119,25,-7,16947,-11948,-15747,-23336,-295,627
-32,54,12,11816,-13423,-16003,-24184,-555,538
29,44,37,7266,-7817,-10448,-24737,-498,248
55,23,48,4152,-5681,-1937,-24840,-464,-10
50,10,50,685,3636,5524,-24542,18,-224
27,9,43,-3059,9913,12205,-23895,384,-406
0,19,24,-7363,14824,18452,-22917,766,-512
-51,40,9,-11927,17709,21836,-21760,1112,-748
-116,81,13,-16701,20212,20344,-20661,1273,-1018
59,113,7,-22936,20947,15793,-19824,1313,-1340
-51,127,-4,-25213,6494,10188,-19284,607,-1485
-85,108,-6,-25213,-4974,346,-19266,43,-1505
-36,106,-1,-25213,-16503,-8072,-19702,-568,-1519
-12,116,-20,-25213,-21273,-14419,-20466,-810,-1482
69,88,-17,-25213,-23754,-10335,-21014,-943,-1475
-102,62,-4,-25213,-24406,-2071,-21123,-1001,-1449
-61,85,-23,-25213,-17550,8640,-20657,-762,-1391
-18,109,-44,-25213,-2766,13095,-19963,-97,-1309
-86,29,124,-20035,1008,7284,-19577,188,-1269
-39,-17,-107,-4030,-13412,1634,-19490,-595,-532
-43,-34,-98,-350,-1604,-6477,-19840,14,-382
-20,-12,-71,9956,-3585,-8222,-20275,-112,174
-16,34,-35,15944,1341,-11538,-20875,147,667
-7,48,-19,18553,3786,-14683,-21654,232,917
-28,35,-8,24812,20387,-10102,-22199,1214,1195
-90,7,6,24812,25620,413,-22177,1645,989
56,43,22,24812,25620,4706,-21928,1615,1018
-37,67,34,24812,25620,1309,-21858,1612,1021
-59,56,7,24812,21282,-5143,-22136,1429,1034
-10,49,1,24812,7776,-9601,-22645,721,1011
34,30,-6,24812,2801,-12033,-23283,478,1000
53,11,1,24812,-7555,-12344,-23937,-29,982
81,6,9,21747,-11176,-16072,-24805,-226,843
-105,28,15,16563,-17677,-16614,-25686,-600,610
-44,63,29,8958,-13818,-15575,-26511,-565,362
27,45,30,4051,-9099,-11461,-27118,-561,105
43,28,40,3944,-1665,-2115,-27233,-245,12
43,19,46,886,-995,6818,-26871,-206,-178
35,15,41,-2605,7299,12560,-26206,226,-360
5,25,35,-7334,15168,17255,-25291,748,-526
-62,56,30,-14357,17657,21344,-24139,1099,-880
122,98,34,-20859,17480,21391,-23005,1105,-1212
43,122,31,-25213,14243,17012,-22103,969,-1457
-22,112,6,-25213,6460,10095,-21568,607,-1487
-70,95,-7,-25213,-6181,4156,-21344,-18,-1534
-37,94,-11,-25213,-14441,-1755,-21437,-439,-1504
-14,95,-17,-25213,-21017,-8357,-21880,-780,-1497
71,75,-3,-25213,-24406,-7567,-22281,-963,-1487
-127,79,0,-25213,-21363,-2804,-22432,-868,-1471
-39,97,-11,-25213,-17821,7166,-22052,-812,-1306
-32,82,-74,-25213,7679,10485,-21497,463,-1394
-108,9,-120,-15354,-3272,5101,-21226,8,-1059
-1,-27,-103,-10001,-12414,-7414,-21627,-632,-870
20,-70,-124,440,-6271,-3265,-21800,-344,-387
-20,-36,-74,13775,589,-748,-21839,92,308
-28,17,-55,16134,132,-4315,-22068,118,590
-19,56,-36,19902,4205,-10932,-22658,291,952
-40,48,-31,24678,15937,-10368,-23208,957,1136
-92,27,-13,24812,25620,-1404,-23282,1597,1035
35,46,6,24812,25620,4821,-23027,1623,1016
-40,45,-14,24812,25620,1641,-22938,1658,1028
-84,65,-23,24812,21424,-2187,-23054,1411,1013
-40,71,-34,24812,10219,-8289,-23493,827,1023
15,83,2,24812,2643,-11530,-24105,425,1046
72,45,39,24812,-7529,-15363,-24934,-95,1048
120,-1,34,20840,-11846,-16363,-25801,-291,765
-95,18,30,17410,-15390,-12338,-26455,-497,634
-30,38,35,10950,-14872,-11949,-27089,-627,421
13,36,40,6134,-9171,-7014,-27460,-516,183
34,28,40,2225,-3991,-926,-27511,-340,-64
27,23,37,-2031,5177,3379,-27331,142,-287
24,26,33,-6072,10389,8199,-26897,418,-470
16,31,28,-9996,14612,16402,-26027,665,-628
-29,52,25,-13481,18667,24275,-24717,1081,-778
109,122,23,-23902,23695,21989,-23551,1412,-1351
-14,-117,-23,-25213,18062,11582,-22937,1176,-1466
-69,103,-37,-25213,2043,4408,-22704,396,-1505
-61,96,-21,-25213,-12056,-1078,-22762,-326,-1532
-49,97,-28,-25213,-22084,-7778,-23174,-829,-1504
2,98,-25,-25213,-24406,-10368,-23724,-961,-1491
72,94,-16,-25213,-24406,-9030,-24202,-983,-1467
-99,91,-4,-25213,-23946,544,-24173,-1044,-1429
-27,126,-18,-25213,-13226,12911,-23488,-617,-1273
-90,60,-124,-25213,3989,10003,-22958,342,-1489
-64,1,-123,-8401,-5039,7240,-22582,-133,-709
-39,-33,-108,-4036,-581,-7467,-22985,53,-567
-3,-65,-112,3929,-4612,-6786,-23345,-221,-214
-33,-28,-77,15061,-2058,-3842,-23548,-10,399
-32,26,-55,17922,-1901,-7152,-23927,21,708
-30,56,-36,21953,4519,-11017,-24522,340,1043
-39,57,-21,24812,17028,-11226,-25117,1004,1178
-108,50,13,24812,25620,-2682,-25260,1568,1068
45,63,54,24812,25620,-1224,-25324,1584,1034
-22,54,28,24812,25620,-2510,-25460,1645,1037
-49,50,-7,24812,22794,-7485,-25857,1488,1007
-19,52,-19,24812,13306,-8951,-26331,998,1013
21,44,-23,24812,6483,-12022,-26968,648,1012
20,19,-23,24812,3128,-12883,-27664,500,1012
64,8,-30,24812,-3424,-16175,-28521,155,979
-110,65,-13,24812,-15450,-15378,-29336,-543,1091
-21,80,28,16918,-10626,-12412,-29994,-476,831
32,60,46,10077,-7516,-6966,-30370,-474,416
36,47,61,4882,-2694,-1379,-30444,-230,90
33,35,55,-1604,3918,3729,-30246,99,-259
27,27,45,-8149,8212,9091,-29764,315,-598
19,33,23,-14515,13058,16767,-28859,580,-855
-67,65,-1,-20226,12517,24860,-27541,828,-1146
108,96,-8,-23662,14437,22425,-26352,969,-1364
9,-122,-21,-25213,22767,13330,-25646,1410,-1461
-68,116,-37,-25213,10669,4409,-25408,838,-1521
-93,101,-31,-25213,-11655,-2657,-25549,-293,-1510
-80,123,-38,-25213,-21637,-10975,-26130,-817,-1495
-20,-126,-51,-25213,-24406,-17921,-27080,-982,-1475
61,98,-49,-25213,-24406,-12606,-27761,-1015,-1496
-73,101,-31,-25213,-24406,-1417,-27836,-1095,-1368
-3,-117,-29,-25213,-14993,14746,-27054,-750,-1263
-57,88,113,-25213,15764,13028,-26364,884,-1455
-69,-7,97,-7437,-6233,5691,-26057,-222,-687
-25,-35,-110,1559,-1103,-5191,-26332,1,-282
-12,-34,-91,8324,-7280,-4914,-26592,-334,48
-22,13,-66,19121,1164,-6939,-26960,139,724
-21,62,-42,24812,3812,-11906,-27603,268,1203
-10,52,-25,24812,9106,-12962,-28290,511,1218
-43,25,-19,24812,25620,-3288,-28464,1526,1082
79,48,12,24812,25620,7521,-28066,1608,1030
-3,57,15,24812,25620,3631,-27870,1644,1043
-78,61,-28,23698,25620,-629,-27903,1624,954
-34,41,-39,24812,15510,-5323,-28185,1112,1001
-12,26,-43,24812,7344,-7422,-28578,698,991
-14,27,-32,24812,-1729,-12556,-29257,242,1016
50,50,-13,23031,-15697,-17871,-30204,-487,933
-69,74,19,15986,-19120,-17774,-31146,-798,705
20,51,18,8088,-15169,-12609,-31814,-847,364
45,31,16,5789,-5445,-5073,-32088,-484,139
37,19,18,2874,-404,595,-32056,-231,-48
25,12,28,1042,6490,5807,-31749,180,-164
1,17,41,-1469,10110,11491,-31140,511,-274
-21,39,42,-7093,15146,15993,-30276,874,-501
-109,79,42,-14718,17155,18850,-29277,1083,-905
51,121,36,-25213,11098,16010,-28428,805,-1455
-7,-120,16,-25213,11284,10748,-27859,831,-1466
-76,105,-42,-25213,-6274,4303,-27626,-33,-1530
-98,91,-60,-25213,-20571,-4263,-27852,-748,-1518
-55,88,-41,-25213,-24406,-9664,-28364,-944,-1512
17,81,-20,-25213,-24406,-9220,-28853,-951,-1500
-113,61,7,-25213,-24406,1213,-28788,-1012,-1485
-53,81,0,-25213,-24406,13073,-28095,-1100,-1349
-13,111,-37,-25213,-3489,21461,-26957,-144,-1294
122,13,-126,-15447,10073,14950,-26165,706,-1061
-66,-3,-85,-7652,-1107,-1658,-26254,100,-697
-16,-56,126,-4387,-6316,-4760,-26507,-287,-608
-23,-40,-90,9853,4670,-4463,-26739,294,105
-32,4,-64,14288,1990,-5695,-27041,214,450
-24,51,-45,21172,4608,-8449,-27497,323,985
-29,62,-30,24812,10430,-9871,-28020,628,1194
-37,37,-25,24812,25620,-4175,-28242,1469,1129
108,62,22,24812,25620,6292,-27908,1574,1060
1,81,36,24812,25620,5210,-27627,1618,1064
-79,66,-16,24812,25620,2644,-27487,1624,1014
-70,59,-38,24812,18833,-1835,-27584,1276,1010
-12,71,-23,24812,5785,-6794,-27944,599,1028
32,59,-18,24812,182,-10599,-28516,314,1052
47,32,-7,24812,-6055,-13797,-29248,23,1004
83,40,-6,22976,-12723,-17840,-30193,-333,929
-55,69,15,16746,-16791,-18217,-31159,-696,761
22,53,30,10896,-10618,-12075,-31811,-622,491
40,38,37,6553,-4920,-4663,-32058,-391,179
30,27,36,1703,1618,1432,-31982,-43,-84
17,22,39,-1803,6603,7030,-31609,261,-273
10,30,43,-7294,10137,12603,-30941,477,-527
-27,54,33,-12773,14564,19615,-29882,854,-748
-84,88,27,-20103,16466,22903,-28668,1015,-1137
87,-112,9,-25213,18213,19340,-27643,1131,-1413
-22,-102,-55,-25213,14559,8842,-27174,985,-1461
-79,113,-66,-25213,-1156,3166,-27004,221,-1526
-71,99,-38,-25213,-18907,-3095,-27168,-666,-1508
-33,102,-26,-25213,-22951,-9646,-27679,-880,-1498
52,96,-14,-25213,-24406,-6669,-28032,-976,-1475
118,74,0,-25213,-24406,-2262,-28155,-1010,-1487
-69,86,14,-25213,-24406,6795,-27794,-1081,-1372
-20,118,0,-25213,-4228,15747,-26960,-169,-1254
-84,48,125,-24289,17509,8379,-26516,1022,-1459
-49,4,-126,-6584,-10588,-2318,-26641,-456,-626
-14,-32,127,-2719,-2899,-8455,-27089,-114,-487
-4,-28,-98,10036,-2406,-7678,-27496,-104,153
-11,19,-47,20332,8023,-9007,-27973,464,830
-11,50,-13,22160,8244,-11986,-28620,482,1139
-14,34,-3,23831,15436,-8763,-29085,882,1186
-71,22,17,24812,25620,547,-29056,1583,1038
90,30,52,24812,23877,6657,-28703,1501,1009
2,50,39,24812,25092,5813,-28389,1611,1038
-42,50,26,24812,19281,356,-28370,1304,1008
-30,42,9,24812,16120,-7306,-28757,1153,1003
3,50,2,24812,6502,-13526,-29474,653,1014
15,46,-8,24812,5978,-16929,-30389,632,1037
50,55,5,24812,-2996,-20369,-31468,153,1030
115,69,31,23424,-9442,-19914,-32524,-226,1001
-21,78,59,9856,-19322,-17322,32094,-927,414
51,51,51,2593,-9871,-10669,31518,-646,-18
51,25,37,128,-5116,-1191,31455,-445,-197
37,7,33,-717,810,7332,31844,-141,-294
6,7,31,-1855,5665,14082,32590,249,-337
-16,21,29,-3350,8383,20605,-31833,536,-334
-54,49,28,-5684,13563,24860,-30516,872,-427
-120,81,33,-11501,19315,21779,-29361,1205,-744
84,-125,35,-24636,16602,18249,-28394,1058,-1399
12,-122,9,-25213,10519,13293,-27676,796,-1484
-49,121,3,-25213,217,6169,-27349,291,-1488
-49,118,20,-25213,-12734,-805,-27392,-366,-1490
-25,125,15,-25213,-17767,-9654,-27904,-633,-1479
39,114,2,-25213,-19903,-12085,-28556,-775,-1488
123,76,-3,-25213,-24406,-6507,-28901,-993,-1456
-76,85,13,-25213,-24406,3972,-28691,-1067,-1385
-13,-127,-16,-25213,-4639,14005,-27948,-204,-1252
-95,58,112,-25213,11812,8996,-27472,734,-1500
-72,-2,123,-5292,1785,6245,-27141,211,-565
-47,-19,-96,406,2525,-6726,-27497,238,-312
3,-38,-92,2756,-8371,-9089,-27979,-426,-243
-7,-12,-61,16799,3396,-7504,-28384,211,533
-6,42,-23,23270,3570,-10072,-28918,217,1131
-2,54,-2,23644,7770,-11675,-29537,413,1253
-28,25,4,24812,16120,-5258,-29815,1016,1137
-99,22,29,24812,25620,4369,-29579,1612,1043
44,56,57,24812,25620,5340,-29296,1587,1027
-14,58,45,24812,25215,366,-29277,1589,1017
-53,54,7,24812,20596,-5828,-29586,1375,1009
-7,61,15,24812,5602,-9730,-30111,603,1045
8,70,26,24812,-1930,-12516,-30775,201,1032
47,49,25,22627,-5146,-17349,-31694,45,911
91,47,14,16945,-10890,-19987,-32753,-253,632
-67,55,13,11687,-14969,-19995,31703,-570,469
0,48,26,8505,-12570,-13865,30968,-634,385
37,31,40,4956,-9624,-5958,30652,-627,77
46,14,42,1205,-1581,381,30672,-256,-178
36,2,38,-1755,7553,5576,30973,225,-371
17,6,35,-7180,13609,9739,31490,598,-618
-34,25,31,-11291,16280,16352,32356,997,-752
-97,43,30,-18074,15529,17203,-32268,1042,-1119
82,80,36,-22571,11641,17638,-31315,863,-1365
32,92,33,-25213,11342,13337,-30609,849,-1486
-37,95,15,-25213,-7892,9071,-30128,-107,-1503
-62,101,29,-25213,-12207,2790,-29980,-327,-1505
-51,112,19,-25213,-23868,-5512,-30278,-951,-1519
-12,102,6,-25213,-24406,-8097,-30707,-958,-1491
93,90,17,-25213,-24406,-3250,-30879,-992,-1459
-104,81,10,-25213,-24406,5123,-30607,-1027,-1423
-13,116,-13,-25213,-18933,18254,-29622,-947,-1277
-76,66,-123,-24396,17180,18333,-28650,996,-1435
-84,-2,-120,-3761,-4502,13105,-27955,-81,-487
-69,-22,-95,-262,-1523,-2859,-28107,69,-348
-38,-42,-98,4379,-6572,-6860,-28477,-255,-153
-30,-6,-72,14244,-4094,-8778,-28943,-110,414
-24,31,-40,17895,296,-12620,-29612,123,754
-22,45,-23,23244,9982,-14244,-30367,610,1106
-49,35,-6,24812,20760,-11556,-30991,1300,1133
-111,40,35,24812,25620,-2972,-31148,1568,1045
30,73,75,24812,25620,-1588,-31232,1570,1038
-44,58,48,24812,25620,-6784,-31592,1614,1013
-53,43,10,22731,21497,-11345,-32204,1449,917
-10,46,5,24812,11667,-14337,32572,920,1009
67,41,12,23654,3146,-16762,31683,475,960
107,34,14,24812,-1036,-14723,30903,258,1021
-125,19,39,21937,-4000,-13070,30197,82,878
-89,10,52,15640,-7575,-11973,29562,-140,525
-37,17,51,9109,-8958,-10036,29031,-310,231
5,16,52,4023,-5382,-5320,28749,-290,-17
20,1,45,-731,537,-81,28744,-62,-324
8,-10,37,-3948,5425,5682,29045,233,-555
-15,-1,29,-6866,7382,11457,29653,496,-649
-30,13,26,-8954,11091,15877,30494,756,-676
-66,39,38,-12460,13621,19421,31543,915,-830
119,89,41,-19673,15134,20452,32627,994,-1165
35,117,37,-25213,4757,17773,-31967,492,-1464
-45,-121,15,-25213,-3836,10514,-31420,78,-1454
-39,-116,18,-25213,-7808,1828,-31324,-132,-1474
-17,-119,-2,-25213,-10389,-4502,-31567,-277,-1493
24,-124,-14,-25213,-11765,-8694,-32027,-350,-1456
62,100,-34,-25213,-24406,-8952,-32502,-988,-1468
-89,98,-11,-25213,-24406,-2462,-32632,-1066,-1385
-28,106,-38,-25213,-15076,4079,-32412,-718,-1335
-17,45,119,-25213,1731,6031,-32092,122,-1503
-60,-15,112,-10073,-5610,11884,-31463,-187,-827
-64,-32,-113,1888,-8717,-4107,-31680,-322,-251
-4,-47,-93,4436,-10197,-6236,-32017,-512,-170
-42,7,-51,18767,9121,-7574,-32418,627,687
-61,61,-22,21922,16225,-13019,32428,1004,995
-33,48,-16,20510,12291,-14266,31671,763,961
-45,15,-1,24812,21895,-5857,31355,1426,1069
-70,5,27,24812,25620,1732,31447,1584,987
76,43,0,24812,25620,9274,31938,1616,1023
-57,55,-63,20563,25620,7154,32318,1610,792
-72,44,-65,24812,19265,1885,32419,1311,1024
-8,47,-44,24812,7771,-4894,32160,707,1009
65,38,-21,24812,-388,-6293,31827,296,1014
78,18,-11,24812,-600,-5446,31538,308,993
74,16,-22,24160,-8181,-10029,30996,-91,980
-124,34,-15,21033,-13934,-14601,30222,-409,839
-42,52,21,13946,-14777,-14761,29440,-596,608
14,42,41,7941,-6925,-11061,28854,-400,286
34,23,53,3369,-1081,-3067,28688,-169,-37
31,4,57,-1710,612,6136,29013,-76,-363
12,12,53,-6684,3099,14951,29806,115,-581
-26,32,38,-11026,7148,22060,30975,483,-712
-59,67,18,-14982,15364,23668,32253,964,-879
-123,109,3,-21294,17828,20498,-32196,1108,-1209
59,-115,-29,-25213,20121,12012,-31560,1246,-1434
-35,124,-53,-25213,6535,5541,-31266,600,-1484
-65,101,-46,-25213,-8078,-1609,-31353,-128,-1530
-22,92,-44,-25213,-13628,-9033,-31832,-407,-1502
20,78,-52,-25213,-16832,-11182,-32424,-576,-1503
87,73,-19,-25213,-17977,-8827,32644,-644,-1482
-104,92,-12,-25213,-17214,-10319,32086,-692,-1434
-41,89,-30,-25213,-18058,-1614,32001,-817,-1334
-4,73,-67,-25213,3670,2116,32113,204,-1386
-44,-10,-125,-15325,-5479,908,32161,-192,-1089
-14,-33,-99,-1007,-10375,3692,32361,-498,-419
-27,-33,-80,2461,-5481,-314,32344,-201,-253
-27,-8,-69,8310,-8369,-5448,32055,-332,104
-13,37,-34,20582,5576,-12652,31385,348,936
-24,55,-14,23898,13283,-13668,30647,789,1197
-47,28,-10,24812,22563,-9414,30148,1385,1090
-120,24,19,24812,23713,-1007,30094,1516,1014
58,27,27,24812,25620,-985,30042,1626,1000
-18,18,-8,24812,25620,-1260,29974,1678,1009
-32,17,-13,23132,18115,-2846,29823,1271,898
4,11,-35,23165,15555,-7481,29427,1125,896
44,16,-27,24812,3521,-8606,28970,512,987
48,-6,-3,24812,4141,-10304,28414,573,986
39,6,16,24812,-8594,-13992,27672,-88,976
-98,43,44,18018,-18688,-18805,26676,-712,712
-1,44,39,9497,-12401,-14442,25910,-617,384
34,37,30,4235,-7400,-5940,25589,-520,83
43,20,26,718,-762,2007,25696,-241,-167
28,12,35,-2152,5227,10154,26224,120,-337
16,22,35,-7742,10814,17473,27150,473,-568
-48,54,34,-13065,14421,23821,28436,901,-799
125,85,37,-21030,17247,23350,29674,1103,-1234
24,107,26,-25213,6852,16616,30555,614,-1476
-92,84,-4,-25213,1148,11385,31158,371,-1521
-73,69,5,-25213,-16026,5373,31448,-511,-1551
-57,84,-1,-25213,-21845,-3588,31258,-804,-1515
3,80,-14,-25213,-11988,-7361,30868,-314,-1504
69,83,-22,-25213,-19765,-10074,30334,-737,-1480
-60,71,-23,-25213,-24406,-7519,29928,-1102,-1409
-9,96,-35,-25213,-24406,7011,30299,-1213,-1299
-34,62,-87,-24764,-11242,14638,31075,-493,-1418
-128,-11,123,-8961,-13281,9311,31569,-492,-762
-53,-19,-87,-2359,-20083,-10349,31010,-910,-458
-13,-43,-68,7504,6218,-8940,30536,361,-39
-55,13,-25,15544,12158,-11249,29940,877,546
-37,38,-15,15194,13502,-13186,29241,862,654
-36,27,-21,18686,16783,-11986,28594,1062,808
-59,-2,-17,24812,25620,-7514,28195,1603,962
-113,-9,12,24812,25620,-2277,28075,1638,950
24,-4,7,24792,25620,235,28087,1662,964
-78,-17,-32,23442,25620,-1226,28021,1670,910
-59,-6,-45,24812,24983,-4585,27778,1605,965
-16,11,-37,24812,14835,-8472,27329,1089,978
29,8,-13,24812,6037,-11736,26707,658,978
103,-9,4,24812,2421,-15636,25863,477,979
-115,16,14,22705,-10424,-14512,25093,-205,895
-26,37,37,15348,-9684,-11650,24476,-379,644
7,41,49,8318,-6124,-5073,24207,-332,288
28,29,50,1084,-114,814,24251,-101,-128
9,12,47,-4156,3537,7719,24660,141,-446
-5,20,43,-9793,4381,14268,25416,255,-688
-30,37,33,-13946,7609,23432,26658,517,-844
-83,71,12,-18336,11892,24860,28001,819,-1082
95,-127,-1,-25213,12553,24860,29318,851,-1421
-14,-111,-40,-25213,12355,17431,30242,879,-1463
-54,-119,-35,-25213,-1900,10658,30807,172,-1480
-58,-118,-25,-25213,-14796,2162,30924,-496,-1505
-15,127,-23,-25213,-15557,-6004,30606,-526,-1475
39,113,-16,-25213,-23285,-5850,30296,-928,-1466
117,92,-2,-25213,-24406,-6668,29942,-1008,-1442
-70,89,0,-25213,-24406,3997,30158,-1105,-1392
-20,123,-26,-25213,-8109,13228,30859,-369,-1275
-107,26,110,-25213,11484,10962,31440,735,-1542
-71,-19,-104,-532,-5638,-3251,31268,-143,-354
19,-50,-85,-3512,-7633,-6322,30926,-432,-594
-20,-53,-95,9865,-853,-3311,30751,5,93
-43,4,-58,21146,4389,-2976,30596,372,776
-60,46,-30,23674,9991,-8804,30129,704,1050
-48,47,-19,20723,10005,-13833,29396,688,932
-70,32,-8,24812,23131,-8800,28921,1463,1092
107,45,28,24812,25620,-2858,28770,1591,1037
15,53,46,24812,25620,-2581,28633,1605,1018
-49,43,10,24812,25620,-5219,28356,1637,1002
-52,46,-18,24812,19718,-9531,27841,1352,1027
-26,59,-35,24812,13588,-12843,27161,1003,1016
14,67,-21,24812,8057,-15355,26347,712,1031
79,44,-5,24812,-4303,-17573,25415,91,1025
-64,47,25,19152,-15626,-15995,24552,-601,836
-5,50,44,11510,-11655,-10007,24021,-565,486
21,36,43,3671,-5495,-4761,23769,-355,40
26,8,43,-782,749,2105,23881,-79,-296
7,6,43,-5824,2273,10073,24425,86,-559
-22,13,32,-10462,6411,17008,25326,462,-747
-53,37,25,-15490,8661,20715,26424,647,-951
-111,68,26,-17872,10812,23256,27657,784,-1078
89,110,24,-24733,11486,21496,28817,826,-1442
-19,123,1,-25213,-3419,15650,29647,97,-1479
-60,119,17,-25213,-6307,8731,30110,-37,-1492
-49,114,9,-25213,-14157,-337,30092,-435,-1493
-8,92,-10,-25213,-19700,-6452,29743,-731,-1522
74,81,8,-25213,-24406,-4737,29492,-971,-1478
-110,63,14,-25213,-24406,-910,29444,-997,-1456
-69,71,24,-25213,-24406,8531,29896,-1064,-1397
3,107,-16,-25213,2707,18440,30892,140,-1274
-89,18,113,-24188,19673,10416,31444,1134,-1498
-85,-22,-99,-732,-6502,3353,31622,-163,-368
-25,-29,-77,-2568,-5510,-6014,31303,-203,-502
-17,-47,-101,4739,-3062,-9097,30812,-115,-145
-15,-2,-62,17261,-3806,-6475,30468,-129,575
-26,42,-27,20460,454,-9986,29939,138,940
-42,49,-6,19762,11273,-13762,29210,743,908
-70,34,17,24812,16946,-8525,28749,1130,1095
117,49,65,24812,25620,-2664,28608,1548,1041
41,64,88,24812,25620,-3623,28416,1562,1031
-27,63,51,24812,25620,-7839,28001,1606,1019
-39,62,3,24812,21198,-11486,27380,1418,1041
-7,68,-25,24812,15570,-15343,26567,1097,1027
43,70,0,24812,2806,-17053,25663,437,1042
102,56,18,24115,-1571,-19415,24634,203,1013
-96,58,47,18673,-6561,-18229,23650,-124,790
-17,45,61,10082,-8495,-12988,22961,-374,362
11,26,58,5144,-1216,-4734,22711,-95,64
4,4,48,-456,1611,3198,22880,69,-294
-20,-4,40,-5152,3215,10171,23429,281,-584
-57,0,26,-9583,3973,14644,24206,472,-778
-68,14,17,-12972,7012,16214,25065,651,-906
-94,36,21,-15983,10573,17192,25976,808,-1023
120,61,22,-20467,3208,18811,26992,430,-1257
53,97,36,-22684,-2031,18389,27948,157,-1324
46,120,55,-25213,-11375,16979,28848,-340,-1459
-13,-117,53,-25213,-3084,8654,29307,94,-1467
6,-124,36,-25213,-11241,1647,29396,-330,-1489
44,113,29,-25213,-18465,194,29406,-687,-1463
93,98,42,-25213,-20201,1191,29469,-793,-1454
-96,83,34,-25213,-24406,6931,29837,-1047,-1418
-60,108,24,-25213,-17057,14889,30641,-762,-1364
-32,85,-70,-25213,15230,12647,31311,847,-1384
-105,-21,90,-15444,3803,6411,31651,329,-1103
-41,-24,-100,374,-11216,-4997,31386,-476,-323
-15,-41,-97,5827,-479,-6531,31033,15,-81
-30,-7,-51,18752,3591,-5555,30739,312,631
-48,38,-14,21259,7559,-9095,30257,589,939
-54,46,-1,20679,14062,-12627,29587,922,919
-66,29,15,24812,18358,-9695,29064,1211,1087
-106,16,38,24812,24183,-4566,28822,1512,1003
73,27,48,24812,25620,-2355,28697,1603,1002
-16,28,31,24812,25620,-3372,28518,1635,993
-27,37,0,24812,21462,-8311,28069,1449,1023
-11,50,-21,24812,13850,-12004,27433,1025,1012
31,52,-20,24812,7108,-14398,26670,672,1021
81,40,14,24812,-3220,-16711,25784,148,1021
119,28,29,23631,-8826,-16557,24890,-155,977
-73,35,42,15527,-9929,-16439,24019,-285,588
-18,33,45,9701,-5701,-12381,23363,-209,336
11,21,53,4190,-652,-6314,23028,-70,8
11,0,55,-446,2356,206,23039,82,-316
2,-7,55,-4768,3560,7164,23419,180,-568
-12,-2,40,-9867,6908,13197,24118,424,-808
-37,21,32,-12816,9612,18922,25121,674,-852
-76,47,36,-16510,12950,21945,26306,887,-1033
101,90,40,-25213,6385,19684,27350,561,-1457
16,112,5,-25213,4862,13162,28047,514,-1475
-21,98,0,-25213,-4843,8292,28487,42,-1497
-46,92,-9,-25213,-11851,-1008,28432,-315,-1531
-47,76,4,-25213,-20129,-7293,28046,-713,-1518
9,64,2,-25213,-19858,-12339,27392,-701,-1516
93,56,-24,-25213,-24406,-9147,26907,-957,-1500
-82,44,-40,-25213,-24406,-3125,26738,-1042,-1496
-50,65,-18,-20709,-23044,11374,27341,-1018,-1144
-47,43,-43,-20497,-4238,9796,27860,-57,-1199
-67,-23,-93,-12000,-4577,7976,28283,-86,-949
-9,-40,-80,-2452,2502,-3567,28090,161,-526
2,-64,-93,1797,-2597,-644,28056,-130,-339
-32,-28,-73,13250,939,-819,28013,144,304
-48,41,-42,17286,1105,-6793,27653,220,719
-46,56,-23,18634,9799,-13014,26950,662,864
-59,27,-13,23863,18110,-10667,26384,1180,1017
119,13,13,24812,25620,-8296,25945,1638,992
29,13,71,24812,25620,-2429,25816,1599,982
-39,-15,53,23542,25620,-4488,25578,1628,893
-51,-3,44,23116,16731,-8359,25127,1201,903
9,8,27,22422,14044,-14472,24360,1055,855
61,24,42,24133,7199,-16247,23499,677,962
111,11,43,19531,3962,-18410,22523,500,717
-98,-2,54,18318,-4081,-14034,21765,39,651
-68,-1,54,12527,-3682,-12733,21090,26,339
-22,7,49,7422,-5584,-9501,20586,-180,114
7,7,48,2157,-345,-4581,20348,-45,-152
17,-7,43,-2179,3156,1536,20431,83,-440
7,-10,33,-6139,7527,9097,20913,342,-671
-17,8,22,-8333,9912,16797,21804,657,-653
-55,39,31,-12212,10405,22086,22974,726,-786
-120,70,32,-18901,8001,23412,24238,651,-1155
58,102,27,-24732,9201,19453,25269,723,-1442
-17,105,14,-25213,-1012,15037,26066,230,-1491
-66,98,12,-25213,-11156,6838,26429,-268,-1507
-45,100,8,-25213,-17878,309,26446,-633,-1526
13,90,-7,-25213,-20943,-1630,26359,-780,-1493
76,85,6,-25213,-23193,-1098,26301,-914,-1474
-123,80,11,-25213,-24406,1732,26393,-1007,-1443
-69,103,10,-25213,-21416,6645,26752,-967,-1376
-1,76,-78,-25213,9525,12286,27403,496,-1399
-126,-20,117,-12489,-1538,8738,27866,97,-953
-42,-16,-87,-4598,-5540,-7292,27479,-172,-564
1,-58,-110,625,-2480,-7680,27065,-124,-372
-13,-22,-65,14928,2976,-4826,26809,202,393
-32,33,-34,19142,8150,-5449,26520,558,821
-36,65,-21,21425,13692,-12439,25861,814,1026
-56,54,-19,24812,20662,-11715,25228,1255,1162
-110,45,24,24812,25620,-2382,25102,1569,1057
28,37,45,24812,25620,2766,25248,1612,1006
-52,17,19,24452,25620,177,25258,1651,964
-72,8,-9,22339,22128,-5041,24986,1505,871
-8,10,-32,23731,15974,-10525,24428,1150,923
49,20,-28,24812,3643,-12092,23787,514,992
67,7,-18,24812,4810,-15042,22990,587,979
98,19,-7,24812,-4797,-17217,22060,88,1021
-55,49,29,20205,-13868,-17129,21152,-521,887
14,49,61,12103,-8733,-11294,20553,-477,476
37,21,61,3318,-2485,-3930,20345,-239,-56
34,-6,52,-2173,3104,5053,20618,34,-427
5,-1,43,-6559,6379,13731,21346,301,-633
-37,15,35,-10236,8841,20095,22411,633,-748
-86,44,28,-16809,9997,21536,23552,750,-1043
110,67,25,-22336,7815,22406,24762,667,-1352
20,84,9,-25213,2683,18043,25718,424,-1496
-17,66,20,-25213,-11248,13788,26449,-262,-1521
-49,75,33,-25213,-13915,6395,26788,-400,-1520
-23,74,49,-25213,-23831,4317,27021,-939,-1540
18,90,16,-25213,-19668,-2705,26878,-717,-1492
111,83,0,-25213,-24406,485,26904,-994,-1455
-81,83,5,-25213,-17959,7700,27312,-730,-1392
-74,76,12,-25213,-16611,11735,27945,-679,-1416
-47,46,-13,-24146,-2226,10056,28468,72,-1323
-87,-18,-96,-15832,1506,5315,28750,250,-1131
-44,-34,-100,-6874,-2520,-2604,28612,-30,-711
-39,-61,-112,966,77,-3953,28399,80,-351
-45,-32,-76,11591,-1087,-5207,28123,66,216
-53,25,-39,18931,6663,-8406,27677,541,754
-59,60,-12,18563,10273,-15345,26864,704,831
-43,43,-6,22854,19960,-12810,26172,1221,1069
-72,27,12,24812,25620,-4044,25958,1580,1051
76,27,26,24812,25620,1382,26031,1622,1004
-20,24,30,24812,25620,38,26033,1638,989
-76,13,0,24812,25620,-2814,25881,1686,1002
-29,25,3,24179,20003,-9227,25392,1364,957
10,15,-23,24812,9683,-13197,24693,834,984
77,20,7,24812,-2092,-14162,23942,233,995
125,5,18,23750,-12336,-15710,23094,-305,947
-61,20,49,20117,-13158,-13450,22381,-466,789
-12,24,56,11660,-9455,-9762,21863,-426,391
21,17,55,5194,-1841,-3897,21657,-168,35
14,-7,45,-1977,4570,610,21690,175,-429
-6,-26,39,-4163,6012,7435,22084,344,-636
-49,-10,35,-6214,4310,13299,22789,439,-648
-51,4,39,-8084,5273,15648,23618,484,-686
-64,15,46,-12465,8028,17488,24562,635,-895
-91,36,39,-15159,15033,20398,25643,1009,-982
51,69,40,-19871,9715,18612,26630,776,-1230
-20,86,44,-25213,-1759,13179,27328,200,-1507
-37,99,38,-25213,-9699,4769,27586,-215,-1525
-41,109,24,-25213,-22711,-2036,27478,-870,-1495
-3,93,10,-25213,-24406,-3860,27274,-954,-1496
72,83,19,-25213,-24406,-1353,27202,-973,-1478
-118,54,10,-25213,-24406,5924,27522,-998,-1501
-63,102,34,-23676,-24406,15467,28341,-1113,-1278
-59,80,-47,-25213,-591,14676,29119,106,-1389
-96,-7,-125,-14801,-4616,15848,29959,-77,-1056
-106,-30,-127,-1420,3452,-2922,29801,343,-407
0,-55,-100,1243,-6053,-7980,29379,-300,-344
-29,-36,-70,14676,5832,-4327,29149,386,350
-61,27,-28,22815,11515,-5212,28873,820,958
-67,70,-2,21939,10859,-11290,28263,744,1029
-78,53,2,24812,18073,-13855,27529,1149,1106
-107,38,34,24812,25620,-8756,27065,1568,1045
71,30,72,24812,25620,-5097,26795,1578,1004
-36,36,66,24812,25620,-7789,26374,1637,1021
-53,28,42,24441,24406,-12584,25707,1571,971
-42,31,-5,24812,18616,-16232,24847,1289,994
40,14,-8,24812,14445,-18434,23870,1084,985
42,25,-9,24812,-1532,-16728,22983,260,997
-109,63,45,24553,-15055,-19934,21907,-555,1092
-27,61,68,12906,-12691,-15879,21065,-572,523
15,48,55,3766,-6206,-9543,20559,-355,57
33,14,41,-1466,-1703,-2241,20440,-228,-305
21,-14,41,-2982,3973,6324,20782,106,-517
-10,0,46,-6568,6647,13239,21484,398,-630
-48,15,50,-11472,9540,18506,22446,655,-814
-99,27,33,-18335,9102,20853,23551,736,-1166
97,47,24,-22076,6700,23673,24830,640,-1370
16,49,15,-23641,1925,18694,25820,416,-1449
-5,54,37,-25213,-8061,14363,26582,-99,-1528
-21,60,32,-25213,-15493,7277,26967,-476,-1526
11,64,24,-25213,-15320,1649,27058,-504,-1565
26,66,6,-25213,-24406,-336,27040,-939,-1510
85,45,18,-25213,-24406,3940,27249,-938,-1516
122,56,31,-25213,-24406,7568,27650,-977,-1486
-87,70,34,-23276,-22487,15176,28455,-945,-1328
-35,67,-24,-25213,6060,13410,29165,421,-1346
-78,-15,-116,-20470,-2800,9314,29659,0,-1360
-52,-41,-100,-1540,673,-4179,29437,144,-450
2,-60,-78,-635,1596,-6122,29107,83,-474
-24,-46,-68,11472,10216,-3819,28904,593,161
-47,20,-36,18457,8876,-4692,28656,653,723
-44,50,-19,19288,8937,-12521,27992,620,871
-37,25,-11,21210,17629,-13799,27247,1133,940
-83,10,13,24812,25620,-6251,26916,1625,997
90,1,44,24812,25620,-1250,26849,1611,971
7,-3,36,24812,25620,-4390,26617,1637,966
-38,-7,1,21417,25620,-6647,26258,1689,812
-37,1,-29,22402,23760,-10407,25706,1552,848
5,26,-18,24812,9170,-11963,25072,804,993
54,29,18,24812,4786,-16594,24192,572,1002
115,20,50,23246,-5779,-16832,23283,-16,943
-75,12,60,16301,-7083,-16517,22408,-149,567
-37,11,56,8079,-12521,-11073,21821,-496,156
0,6,47,1521,-5489,-6780,21462,-272,-186
13,-12,34,-2940,-173,-643,21427,-83,-519
10,-30,29,-3879,3698,6999,21798,141,-669
-21,-18,23,-5496,6710,13999,22540,492,-692
-54,-6,24,-8313,7215,18969,23545,634,-738
-80,4,18,-13739,8838,20196,24636,772,-991
-116,6,5,-16926,11618,21266,25763,941,-1140
29,16,24,-15538,373,19003,26770,356,-1066
-5,45,93,-16980,-14210,16348,27637,-442,-1119
3,90,127,-25213,-21512,11082,28235,-874,-1529
6,106,89,-25213,-16254,6333,28571,-575,-1488
28,97,50,-25213,-24406,3299,28746,-977,-1484
58,67,34,-25213,-24406,6462,29088,-958,-1500
-123,61,27,-25213,-24406,8880,29568,-1012,-1495
-68,90,33,-24334,-24406,18156,30530,-1093,-1330
-48,95,-45,-25213,7616,17118,31437,494,-1356
-127,-27,110,-16139,-1152,14167,32188,110,-1145
-59,-31,-78,432,19,-2681,32043,149,-340
-17,-58,-85,-849,-6731,-5189,31768,-297,-471
-31,-31,-60,15145,4290,-4036,31555,323,379
-51,37,-20,21898,6482,-6994,31184,538,957
-39,61,0,18228,10618,-16395,30298,688,881
-51,42,5,20661,17911,-14817,29513,1119,916
-82,11,24,24812,24592,-7788,29100,1545,999
98,22,57,24812,25620,-2716,28956,1585,999
4,34,56,24812,25620,-5533,28658,1637,1024
-59,33,29,24812,24879,-7523,28259,1600,994
-33,30,1,24143,21567,-13233,27557,1440,960
-13,45,-18,24812,9873,-15544,26733,828,1007
21,50,2,24812,4032,-17855,25769,527,1042
110,65,40,24591,-12255,-20688,24673,-367,1051
-41,51,55,16921,-15662,-18920,23670,-673,715
18,23,57,10223,-11585,-10553,23111,-648,313
25,10,50,2813,-6006,-3491,22922,-410,-105
18,-12,38,-2397,2557,1461,23000,39,-479
7,-25,37,-6284,7179,6814,23361,333,-746
-15,-8,38,-9168,7933,14337,24121,500,-805
-36,19,45,-13731,8124,19848,25192,573,-929
-79,53,41,-20116,11050,22856,26404,769,-1193
87,80,31,-25213,9589,22913,27618,746,-1474
-3,86,11,-25213,-552,16594,28498,264,-1501
-70,83,-1,-25213,-9298,8574,28961,-172,-1542
-49,83,8,-25213,-17663,1242,29027,-592,-1514
-23,75,0,-25213,-24406,-5059,28758,-934,-1515
58,69,13,-25213,-24406,-2788,28611,-953,-1498
113,55,12,-25213,-24406,1827,28709,-984,-1515
-71,69,20,-25213,-24406,7662,29108,-1033,-1378
-39,98,8,-25213,-15220,16843,30001,-679,-1305
-80,46,-86,-25213,2392,11406,30605,286,-1489
-96,-29,-128,-9413,-8716,2390,30734,-299,-822
-19,-52,-99,-2563,-2875,-4194,30512,-98,-532
-34,-62,-90,7432,21,-3131,30346,77,-46
-45,-20,-59,16601,1242,-4581,30103,215,491
-55,33,-31,21456,8656,-10617,29530,656,931
-56,64,-14,20321,12628,-14886,28741,812,932
-63,53,-7,24812,18654,-13788,28010,1153,1130
-109,37,22,24812,25620,-10807,27437,1582,1044
64,31,45,24812,25620,-8111,26999,1631,1030
-45,-7,1,19177,25620,-3994,26787,1665,677
-106,-12,-38,21616,25620,-4508,26548,1645,799
-61,12,-56,24812,18252,-9726,26033,1254,978
23,20,-21,24812,7108,-12775,25343,706,1013
74,0,12,24812,-1591,-15302,24532,270,970
127,13,14,24812,-10349,-17255,23617,-194,994
-46,31,28,16176,-14679,-15134,22815,-550,651
-8,33,29,8024,-7191,-11262,22218,-314,305
20,23,29,2705,-2487,-5613,21915,-235,-18
37,7,36,7,605,2271,22036,-141,-261
31,4,47,-3030,4655,11382,22639,110,-430
14,14,40,-8768,8859,20105,23705,382,-664
-25,50,13,-12546,13768,24860,25047,825,-702
-94,96,-3,-17481,19009,24860,26365,1152,-1000
51,-110,-39,-23723,16509,24860,27682,1061,-1359
-64,-101,-43,-25213,9528,15897,28525,745,-1473
-68,-121,-5,-25213,-8320,10273,29080,-154,-1509
-72,-120,-5,-25213,-16087,2343,29204,-541,-1485
-18,-126,-7,-25213,-24406,24,29205,-976,-1474
49,112,0,-25213,-24406,1511,29285,-988,-1461
-116,107,18,-25213,-23691,4515,29529,-1033,-1430
-71,109,-12,-25213,-18078,10282,30074,-780,-1349
-34,104,-58,-25213,4518,12933,30759,301,-1348
-92,5,123,-20324,-4721,11193,31353,-94,-1318
-90,-26,-104,-3515,-26,-5303,31066,166,-517
8,-65,-104,-2088,-3491,-9014,30589,-186,-527
-34,-36,-73,13550,4557,-7360,30199,330,299
-43,34,-34,20666,7173,-8644,29740,539,885
-40,65,-15,18599,5460,-17329,28805,413,898
-17,33,-13,21588,19979,-19468,27773,1128,1030
-36,6,14,24812,25620,-9844,27251,1576,1004
-127,17,48,24812,25620,114,27257,1583,998
-24,32,-6,19790,25620,3795,27462,1668,759
-110,33,-62,22027,24555,2223,27580,1573,848
-76,62,-48,24812,15954,-7407,27187,1125,1012
-19,76,-13,24812,6011,-12615,26519,609,1032
15,49,-8,24812,4679,-18160,25538,563,1039
79,24,4,24812,-9608,-19503,24504,-153,1000
-89,47,3,18681,-15307,-20016,23443,-523,769
0,55,16,13765,-9084,-14282,22686,-456,701
38,36,31,7955,-6560,-6925,22312,-487,264
46,14,41,4018,-2647,1907,22413,-311,-34
30,9,49,-439,3112,9398,22902,36,-278
0,23,50,-6894,6822,14163,23653,357,-542
-43,51,61,-12378,5027,19831,24724,381,-795
-89,73,70,-21917,2383,24860,26041,294,-1276
97,125,54,-25213,10477,24860,27359,737,-1428
-23,-120,-5,-25213,8026,18951,28363,671,-1471
-28,88,-3,-25213,-12440,14319,29137,-346,-1530
