-6,100,5,-502,3653,-399,-256,2,19
-7,99,3,-67,4209,-380,-276,209,18
-9,99,4,488,3856,-274,-291,194,43
-9,100,6,782,3000,-197,-302,155,54
-9,101,10,989,2837,-139,-309,143,60
-11,102,11,720,2713,-293,-325,140,41
-11,102,11,531,2600,-652,-359,135,30
-10,101,12,318,3449,-1364,-433,180,20
-8,100,11,-50,3797,-1853,-531,189,6
-6,99,10,-51,4155,-1545,-613,204,9
-8,99,11,116,3965,-1138,-673,198,15
-9,104,14,-626,2577,-841,-719,132,-29
-2,105,11,-1204,2995,-1100,-777,135,-45
-3,101,11,-325,4812,-930,-826,230,-2
-7,96,28,-59,4046,-298,-842,201,-31
-14,99,67,-2297,1422,46,-840,78,-216
-3,119,94,-7242,448,909,-792,5,-481
5,-100,125,-12720,-1904,2400,-664,-126,-761
18,-56,-106,-15936,8561,1940,-562,395,-917
-11,-12,-96,-19365,18892,-3893,-772,965,-1096
-6,13,-122,-25240,7431,-9325,-1266,360,-1349
-1,-8,97,-25240,5683,-6656,-1619,267,-1328
-21,-36,18,-25240,4835,-7159,-1998,245,-1272
12,111,-118,-25240,8239,-7968,-2429,386,-1455
-20,7,57,-18933,3433,-4103,-2646,175,-1274
1,-26,74,786,-6739,-2584,-2783,-368,-312
16,-15,-117,15393,5065,-1171,-2845,202,434
-12,12,-53,19967,10164,665,-2809,554,766
-12,34,-5,23485,7589,1654,-2722,442,1150
-35,83,53,24786,12714,4965,-2458,702,1152
-58,123,86,24786,5285,7336,-2069,330,1142
-36,-107,98,22193,2177,7522,-1663,136,1050
-42,-101,99,20818,-1020,7617,-1267,-21,940
-33,-91,94,15691,1977,7051,-893,118,714
-52,-101,87,14940,-6362,5451,-605,-280,668
-57,-107,79,10297,-6062,855,-559,-255,432
-57,-107,73,8290,-6493,-5522,-857,-283,343
-91,-105,44,6367,-2050,-12855,-1539,-6,229
-117,-80,26,8114,-3119,-20659,-2634,-47,316
90,-42,2,9254,-6877,-25518,-3986,-221,360
90,-13,-25,7019,-6113,-25518,-5364,-203,266
119,-32,-36,10274,-3431,-25518,-6717,-72,434
-41,-77,-8,8206,-11618,-25518,-8069,-562,405
28,108,-4,4322,-13012,-25518,-9422,-743,201
79,51,4,2829,-7628,-23303,-10680,-646,-41
81,13,12,1964,1497,-9514,-11184,-255,-182
69,-4,24,375,6876,1167,-11122,44,-314
50,-5,30,-2603,7303,12349,-10468,114,-471
10,9,18,-4158,10775,21437,-9310,426,-438
-70,33,4,-3733,10806,24508,-8011,784,-406
-100,54,6,-981,7297,24508,-6712,594,-255
-123,80,18,-1580,1788,24508,-5413,292,-267
-104,90,22,2261,650,24508,-4090,204,-41
-93,122,32,4365,10895,23199,-2860,677,107
-89,-122,29,-40,5880,21799,-1705,408,-100
-32,-125,16,-1533,10339,19106,-692,558,-98
-26,-107,7,440,21228,20379,407,1117,22
-38,-96,9,-276,15738,21086,1525,832,-29
-43,-117,9,509,15271,15645,2354,823,-4
-43,-120,42,3688,14541,6548,2701,784,133
-26,-107,96,1612,11380,296,2717,601,-10
0,-75,-126,-9747,7537,-1433,2641,360,-597
30,-72,110,-20885,6339,-1229,2576,267,-1149
32,-61,96,-24119,9158,-34,2574,409,-1295
14,-64,83,-25240,10839,680,2611,523,-1362
-10,-70,80,-24633,11925,-1439,2535,596,-1306
-38,-75,50,-25240,12305,-9406,2036,649,-1320
-5,122,-24,-25240,2695,-13876,1301,124,-1289
40,-7,126,-25240,2990,-9489,788,62,-1639
19,-29,-108,-1314,-1927,3127,954,-159,-446
-11,-5,-57,10354,4653,5049,1222,258,187
-35,19,-26,12615,6281,1672,1310,485,416
-39,35,0,16933,7758,-2088,1197,571,726
-33,60,42,20857,6367,-3697,1001,398,934
-31,76,72,21386,2258,-1643,914,158,945
-20,105,88,22809,4436,-1373,842,237,1038
-27,-128,99,20598,2438,-106,836,142,953
-28,-126,83,16666,-1789,-177,826,-72,753
-3,-113,88,18092,2850,279,841,126,834
-36,-117,77,14210,-778,428,864,-10,637
-15,-116,67,10227,-4164,-555,834,-216,466
-27,-121,39,7213,-4219,-2097,723,-193,329
-48,-126,29,8868,-8474,-6868,359,-374,398
-43,-104,43,9534,-11202,-11906,-271,-530,438
-56,-95,52,6328,-4755,-15769,-1123,-195,267
-96,-80,52,3882,-5210,-19434,-2153,-177,111
123,-67,40,-1163,-8205,-24389,-3421,-293,-162
96,-61,19,-4254,-7585,-25518,-4774,-251,-333
101,-80,2,-6082,-8909,-25518,-6152,-319,-439
-67,-113,-7,-10008,-12643,-25518,-7504,-565,-568
14,89,-24,-9738,-8901,-25518,-8857,-512,-525
74,32,-32,-6660,-9348,-23851,-10121,-731,-569
95,-12,-20,-3552,-4483,-11299,-10731,-558,-531
87,-32,-4,504,3253,1054,-10675,-134,-374
50,-27,16,2615,8931,9560,-10168,201,-296
18,-10,22,950,10635,16177,-9311,368,-353
-16,16,15,320,11865,20712,-8192,735,-158
-54,37,10,4123,5979,24508,-6893,498,27
-67,70,22,11865,6110,24508,-5595,458,463
-108,120,58,11338,3544,24508,-4296,314,435
-101,-117,67,7712,-1205,24508,-2972,47,276
-94,-105,66,7459,4637,24110,-1694,332,271
-64,-114,47,2999,13866,17261,-779,775,76
-58,-123,22,1383,23043,15189,25,1242,11
-53,-127,13,-135,19354,15419,857,1070,-58
-41,125,9,-66,15867,15005,1653,858,-38
-35,124,10,1765,14838,13356,2360,795,64
-33,123,17,2521,15241,9654,2872,812,101
-21,117,27,2618,16555,5609,3175,876,110
-26,127,78,3710,13268,2171,3290,692,98
1,-88,-111,-3880,13207,1186,3353,647,-318
-4,-56,-104,-16265,17365,-4540,3112,865,-935
3,-32,-119,-25170,10684,-4809,2853,527,-1389
-17,-4,117,-25240,4569,-6506,2508,224,-1343
18,-31,67,-25240,3259,-6346,2172,125,-1312
-2,-86,9,-25240,10096,-6033,1852,493,-1255
0,93,-65,-25240,9367,-5573,1551,464,-1407
-10,18,-110,-17346,7386,-3702,1355,373,-1163
-13,-11,-111,-2699,3228,-1344,1283,169,-478
-12,-7,-88,8309,3030,-355,1265,163,83
-27,19,-50,17671,2822,-558,1234,232,670
-21,51,6,24728,1507,-3261,1061,143,1205
-10,80,69,24786,4116,-1352,990,208,1138
-18,99,107,24786,4804,246,1003,250,1112
-43,124,106,21867,2355,35,1005,158,1003
-28,-118,103,20483,3248,-932,955,180,931
-30,-115,103,18098,-1462,-2230,837,-58,812
-29,-116,81,12683,2218,-2601,699,131,560
-22,-127,78,13639,-5205,-4055,480,-258,619
-12,125,63,8481,-184,-3601,289,-11,362
-30,114,36,7440,-3751,-3512,103,-156,329
-18,114,37,8826,-5672,-4861,-154,-277,410
-24,111,32,7103,-2412,-4826,-414,-99,329
-51,115,23,7657,-3512,-6118,-738,-107,326
-85,-117,34,9251,-1969,-9591,-1237,1,369
108,-73,55,7264,-6880,-15609,-2064,-221,247
68,-23,42,-165,-6649,-25518,-3417,-207,-125
47,-1,-10,-5127,-9740,-25518,-4795,-370,-381
-88,-64,-49,-4626,-7836,-25518,-6147,-325,-305
-5,126,-56,2174,-9831,-25518,-7500,-514,55
72,73,-25,1328,-12996,-25518,-8852,-856,-77
115,17,-4,-2038,-10653,-18122,-9831,-899,-389
109,-13,8,-1875,-2462,-3570,-10020,-474,-442
87,-21,14,-832,5608,8668,-9561,-30,-416
42,1,19,-848,12690,17906,-8612,360,-356
-11,28,15,-1874,15388,23519,-7342,854,-192
-56,60,8,-900,16868,24508,-6043,1007,-178
-104,86,8,-1597,10903,24508,-4744,733,-242
107,112,12,-507,7383,24508,-3445,564,-197
125,118,32,1074,-6387,24508,-2121,-166,-97
-98,-128,42,2324,-9,23502,-876,121,0
-80,-122,42,2510,6997,20577,214,452,32
-60,-127,27,903,11177,16822,1105,643,-21
-38,122,11,328,19468,13807,1851,1055,-14
-46,127,5,-1213,17034,13648,2574,924,-101
-33,121,3,-1062,8916,14635,3350,492,-75
-26,120,9,2754,12376,11991,3986,656,128
-1,119,24,6984,23678,6101,4315,1208,357
-30,114,18,4980,28932,-1387,4241,1508,225
-59,-114,71,2964,20599,-3222,4071,1107,58
-38,-79,124,-8913,4061,-213,4059,224,-557
-29,-55,120,-17233,8800,-3892,3849,462,-978
-49,-28,113,-19971,11235,-9552,3343,592,-1088
-35,-8,100,-25240,12267,-17731,2403,631,-1335
-9,-15,55,-25240,17872,-25518,1051,895,-1295
1,-81,-14,-25240,11446,-25518,-326,568,-1286
90,45,-74,-23246,5148,-21958,-1490,55,-1416
64,-12,-76,-9170,4264,-6662,-1843,35,-813
28,-16,-65,-1572,-5155,3054,-1681,-376,-452
10,-12,-43,4750,-424,3459,-1495,-98,-132
-14,-1,-22,8896,3264,3248,-1322,271,120
-25,14,0,13931,3561,3731,-1125,400,507
-38,41,29,17441,3514,6379,-787,305,730
-46,67,58,19564,-939,7971,-356,38,862
-49,97,83,19846,-2717,8923,116,-76,871
-38,118,91,18070,-1464,8294,556,-40,800
-39,-127,90,16685,209,6849,919,44,740
-44,-120,80,14803,2956,5948,1240,192,672
-48,-121,74,12128,-3083,3811,1442,-110,525
-37,-125,55,8610,-7420,1162,1503,-341,371
-32,126,38,7936,-10517,-1958,1400,-503,358
-32,-126,29,8206,-14152,-4169,1174,-702,392
-46,-121,29,7753,-17260,-7755,763,-827,347
-45,-103,35,6779,-10478,-13141,67,-490,303
-90,-73,35,8054,-922,-19300,-936,34,331
82,-13,22,10183,1784,-25518,-2314,212,425
74,25,2,3593,-6617,-25518,-3666,-227,92
-85,-41,-3,2057,-7427,-25518,-5019,-314,59
-2,-108,-6,249,-10123,-25518,-6371,-533,42
47,83,-11,-1465,-9995,-25518,-7749,-658,-155
79,22,-15,-3263,-5853,-18540,-8732,-604,-423
55,-18,-7,-86,5622,-9239,-9221,-18,-394
48,-31,17,1191,3714,-668,-9257,-45,-384
59,-29,32,1237,5066,10189,-8707,26,-349
37,0,33,73,12984,20112,-7641,443,-313
-22,48,21,-4777,11735,24508,-6342,665,-332
-68,71,7,-5282,8509,24508,-5043,585,-404
-113,98,7,-3694,3959,24508,-3719,378,-347
127,123,20,-2106,829,24508,-2420,203,-253
-109,-122,38,-770,1129,24508,-1121,186,-160
-102,-105,44,-1154,-863,24508,177,65,-163
-46,-116,32,-1782,6355,21936,1361,378,-138
-39,-113,12,-321,21794,18786,2357,1147,-39
-50,-110,9,-1526,13259,18686,3347,727,-113
-34,-122,8,-228,10061,16615,4228,547,-30
-33,-127,16,2416,15152,9860,4760,820,102
-27,116,37,2368,14447,2806,4909,763,74
-9,119,63,-915,11260,-58,4906,566,-119
8,-126,88,-5259,9381,1004,4959,442,-363
6,-111,109,-11187,9705,157,4968,471,-686
14,-104,118,-16078,13093,-2535,4833,625,-929
9,-99,118,-19210,13116,-2158,4719,633,-1084
23,-95,123,-21562,12495,-2084,4608,586,-1207
12,-104,100,-24066,17822,-2970,4448,885,-1340
-13,-122,48,-25240,17316,-4485,4210,880,-1325
-18,103,-22,-25240,15652,-11159,3619,812,-1304
-6,26,-77,-21202,7422,-11187,3026,373,-1322
17,-20,-86,-5122,406,-5772,2714,-45,-635
6,-16,-47,6719,1695,-780,2673,35,-54
-16,0,-21,10973,3384,914,2721,299,233
-27,15,0,15057,2294,-224,2709,335,566
-33,45,32,19712,3863,-56,2706,301,878
-42,74,70,21733,-2781,1712,2797,-74,956
-38,91,96,21395,-1856,-338,2779,-52,935
-42,113,93,18341,4542,-1246,2713,272,806
-35,121,93,18965,1286,-2106,2599,95,866
-54,121,72,15669,2501,-2116,2487,189,691
-28,-126,88,17830,-8495,-3084,2324,-414,806
-31,127,68,12276,-3399,-2129,2211,-146,543
-14,126,65,12286,-5719,-2496,2076,-296,566
-12,118,42,7597,1150,-1245,2010,59,345
-48,108,22,9309,-5437,-164,2001,-203,409
-39,122,25,9780,-16748,-2773,1854,-804,454
-40,-123,35,7476,-14402,-6425,1507,-704,341
-77,-98,43,6660,-6828,-12889,824,-269,263
-124,-64,45,3859,-4819,-21782,-329,-139,99
116,-55,35,-196,-4912,-25518,-1656,-129,-111
96,-71,11,-2426,-4467,-25518,-3009,-86,-246
-119,-99,-5,-3351,-7922,-25518,-4387,-284,-282
-40,115,-13,-3000,-6960,-25518,-5739,-301,-191
25,67,-26,-2794,-8664,-25518,-7092,-540,-214
86,19,-15,-672,-5654,-19501,-8125,-605,-302
94,-11,9,858,-3838,-5598,-8428,-545,-302
88,-18,28,670,-1098,5917,-8114,-353,-330
61,-9,31,-827,9155,15041,-7317,195,-391
-2,13,19,-3744,16593,20780,-6215,848,-372
-78,51,0,-4126,21195,24493,-4893,1303,-400
-126,57,-5,-5035,2825,23998,-3621,381,-476
-116,60,2,-206,-2148,24060,-2346,117,-219
-98,85,25,7647,-3439,24478,-1048,-7,230
-83,117,44,8957,422,24163,255,134,349
-75,-121,47,6860,14548,22818,1465,827,257
-87,-100,40,3453,15919,21383,2598,901,89
-70,-109,24,-1935,7226,18977,3604,445,-164
-42,-127,13,42,11277,15858,4460,633,-32
-35,-127,15,2144,18331,11628,5077,971,83
-37,122,12,-430,18232,6883,5441,972,-52
-35,118,12,-2999,13264,3429,5623,718,-182
-27,110,35,-4498,7885,1047,5680,438,-279
-17,114,90,-4984,8361,-1993,5574,430,-367
10,-115,-111,-11119,7897,-1381,5501,367,-707
6,-91,-115,-17393,12850,-1472,5423,624,-1006
5,-77,-117,-22984,11806,-3173,5251,583,-1301
8,-85,117,-25240,10691,-3051,5090,511,-1380
1,-106,97,-25240,11622,-1911,4988,566,-1374
-10,-127,76,-25240,9484,-319,4972,475,-1366
-20,101,37,-24732,8729,394,4993,472,-1332
-30,68,-20,-25240,3158,1611,5078,229,-1356
-26,15,-79,-19299,2648,-208,5067,184,-1259
-23,-11,-83,-4227,3035,-1917,4966,195,-564
-20,-3,-53,5489,3928,-1704,4873,264,-48
-24,-1,-32,11861,1980,-1253,4807,228,274
-21,25,-1,19225,4319,-300,4791,360,856
-30,51,21,22245,11235,-276,4776,664,1028
-52,87,28,24786,12012,963,4828,720,1187
-75,-123,56,24786,935,2560,4964,135,1161
-56,-81,91,24786,-13003,4432,5199,-621,1176
-25,-85,104,22496,-12715,818,5242,-640,1057
-21,-86,97,17131,-4315,-3835,5035,-221,808
-10,-108,88,14119,-5834,-5014,4770,-305,635
-12,-119,61,8873,-1267,-5604,4473,-67,393
-20,119,33,9106,-3606,-4939,4211,-168,431
-35,119,13,9537,-3705,-5553,3911,-149,465
-60,-125,13,14005,-1678,-5331,3634,-7,638
-109,-105,28,10803,-5906,-9970,3105,-181,443
-123,-92,29,5048,-11909,-16935,2208,-482,147
-127,-78,28,1947,-8547,-23732,926,-324,-2
111,-79,11,-2117,-10193,-25518,-425,-384,-224
-121,-101,1,-4652,-9222,-25518,-1778,-339,-347
-83,123,-16,-6906,-7948,-25518,-3130,-291,-448
-17,78,-23,-7269,-7468,-25518,-4508,-360,-417
36,25,-7,-3643,-3395,-25007,-5834,-411,-366
60,-15,6,-2523,-6996,-11606,-6449,-675,-505
74,-40,9,-2381,-4701,-1956,-6553,-505,-553
67,-44,7,324,3006,8476,-6095,-92,-433
22,-26,12,3383,8913,16525,-5219,282,-331
-33,-1,21,4222,6700,20667,-4124,544,-110
-62,31,28,5090,6497,22526,-2930,530,39
-58,55,34,4691,5297,24195,-1623,419,81
-101,90,38,6022,1814,24508,-324,253,145
-70,107,47,6834,-280,24508,974,85,236
-67,-127,54,9198,2169,24508,2273,190,373
-34,-104,54,7856,3563,24508,3596,209,356
-9,-86,30,5009,15485,24501,4895,777,253
-19,-76,6,3534,25210,24028,6168,1284,195
-43,-97,-12,2331,26655,20308,7245,1394,95
-58,-120,-3,5951,17269,13902,7995,965,256
-33,-128,10,6297,14551,6671,8349,775,300
-21,122,17,3540,16854,325,8366,874,170
-18,120,37,5840,19825,-2786,8218,1019,261
-22,-111,98,3864,15598,-4349,7984,814,102
-11,-82,125,-9369,13306,-7816,7569,666,-579
-16,-64,106,-22050,6180,-9600,7060,308,-1197
-9,-67,97,-24908,3755,-8219,6625,178,-1335
-16,-63,111,-25240,9829,-9609,6106,503,-1388
-12,-83,88,-25240,8821,-9774,5588,440,-1352
-15,-122,56,-25240,7886,-8399,5143,402,-1337
-10,80,12,-25240,6149,-7469,4747,319,-1288
8,27,-43,-21555,4474,-5497,4450,169,-1307
0,-5,-84,-11029,2534,219,4462,107,-895
-16,-19,-86,17,-403,2412,4589,0,-368
-11,-12,-56,7219,2735,1085,4647,160,0
-16,-4,-30,12826,5580,1087,4706,377,317
-21,21,0,18643,5381,3031,4866,434,806
-31,56,31,21804,6150,4373,5098,394,997
-39,93,65,24626,4615,7294,5485,288,1137
-47,123,85,23710,1918,7264,5877,147,1116
-36,-104,101,21551,1291,7172,6257,87,996
-40,-108,110,19457,-1973,6955,6626,-73,878
-34,-99,96,14434,1095,6285,6959,75,642
-48,-110,82,12299,-8393,2692,7104,-392,545
-30,-126,60,8015,-5893,-2575,6968,-274,339
-6,122,57,8764,-3463,-5842,6658,-188,386
-30,119,34,7235,-680,-4784,6405,-1,324
-65,126,13,8233,-14272,-7538,5998,-653,356
-77,-105,15,8394,-11144,-10605,5435,-481,357
111,-72,24,8736,-17543,-14938,4644,-762,330
110,-33,27,44,-14894,-25518,3291,-648,-91
111,-7,8,-4392,-10486,-25518,1939,-435,-303
-92,-40,-2,-4799,-1881,-25518,561,-28,-299
-32,-111,-17,587,-62,-25518,-791,23,14
23,93,-7,4348,-9155,-25518,-2143,-545,202
60,35,7,509,-4490,-23257,-3376,-487,-171
73,-8,11,126,636,-11887,-4018,-307,-337
71,-27,22,2779,2609,1287,-3951,-147,-259
55,-26,31,2266,6801,11073,-3364,108,-293
37,-8,28,446,10416,18596,-2378,302,-336
-32,34,14,173,14640,24508,-1055,900,-132
-102,58,19,1570,-2133,24508,243,105,-122
-58,74,28,5207,10074,24508,1542,634,142
-103,106,35,3497,12187,24508,2841,767,36
-82,121,38,2286,5016,23448,4107,368,12
-70,-115,42,4139,9818,24508,5406,579,130
-58,-97,39,2553,12897,23706,6663,711,75
-52,-93,23,-1726,19275,19090,7674,1028,-124
-46,-104,7,-6158,14925,16544,8568,818,-346
-40,-122,-4,-5183,13097,14531,9338,710,-289
-34,123,-2,-416,14177,10069,9872,761,-42
-31,117,5,1221,15023,5590,10168,801,42
-26,107,13,1724,14536,2302,10292,786,68
-25,104,22,1522,14962,-639,10258,792,45
-25,109,52,1032,10347,-2181,10143,551,-18
-9,-124,105,-3975,4956,-131,10136,242,-314
-8,-110,124,-11820,5698,-800,10093,283,-733
-9,-86,-117,-15335,11672,-5343,9809,581,-897
-20,-66,-108,-22838,10192,-9570,9302,514,-1273
0,-79,-124,-25240,8161,-9629,8792,391,-1389
2,-104,99,-25240,7276,-6306,8451,351,-1400
0,121,56,-25240,9174,-3384,8272,443,-1341
-13,88,-4,-25240,10548,-1603,8187,548,-1279
-15,41,-55,-19841,8612,-1933,8084,465,-1185
-10,0,-78,-11955,10663,-2961,7924,560,-936
-7,-14,-75,-2665,9904,-2729,7780,502,-497
-10,-13,-61,6185,5276,596,7811,283,-51
-23,0,-34,15216,2728,1788,7906,254,456
-30,28,9,21750,2574,3383,8089,290,977
-41,58,52,23812,2674,5267,8368,225,1057
-57,85,77,21910,1524,5538,8662,160,963
-58,105,89,19510,-1262,4780,8915,4,852
-60,115,88,18576,-846,4261,9145,23,832
-39,-126,97,18307,-3553,3464,9329,-148,816
-43,-127,97,16191,-7048,1635,9415,-321,706
-11,-126,79,12725,358,1060,9472,12,561
-55,121,60,13314,-5475,886,9520,-217,595
-23,-126,64,11465,-9613,-2511,9386,-475,513
-40,122,58,7575,-6598,-6993,9016,-292,305
-42,124,50,5322,51,-11021,8432,50,200
-96,127,35,6495,1013,-12087,7779,173,222
97,-105,28,8746,1370,-18099,6820,230,298
56,-57,23,7690,-5442,-25518,5493,-114,243
75,-45,8,5428,-2411,-25518,4140,17,154
114,-59,-13,3205,-9365,-25518,2762,-364,63
-41,-112,-6,2140,-1006,-25518,1410,-9,85
11,87,0,2634,-639,-25518,57,-84,146
79,32,6,5344,-9120,-25518,-1294,-756,41
-119,-2,21,3911,-2686,-8694,-1764,-485,-120
95,-5,21,256,4276,6386,-1425,-112,-319
42,1,10,-2200,8140,15903,-582,89,-422
-30,9,3,-1463,12180,22637,616,882,-323
-79,25,13,-1020,5069,24383,1933,522,-302
-79,41,18,1125,4690,24508,3232,457,-154
-115,63,35,2408,566,24508,4531,236,-85
-98,86,48,2937,-6086,24508,5830,-154,-15
-69,115,53,5360,-1309,24508,7153,23,171
-45,-120,39,3083,13102,24234,8438,714,102
-41,-97,25,469,16418,24508,9737,870,-2
-46,-76,23,-671,10281,24508,11036,558,-57
-61,-88,13,-711,13203,24367,12352,741,-77
-94,-121,17,2668,12487,14105,13099,751,35
-61,123,35,2074,12085,1309,13169,695,26
-34,113,42,-1364,12539,-2742,13023,678,-131
-26,107,51,-2161,12613,-3428,12838,681,-185
-24,115,80,-4851,10027,-3940,12629,527,-350
-8,123,107,-8901,7271,-4309,12401,358,-575
9,-125,120,-13642,8771,-3219,12230,411,-823
8,-107,-120,-15989,8797,-1211,12165,423,-957
-3,-99,-113,-23711,11154,-2355,12040,548,-1334
3,-114,120,-25240,8183,-1132,11980,389,-1404
2,126,98,-25240,7799,1880,12080,370,-1395
-11,105,49,-25240,12823,3931,12292,664,-1370
-41,76,0,-22394,12184,2563,12428,712,-1213
-59,44,-40,-16706,10322,-982,12376,681,-1042
-64,14,-62,-8750,5758,-6168,12049,451,-726
-33,1,-57,-79,5151,-8851,11571,364,-318
-18,-8,-41,6943,5226,-7625,11167,334,-8
-13,-2,-16,15322,2428,-3718,10970,255,430
-13,16,26,22457,3975,-200,10959,276,940
-24,45,66,22732,-271,3699,11159,30,990
-12,74,85,21731,36,4754,11411,4,949
-1,97,103,22796,-64,6376,11749,-23,1013
-14,-126,77,17315,5162,10040,12281,261,797
-62,-116,70,20870,-9291,9250,12780,-418,988
-22,-97,97,19246,-10209,1893,12881,-514,892
-33,-115,87,10878,-477,-4800,12626,-1,460
-22,-122,80,9105,-2607,-7792,12213,-122,376
-20,126,80,7845,-5174,-7064,11832,-260,314
-21,120,57,3973,-2988,-7632,11427,-138,135
-82,-122,33,6667,-4606,-9072,10946,-133,246
-120,-95,29,5948,-5761,-18185,9983,-171,194
116,-86,14,4937,-4196,-25244,8670,-74,128
93,-75,-4,5961,-1076,-25518,7292,89,182
121,-82,-22,6363,-2749,-25518,5939,-12,211
-92,-108,-13,8260,-5998,-25518,4587,-200,332
-17,113,5,4354,-8361,-25518,3234,-413,226
33,56,10,1891,-3806,-25518,1856,-341,11
54,10,21,2415,-480,-18065,899,-314,-156
57,-17,33,2922,2491,-6197,570,-121,-229
40,-23,47,1121,4234,3789,771,43,-346
22,-20,45,-1048,2469,13312,1490,7,-460
-2,-1,36,-1013,5741,19854,2542,282,-378
-45,27,28,-1183,5283,24280,3829,442,-269
-76,58,27,434,4508,24508,5128,405,-154
-80,79,26,2697,6042,24508,6452,465,-5
-125,114,36,4416,10751,24508,7751,709,70
-107,118,48,2269,-3822,24395,9044,-56,-23
-89,125,48,2257,-3379,23302,10279,-60,0
-63,121,45,3378,-8714,21584,11444,-370,85
-19,117,39,4896,3838,14918,12235,208,207
-19,127,40,6594,12703,13570,12954,656,299
-19,-123,39,4933,12437,13905,13691,642,218
-21,125,32,3579,17513,10054,14234,922,157
-33,121,40,3185,18038,5799,14541,953,108
-22,125,75,631,17555,-435,14518,905,-55
9,-107,-125,-6904,10089,-3104,14354,480,-476
46,-97,-112,-16700,7620,-2072,14242,323,-999
71,-99,119,-22395,9967,2548,14377,405,-1264
46,-99,107,-22162,9236,8954,14852,392,-1232
23,-80,120,-21142,10503,13373,15560,486,-1174
-18,-82,91,-25240,15275,9537,16075,790,-1379
-36,-127,29,-25240,9346,1739,16168,514,-1323
-15,56,-30,-25240,7238,-291,16152,400,-1369
-19,-7,-75,-16251,9280,-2487,16020,506,-1167
-20,-19,-63,-2196,4665,519,16048,287,-498
-26,-9,-28,5954,2649,1349,16120,280,-71
-28,-4,-2,9220,3453,-520,16092,468,111
-26,9,23,14525,2179,-1577,16009,272,481
-17,34,60,16720,1463,-2756,15860,109,663
-16,49,75,17411,1743,-2994,15704,105,681
-10,65,82,19538,970,-3106,15539,49,828
-11,101,96,20347,4480,-1696,15450,223,902
-7,108,106,18757,-3526,-2007,15341,-194,835
0,117,108,16823,1474,-1901,15240,52,726
19,122,120,15059,-1035,-1551,15158,-101,628
2,113,95,11299,6143,-49,15155,285,455
-11,115,81,10750,-1491,241,15168,-81,456
-10,114,79,8658,-6186,-74,15165,-320,341
-3,115,73,5130,47,-3080,15001,-14,172
-46,115,51,3468,-2009,-4592,14758,-44,94
-63,-119,46,3685,-1618,-10063,14214,-12,113
-107,-89,41,446,-2670,-19808,13165,-30,-74
-111,-67,31,-695,-5300,-25518,11812,-171,-120
123,-35,21,507,592,-25518,10460,131,-58
-127,-30,4,-1002,-1345,-25518,9082,25,-128
-72,-71,5,1027,-2019,-25518,7729,-40,8
-3,126,16,80,-741,-25518,6377,-54,15
33,65,24,-1226,-3583,-25518,5024,-307,-149
64,8,32,-3368,-6790,-21835,3845,-625,-468
66,-33,35,-3619,-1783,-9241,3355,-327,-597
44,-52,31,-2248,2986,588,3386,-14,-609
28,-52,29,-144,3506,8593,3842,55,-533
3,-36,36,2068,2959,15235,4665,115,-390
-22,-9,37,2937,2561,19757,5712,226,-220
-35,14,33,4465,8341,22026,6879,578,-24
-76,42,37,3615,1292,24508,8178,256,-28
-61,66,34,4711,6723,24508,9502,483,98
-94,93,42,4802,-768,24508,10801,108,93
-63,116,48,5517,2897,23881,12066,232,183
-69,-121,47,5566,11290,23620,13318,654,197
-64,-108,52,2574,6941,21149,14460,425,58
-45,-108,37,-503,12369,19899,15515,672,-70
-55,-118,22,-229,15448,17174,16425,850,-64
-55,-126,30,1196,12978,12940,17111,727,-1
-51,122,49,246,10029,9753,17638,582,-67
-43,121,64,-1885,13094,4771,17891,713,-185
-49,124,78,-5387,13058,992,17943,715,-379
-42,-128,97,-8931,8602,-2315,17821,474,-572
-32,-110,-123,-12616,6688,-4428,17586,355,-773
-26,-92,-97,-18366,6020,-6540,17239,310,-1071
-13,-74,-101,-23252,4531,-6492,16895,220,-1304
-1,-80,126,-25240,4632,-6487,16551,214,-1385
5,123,78,-25240,2086,-3869,16342,77,-1397
-4,73,24,-25240,2217,1025,16397,101,-1317
-24,43,-26,-21677,3936,3474,16581,282,-1220
-39,15,-56,-14296,7713,1277,16648,504,-995
-43,-9,-73,-6257,7438,-1908,16545,483,-667
-30,-16,-66,2460,3644,-3012,16386,259,-243
-20,-11,-35,11580,6029,-3802,16184,399,206
-24,1,7,18318,7934,-3326,16008,668,628
-20,20,42,20369,8075,-1484,15929,480,813
-31,36,62,23352,8974,650,15964,535,1001
-49,76,63,21676,12201,3347,16142,703,958
-71,97,74,24112,2131,3612,16333,206,1081
-64,117,68,21243,7940,1559,16416,483,966
-74,-113,75,21905,5749,2215,16535,373,1031
-80,-108,82,18681,-4506,1880,16635,-151,840
-50,-108,95,14551,-4427,-87,16631,-184,637
-55,-121,74,9823,-3757,-2560,16495,-135,403
-47,119,61,8262,-5383,-4421,16256,-223,337
-54,117,60,7097,-3760,-5368,15971,-124,263
-76,121,59,4704,-1256,-8455,15523,30,127
-110,125,49,3714,-149,-12160,14879,126,54
117,-114,43,2130,-3637,-17745,13921,-39,-30
104,-108,33,570,-3642,-23635,12668,-27,-115
101,-110,19,1112,-2608,-25518,11315,30,-89
118,121,-2,400,-4483,-25518,9963,-55,-133
-76,91,-15,1014,-5857,-25518,8585,-167,-68
4,67,-8,-1149,-12011,-25518,7232,-648,-49
80,19,-7,-1852,-12834,-19289,6210,-977,-358
101,-12,9,931,-4654,-6039,5890,-585,-298
83,-20,32,1667,5342,5125,6167,-8,-283
33,-4,45,805,8393,14772,6935,250,-295
-2,13,40,139,8551,21278,8063,422,-237
-49,41,41,898,8938,24508,9362,592,-142
-85,58,57,-388,-2060,24508,10685,54,-220
-60,73,60,1491,9619,24164,11966,596,-79
119,102,59,1691,5319,24508,13265,444,-95
-94,102,72,-1016,-6445,21029,14379,-203,-206
-66,98,61,751,1948,20397,15481,197,-90
-46,101,47,3105,2145,19520,16515,177,65
-12,110,40,5894,7125,18444,17493,363,257
-14,-126,42,6912,6380,18416,18469,326,316
-1,-112,61,8946,3171,18741,19481,144,412
-23,-112,79,8264,9627,15501,20303,499,342
-41,-126,89,2483,7816,7384,20694,434,18
-24,121,104,-3023,8058,-387,20674,421,-278
-5,121,122,-7174,10083,-3649,20476,506,-511
3,-124,-117,-11475,9826,-5818,20168,472,-729
4,-111,-103,-16892,9835,-7679,19761,472,-1004
30,-113,-102,-22139,11833,-7683,19354,546,-1275
21,-117,-119,-24552,6809,-4053,19135,305,-1411
11,121,108,-25048,7597,-1625,19049,348,-1400
-2,106,58,-25240,4838,643,19083,227,-1358
-15,74,-2,-24258,6742,563,19113,366,-1240
-14,8,-67,-18955,8628,-3251,18937,471,-1273
-8,-19,-76,-5411,3983,-1996,18831,205,-650
-10,-13,-52,4751,2263,334,18849,137,-133
-22,-5,-24,10676,1892,-348,18831,240,188
-17,4,9,17073,1693,-1739,18737,302,621
-12,25,48,24786,5183,-595,18705,294,1049
-17,73,97,24246,-3029,2635,18845,-144,1061
4,93,115,19678,822,2309,18967,12,838
-7,97,111,16867,8433,1101,19027,425,720
-29,101,90,13808,9091,2373,19152,488,570
-14,106,84,12829,5309,1645,19240,271,538
-34,108,72,12563,5487,2064,19349,315,534
-20,120,72,11258,1595,1621,19437,92,497
-32,115,53,8193,729,64,19440,71,344
-25,118,49,8011,-4361,-1332,19369,-199,348
-33,112,54,8384,-7722,-1844,19272,-355,348
-15,124,70,7014,-3140,-5349,18988,-157,276
-56,-127,56,4358,-1039,-6814,18627,12,136
-75,-111,50,5924,1917,-11895,17996,179,214
124,-86,34,6540,8555,-21971,16832,561,218
88,-55,13,5576,-3830,-25518,15454,-62,170
104,-40,0,2396,-9352,-25518,14101,-357,22
-112,-52,-13,-2032,-10642,-25518,12749,-449,-178
-35,-112,-9,-2037,-3631,-25518,11397,-151,-120
14,83,-6,-2460,-733,-25518,10019,-99,-129
45,26,-5,60,-3299,-25518,8666,-426,-193
61,-14,4,3423,-4086,-13310,7961,-535,-196
55,-30,25,6209,532,-4098,7743,-213,-108
46,-27,48,4049,1241,4879,8007,-117,-196
38,-19,53,445,2857,13046,8698,-14,-361
27,8,46,-1053,8080,20135,9765,269,-337
-45,51,39,-947,9583,24508,11064,605,-204
-74,67,37,-2457,-1580,24508,12388,71,-291
-105,96,41,1332,6854,24508,13687,507,-89
-104,109,59,1924,-1132,22557,14882,79,-51
-94,119,64,1746,-210,23149,16109,106,-45
-72,123,63,4170,3887,20973,17242,288,105
-65,127,53,4064,12061,18739,18235,691,113
-47,123,33,2373,17743,16406,19105,960,62
-37,123,15,1421,21780,14877,19893,1152,40
-36,121,4,281,22264,13837,20640,1198,-11
-41,120,-1,-128,18717,12449,21300,1006,-42
-52,115,2,831,14051,9937,21827,790,-14
-65,116,29,1324,3946,7117,22204,292,-18
-58,120,71,-1303,-2782,2184,22322,-76,-176
-47,121,97,-3810,6041,-5045,22055,351,-319
-45,-121,-123,-7240,4878,-8702,21593,279,-512
-47,-88,-68,-12802,2991,-10584,21032,171,-806
-18,-53,-66,-23603,5951,-12269,20394,289,-1310
-13,-45,124,-25240,6887,-11782,19758,347,-1389
-23,-75,57,-25240,7065,-11564,19145,364,-1319
-14,-128,17,-25240,4766,-10600,18583,244,-1283
-15,78,-15,-25043,6458,-9035,18104,348,-1294
-2,25,-46,-17902,5058,-8263,17658,252,-1130
12,-8,-68,-7702,5184,-5261,17379,201,-737
15,-18,-60,2851,2416,-893,17332,45,-239
0,-10,-39,10979,2266,3351,17510,89,182
-14,9,-8,19510,294,5878,17827,182,816
-29,46,34,24786,2124,6786,18187,193,1124
-48,78,75,24786,-120,6010,18505,66,1107
-50,96,100,21451,1955,4654,18752,156,935
-36,112,110,19128,3041,3429,18937,187,848
-47,110,104,16734,2577,3036,19098,177,708
-26,121,98,14422,5239,2914,19253,281,615
-30,118,77,12973,3026,3557,19441,179,560
-17,122,63,10673,5925,3408,19625,313,480
-32,115,46,9813,5206,3095,19789,300,436
-33,121,51,10638,-1615,2495,19922,-48,474
-47,126,53,7744,-7051,405,19943,-305,316
-71,-127,43,5076,-10674,-6797,19576,-465,172
-76,-117,46,2942,-4248,-13545,18858,-128,60
-106,-105,46,3051,-312,-17261,17943,97,46
97,-71,30,562,-6311,-22779,16736,-182,-95
88,-46,1,-2006,-7193,-25518,15358,-240,-217
107,-58,-26,109,-6105,-25518,14005,-186,-102
-75,-93,-28,878,-10715,-25518,12653,-469,-19
5,104,-15,991,-7626,-25518,11300,-422,56
49,52,5,567,-3650,-25518,9922,-384,-103
62,15,22,-3354,-7311,-18354,8950,-660,-437
85,-23,24,-5310,-4763,-6792,8590,-539,-647
71,-37,28,-3411,7374,3164,8757,126,-595
47,-26,32,-2200,9855,13531,9488,294,-533
12,-4,25,-2228,12289,21842,10646,496,-468
-41,26,19,-861,11145,24508,11945,749,-242
-91,56,20,-736,6006,24508,13244,509,-231
-113,76,22,794,2508,24508,14567,326,-143
-126,98,33,2866,-2251,24508,15866,65,-25
-108,104,45,3797,-2096,22219,17044,44,40
-94,116,46,4273,4314,19886,18098,345,89
-74,115,42,3308,1419,17707,19054,174,66
-38,111,34,4005,9811,15829,19893,549,144
-49,126,34,3718,12557,16535,20753,685,125
-42,-128,24,502,3264,16674,21636,215,-17
-29,124,24,3899,6890,13927,22388,386,174
-34,-128,48,6252,15765,6891,22754,835,259
-36,-112,108,-1111,14503,-960,22703,761,-168
-12,-114,-126,-11648,10022,-3631,22510,502,-721
-7,-104,-113,-14501,10576,-2182,22392,533,-883
-17,-76,-103,-20125,5338,-1343,22321,265,-1144
0,-62,-122,-25240,3232,-3121,22156,141,-1382
24,-84,104,-25240,8682,-2548,22021,390,-1370
7,-113,70,-25240,11507,-117,22014,563,-1372
-19,103,43,-25240,11122,-61,22011,582,-1341
-36,76,1,-24418,6063,356,22030,387,-1302
-36,34,-45,-19142,8257,-3653,21836,528,-1172
-17,-9,-80,-8849,5044,-5031,21565,287,-803
0,-18,-69,3570,1883,-1776,21471,74,-196
-6,-7,-38,11520,4800,352,21489,259,226
-20,13,-9,16399,4163,1663,21577,391,640
-25,36,19,19344,6260,1868,21678,429,876
-43,63,53,22673,2469,2502,21811,212,1005
-43,95,88,23880,523,1992,21917,78,1072
-32,116,117,23714,2110,1425,21992,129,1063
0,123,-127,21861,8196,2112,22106,402,989
-41,126,92,18058,16888,5983,22423,896,805
-47,-116,79,17359,10610,7679,22830,582,790
-64,-122,62,13731,2614,7889,23248,204,605
-68,-115,62,11616,-10050,5157,23527,-448,510
-60,-120,51,6044,-20398,-1590,23443,-969,227
-39,-123,43,5065,-10846,-8479,22993,-511,203
-90,-104,56,8564,-655,-15103,22193,60,336
116,-77,50,4195,-4800,-22055,21002,-123,99
105,-50,39,-206,-10040,-25518,19649,-390,-117
101,-31,20,-5385,-6946,-25518,18297,-238,-372
-102,-68,-10,-5922,-4348,-25518,16944,-129,-375
-50,-128,-15,-635,2868,-25518,15566,210,-80
13,85,-12,-179,-6642,-25518,14214,-396,-16
67,29,0,-865,-4877,-25518,12861,-536,-268
78,-11,10,896,845,-13970,12121,-294,-307
71,-28,25,1981,1116,-1906,12018,-211,-300
67,-34,32,1061,2068,8835,12486,-137,-363
58,-20,29,971,8437,17961,13438,171,-339
13,20,18,-231,17208,24508,14713,730,-165
-74,60,6,-710,15485,24508,16036,984,-201
-124,75,8,-1168,3518,24508,17335,390,-253
-127,87,20,2509,358,24508,18634,214,-54
-119,106,41,4749,2275,23965,19904,277,83
-102,117,41,2973,5055,22278,21107,396,22
-83,122,38,478,3005,21059,22224,262,-81
-60,120,30,-233,9661,16496,23098,572,-87
-53,126,30,973,10132,15978,23945,582,-13
-45,-127,30,863,11537,14892,24749,651,-5
-45,-127,25,-135,15015,12565,25415,817,-53
-56,125,35,-2161,15271,7144,25794,848,-180
-60,120,63,-4364,10031,2867,25945,583,-325
-53,127,123,-6864,2583,-341,25927,176,-495
-22,-107,-74,-13813,1542,-2181,25810,79,-878
1,-77,-63,-21419,4447,-1635,25723,202,-1236
19,-57,-102,-25240,10606,-219,25711,499,-1395
4,-57,108,-25240,13251,498,25738,647,-1357
-11,-85,56,-25240,14170,-966,25685,726,-1342
-23,125,6,-25240,13112,-4040,25471,686,-1286
-21,76,-22,-20327,12042,-5212,25195,651,-1082
-14,33,-39,-14591,9853,-7937,24774,540,-909
9,-15,-56,-9026,5937,-7977,24344,249,-845
26,-30,-57,-110,4604,-2404,24216,124,-426
6,-24,-47,8526,6320,2487,24348,272,6
-16,1,-22,16376,3613,4764,24600,304,522
-27,32,12,21092,2026,5490,24897,235,962
-43,66,56,24331,-1400,6714,25253,11,1091
-38,94,93,22703,-2513,6193,25581,-85,1007
-38,111,98,18689,2603,5642,25880,167,817
-38,118,106,17525,-1578,5132,26157,-49,774
-33,126,99,14166,2161,5025,26424,134,602
-33,-128,99,13807,-2076,4419,26658,-82,586
-35,126,79,10687,-906,2732,26803,-15,446
-40,125,69,10831,-6103,-726,26763,-276,471
-26,124,65,9654,-8065,-3599,26573,-390,414
-34,125,59,9399,-7838,-6100,26249,-365,404
-55,-121,51,6344,-7015,-9766,25732,-296,247
-96,-111,51,6288,-1948,-16486,24858,6,213
114,-83,52,5176,-302,-23203,23628,114,139
79,-51,30,2021,-3529,-25518,22276,-40,-20
91,-44,-11,-730,-2951,-25518,20923,-21,-148
-116,-68,-37,2749,-838,-25518,19545,58,51
-27,-109,-16,5832,-3305,-25518,18193,-149,289
19,95,10,4338,-5437,-25518,16840,-345,210
58,38,24,766,-12709,-23887,15574,-877,-154
91,-12,31,-1358,-3687,-12464,14901,-493,-419
73,-32,33,-99,1679,483,14927,-169,-410
50,-32,33,147,3855,11125,15516,-17,-423
24,-16,31,-671,5922,18841,16515,142,-445
-18,5,19,-1258,8971,23585,17789,608,-336
-60,34,15,25,7173,24508,19088,574,-202
-90,57,23,2172,3009,24508,20387,352,-81
-97,80,29,3299,1034,24508,21685,223,3
-99,110,43,6426,8218,24197,22992,563,196
-100,126,50,3143,-345,23951,24262,105,34
-63,-128,43,3151,7465,20091,25326,458,77
-76,-114,42,2555,6642,19068,26337,423,44
-39,-125,31,-900,5993,14675,27130,352,-89
-33,127,17,46,13638,12983,27818,729,-21
-38,120,12,1418,16400,10356,28367,881,39
-39,114,16,1274,14030,8189,28801,766,23
-35,111,36,4254,3161,8820,29277,209,163
0,-109,108,8013,-1338,11947,29910,-89,303
7,-78,-98,-4955,6278,7896,30329,289,-377
46,-58,-101,-17817,12503,-329,30311,571,-1022
56,-42,127,-25206,16650,-1626,30223,789,-1397
43,-43,93,-25240,14174,189,30233,656,-1345
21,-66,61,-25240,11510,1175,30296,538,-1318
10,-100,30,-25240,12444,680,30332,594,-1289
-21,115,-6,-25240,10854,-969,30279,582,-1311
-19,53,-52,-25097,8935,-4634,30034,490,-1421
-17,-10,-88,-14613,7214,-8032,29608,389,-1089
-1,-31,-78,-109,718,-4327,29379,16,-412
-1,-19,-45,9909,3093,-1603,29292,144,103
-14,-3,-11,15912,3432,-2047,29184,352,452
-19,30,32,20775,4128,-2771,29037,281,892
-23,58,72,22110,586,-2784,28889,63,956
-5,79,97,21335,2859,-3072,28723,135,943
-11,92,105,19378,7112,-1893,28625,350,813
-18,102,96,17971,3849,-364,28605,202,780
-7,114,90,17807,9011,322,28623,448,793
-20,126,84,16798,3635,2831,28775,195,774
-5,-121,76,14711,7147,3292,28950,349,671
-37,-125,57,12333,5413,3640,29143,310,558
-27,-121,61,11764,-4495,4585,29386,-209,533
-28,-119,74,9586,-1347,1451,29464,-51,417
-86,-112,64,5899,-635,-4676,29216,60,193
-80,-92,54,1122,-9450,-15333,28404,-404,-24
-104,-65,35,1211,2230,-25399,27058,203,-16
109,-22,15,2605,-8017,-25518,25680,-309,46
122,5,14,-1458,-13209,-25518,24327,-586,-142
-82,-50,-7,-7753,-7270,-25518,22975,-305,-440
-28,-103,-33,-9448,-12667,-25518,21622,-626,-502
32,84,-35,-7373,-6010,-25518,20244,-413,-459
69,25,-15,-3919,-3531,-25518,18892,-468,-438
95,-23,9,-105,4355,-14178,18140,-101,-379
75,-37,35,367,6805,-1769,18046,99,-396
50,-37,42,-1603,6078,7955,18476,124,-519
41,-27,31,-1203,8878,17041,19379,251,-490
9,6,22,134,14637,23643,20632,633,-249
-42,60,17,-190,10771,24508,21931,663,-119
-88,96,13,923,11332,24508,23255,732,-81
-116,-127,18,378,-1653,24508,24554,59,-108
-94,-119,30,2624,-5319,24508,25853,-158,31
-77,-108,38,4614,-3605,24508,27152,-99,155
-55,-108,41,5488,3814,20848,28277,254,225
-66,-110,44,1743,-1165,19130,29291,11,14
-37,-125,39,66,-5444,15469,30111,-237,-45
-12,121,43,4367,4132,11281,30709,209,181
-17,121,48,5447,12935,8431,31164,678,231
-21,116,49,1456,13041,4288,31392,678,15
6,118,83,-2494,20653,-3010,31232,1017,-227
-25,126,-107,-9199,24270,-5805,30924,1242,-627
1,117,-83,-16595,7637,-4321,30695,363,-1026
11,-125,-85,-19011,13948,59,30699,687,-1154
-37,-99,-103,-19555,11711,673,30734,611,-1134
-63,-69,-128,-25240,14759,-6650,30382,790,-1392
-63,-93,92,-25240,8631,-14025,29638,490,-1380
-27,117,58,-25240,7415,-13206,28925,409,-1383
-4,65,14,-25240,8426,-11658,28307,421,-1295
22,0,-37,-18746,4003,-7544,27908,56,-1271
29,-20,-52,-7173,2311,335,27925,-19,-751
0,-12,-46,695,2167,3986,28140,88,-341
-6,-2,-37,5792,1373,3128,28306,88,-38
-25,0,-24,11528,1469,2029,28414,233,269
-25,9,2,17336,-1272,315,28431,189,642
-20,29,42,22324,-2121,1671,28521,-48,967
-20,56,79,24786,-1336,2548,28656,-42,1079
-38,91,102,24786,2299,2722,28800,156,1101
-35,108,115,21354,2953,1628,28886,178,935
-42,113,107,18100,1271,632,28921,103,796
-21,118,102,16996,3136,-511,28894,168,739
-22,123,91,15247,7169,-767,28853,375,667
-31,122,70,10922,6961,-832,28809,381,468
-33,119,56,9370,1603,-475,28783,118,411
-38,122,46,9208,-3638,-238,28770,-142,404
-34,127,51,9044,-4183,-2894,28617,-179,398
-49,-127,43,7724,-35,-6920,28250,55,326
-72,-118,52,10293,1284,-10976,27657,148,443
-122,-103,52,6928,967,-16648,26775,175,229
89,-88,29,3060,-6784,-22671,25574,-190,15
80,-68,9,461,-7512,-25518,24221,-232,-107
92,-66,-10,-836,-8688,-25518,22843,-310,-165
-81,-92,-12,-3350,-12354,-25518,21491,-545,-236
4,106,-21,-7177,-11010,-25518,20138,-592,-371
49,45,-27,-6057,-6180,-25518,18786,-509,-471
70,3,-14,-3549,-2014,-20078,17701,-440,-492
82,-32,1,-754,-566,-6637,17350,-324,-444
86,-45,17,2896,3578,6509,17695,-81,-282
62,-32,32,5116,7724,18132,18656,155,-157
41,5,32,3964,14286,24508,19979,512,-88
-38,61,20,-350,18206,24508,21278,1025,-116
-93,83,11,-2400,-2730,24508,22577,30,-275
-101,115,27,3768,-2714,24508,23876,1,63
-75,126,46,7539,-339,24508,25199,76,291
-65,-102,49,8114,7169,24508,26498,429,342
-55,-88,46,6304,3433,24508,27797,222,268
-32,-92,40,5789,7410,21957,28961,397,265
-29,-100,27,4788,16504,17657,29915,874,231
-39,-115,10,2870,21025,12061,30554,1108,122
-43,-123,20,1921,16451,7669,30960,886,59
-45,-126,58,-1426,8890,5184,31235,500,-149
-35,-114,113,-5141,8206,831,31279,439,-380
-29,-105,-112,-11992,10742,-3297,31104,555,-745
-18,-92,-98,-18935,7933,-5122,30833,399,-1098
16,-91,-109,-25240,-2847,-2900,30679,-184,-1409
33,-93,123,-25240,4436,2267,30802,169,-1419
19,-95,99,-24590,6829,5186,31077,301,-1338
1,-112,67,-24189,14670,2340,31201,721,-1289
-24,116,22,-25240,14543,-4203,30978,763,-1306
-16,76,-13,-22958,12460,-7674,30563,672,-1212
-7,34,-44,-17723,15924,-10849,29988,817,-1070
2,-16,-68,-8661,15404,-12261,29338,753,-813
42,-50,-77,252,8034,-8234,28902,287,-425
36,-45,-60,12086,3974,228,28914,80,176
11,-3,-13,24599,1482,5657,29214,-109,889
-8,47,45,24786,119,7534,29614,12,1125
-22,81,87,24786,2421,5794,29921,142,1110
-36,103,101,22328,7230,5696,30228,408,1014
-53,111,90,18635,8264,4174,30450,479,815
-50,123,94,19862,4479,3361,30628,276,887
-67,-126,94,16028,2469,2576,30764,193,690
-45,-118,98,14783,-912,459,30789,-10,655
-60,-128,62,9949,5588,-600,30757,352,411
-73,122,45,11707,-4704,-3236,30586,-144,495
-30,122,53,10760,-3359,-5335,30303,-141,481
-56,115,33,6513,-3081,-6708,29941,-82,260
-39,117,33,7744,-8762,-8000,29517,-397,340
-49,119,32,6931,-4510,-8727,29054,-165,288
-81,-128,35,7236,-3085,-12619,28385,-53,270
-111,-114,41,6141,-3150,-16548,27492,-38,200
118,-101,43,1486,-8561,-20431,26409,-295,-55
-128,-111,29,-2983,-8619,-25055,25081,-297,-279
-111,123,19,-4537,-8876,-25410,23734,-307,-359
-83,99,14,-6751,-12397,-24184,22428,-507,-470
-37,61,9,-7506,-6074,-23389,21189,-207,-470
-35,33,12,-5699,-1878,-21693,20039,62,-443
8,10,18,-7677,-4962,-19437,19009,-359,-601
56,-33,12,-4461,-2066,-9354,18503,-361,-669
72,-43,18,60,1038,1331,18573,-197,-437
57,-44,23,703,5606,10783,19144,67,-424
31,-21,25,1402,7751,18315,20115,198,-361
-1,19,22,2102,12719,22587,21312,635,-47
-58,66,19,2572,9919,24508,22636,651,2
-80,97,23,4487,1750,24508,23934,221,106
-91,124,32,6864,-1670,24508,25233,34,238
-73,-121,41,8226,2341,22926,26449,205,332
-68,-110,44,8469,4666,21072,27586,316,362
-42,-112,46,7455,5914,16790,28476,341,325
-25,-104,55,7354,10748,15899,29319,559,327
-18,-102,66,4240,10646,14372,30081,544,161
-13,-115,65,1380,14951,11275,30690,771,11
-17,-123,56,-1466,16904,8827,31157,865,-129
-19,125,44,-4289,17842,6409,31497,917,-261
-27,119,39,-5600,16319,4199,31720,856,-331
-33,117,54,-6481,13530,1188,31784,736,-409
-17,127,92,-9087,7572,-1032,31729,388,-567
-10,-119,122,-13310,2659,-2891,31576,125,-802
6,-124,-124,-15698,7019,-3205,31406,326,-937
20,-125,-125,-19642,5945,-2178,31288,260,-1158
17,115,115,-20977,6241,-497,31262,270,-1206
15,113,99,-21517,4289,1751,31355,172,-1220
-5,90,50,-21800,10213,1811,31451,509,-1185
-27,56,7,-20040,10914,-1481,31371,645,-1103
-29,24,-18,-15893,6234,-2801,31222,471,-988
-14,-13,-44,-10721,7355,-4153,31002,419,-929
-12,-30,-51,-1561,5135,-3107,30838,286,-518
-15,-25,-34,7855,2377,-969,30785,179,-48
-17,-4,0,15727,165,-1705,30695,292,428
-16,25,43,19422,2809,-2020,30588,191,783
-12,53,72,19152,993,-1824,30491,59,798
-14,70,76,18178,5873,-2421,30360,313,792
-13,89,85,18287,4835,-1122,30301,248,794
-6,94,77,16884,3451,-14,30300,165,742
-8,113,76,17278,4766,2168,30415,233,783
-10,-127,84,17197,2193,2322,30540,106,800
-37,-106,87,16248,411,4249,30766,46,738
-44,-97,98,14931,-642,654,30800,-1,664
-53,-112,97,9644,-287,-5271,30521,31,381
-27,-124,86,4147,1651,-8922,30048,101,114
-41,113,55,2741,-1378,-8544,29595,-19,55
-46,118,50,4358,-3612,-8082,29167,-127,142
-79,-124,61,3354,-3217,-10900,28589,-72,62
-101,-106,62,-1861,-5053,-15826,27734,-157,-208
-128,-91,44,-4587,-1486,-22089,26564,48,-349
95,-69,20,-4684,-619,-25518,25211,107,-360
115,-71,0,-6206,-5712,-25518,23859,-164,-423
-50,-125,-5,-4463,1494,-25518,22481,139,-275
0,81,10,768,4987,-25518,21128,231,51
36,42,22,825,1911,-25518,19776,-74,-97
56,1,23,588,-3267,-16320,18911,-459,-283
68,-29,29,547,-3535,-4488,18668,-438,-377
61,-42,36,-350,1718,4862,18926,-124,-460
46,-40,40,-408,4122,13957,19666,29,-472
37,-9,35,-666,10534,21232,20791,329,-395
-27,35,21,-1485,15294,24508,22115,904,-212
-118,74,14,-1105,4792,24508,23414,450,-246
-94,90,23,1992,253,24508,24713,171,-45
-100,108,35,4984,5042,24508,26011,399,116
-79,124,43,2478,1323,22621,27233,170,24
-46,-125,34,1205,6127,23028,28454,363,8
-37,-104,27,1553,6447,24508,29752,359,52
-38,-91,34,4227,4902,24508,31051,278,187
-46,-92,42,3986,7867,21046,32188,446,163
-58,-108,54,3268,11970,13049,-32656,668,93
-57,-121,76,668,12236,5548,-32362,681,-65
-33,-120,102,-3595,16253,-1393,-32436,848,-294
-19,-112,118,-9808,14729,-4945,-32703,764,-626
-9,-114,114,-14227,12374,-6022,32513,618,-838
1,-114,122,-17398,6613,-4645,32267,311,-1006
2,-105,-126,-21577,3474,-2327,32144,150,-1220
10,-115,117,-24423,7315,-1659,32054,343,-1384
0,126,97,-24029,7714,-1422,31979,370,-1331
-2,104,60,-23070,9781,-955,31928,480,-1252
-30,69,-2,-17626,8955,-2235,31810,528,-951
-32,36,-31,-11491,3629,-4122,31587,303,-759
-21,-7,-46,-8661,2815,-6614,31237,219,-792
-3,-27,-44,-2665,1111,-4839,30980,49,-581
-4,-27,-32,3987,2884,-2258,30860,149,-274
-12,-11,-12,9988,4755,-2290,30737,371,63
-17,14,15,16239,4996,-2503,30606,385,617
-23,51,58,20971,5933,-787,30565,346,905
-25,78,85,19564,5114,743,30604,286,842
-23,86,96,19524,1943,1296,30674,119,857
-34,102,95,18266,6849,2523,30808,380,792
-22,120,99,17953,2503,3465,30992,137,793
-37,-128,82,14700,3766,3947,31201,223,648
-30,-120,78,14560,-167,2850,31355,12,668
-45,-125,63,12096,-1167,1484,31433,-12,533
-58,-114,72,12015,-9115,-3175,31265,-405,519
-71,-105,74,7126,-13566,-8832,30797,-621,266
-72,-100,75,6197,-3552,-15863,29940,-115,227
-121,-63,65,3169,-3619,-22909,28726,-83,60
-109,-53,32,-1132,-6369,-25518,27374,-234,-134
-99,-66,14,-1339,-4181,-25518,26021,-125,-138
-76,-95,8,-1443,-4693,-25518,24643,-164,-135
-61,-119,13,-4595,-10583,-25518,23291,-465,-291
-15,82,15,-8545,-2742,-25518,21938,-119,-453
-3,33,19,-6197,702,-25518,20586,32,-398
31,-6,26,-5479,-506,-20061,19502,-247,-638
56,-43,24,-3726,3169,-10969,18921,-54,-651
57,-60,28,-472,-977,-13,18920,-236,-514
52,-63,33,1018,2080,8671,19380,-61,-450
17,-38,37,1460,5415,15038,20177,179,-415
-15,-13,34,2169,9419,15831,21032,559,-282
-64,18,35,-369,9015,17831,21977,667,-281
-97,32,26,-880,4855,21731,23129,490,-291
-91,44,26,2578,5510,22754,24335,499,-87
-80,62,26,3588,2005,24508,25658,281,11
-81,89,29,6280,3079,24508,26957,297,184
-68,116,38,7609,-490,24508,28256,68,293
-58,-110,44,6886,7219,20115,29322,428,284
-91,-98,64,894,8812,15831,30177,546,-53
-71,-121,50,-3340,11297,12938,30863,657,-260
-79,113,38,-2048,18781,10189,31403,1066,-213
-91,108,47,-1520,10819,7004,31774,678,-210
-78,111,78,-2161,6358,2499,31909,426,-250
-67,126,127,-6239,5326,-1436,31833,330,-471
-47,-118,-107,-12781,5571,-2930,31681,307,-790
-45,-102,-102,-17484,4667,-2584,31544,261,-1033
-38,-84,-111,-23096,2574,-1877,31442,149,-1320
-30,-87,114,-25240,3513,-1588,31358,189,-1382
-24,-100,80,-25240,5748,-681,31322,301,-1356
-25,126,38,-25240,8559,-1614,31236,456,-1322
-14,83,-14,-25240,9708,-3818,31030,519,-1322
-6,23,-63,-20231,7655,-3108,30865,390,-1267
-2,-14,-76,-7509,1053,-1045,30810,39,-742
0,-21,-58,2616,-567,275,30825,-48,-266
-7,-15,-27,10392,-474,1608,30911,8,103
-21,3,13,16564,1154,1483,30990,260,558
-29,29,49,19067,4564,2500,31122,316,760
-38,52,69,19728,4274,2484,31254,290,818
-45,72,60,18373,7463,2880,31410,466,807
-47,88,67,21891,7145,3261,31583,433,982
-54,111,69,20583,2662,5055,31851,202,935
-48,126,79,16839,1319,4725,32101,116,752
-38,-123,101,16322,-5548,4515,32345,-259,731
-39,-119,96,13403,-35,3535,32532,27,574
-35,-120,105,11694,-2938,1334,32603,-126,479
-45,126,79,5744,2774,-1355,32531,185,190
-63,117,52,5209,-2348,-4566,32285,-39,171
-55,121,42,8291,5710,-7080,31909,360,343
-114,-109,38,6422,-2294,-10426,31357,8,210
-111,-93,30,2227,-8990,-17004,30455,-344,12
-126,-73,25,-354,-5406,-24743,29119,-165,-117
-115,-72,3,-598,1455,-25518,27767,179,-117
125,-71,-9,2394,2915,-25518,26414,266,21
-54,-110,-6,1379,-6261,-25518,25062,-260,29
19,85,9,-53,-2258,-25518,23684,-191,-18
49,29,15,-832,-541,-25518,22331,-275,-243
62,-18,15,154,-1470,-14288,21574,-371,-376
57,-42,31,641,-646,-3611,21383,-245,-417
55,-51,40,-336,-476,8151,21815,-208,-483
47,-32,39,-3,6743,17557,22745,148,-429
-2,13,26,-576,16290,24053,24020,821,-238
-80,51,13,-3594,4721,24508,25319,444,-374
-90,77,7,-1677,3026,24508,26642,330,-243
-121,95,12,2683,-2825,24508,27941,39,-30
-81,105,33,5433,-4802,21900,29102,-120,157
-77,127,44,6370,113,23632,30355,101,225
-47,-121,50,5386,1885,22781,31585,148,212
-61,-100,41,4607,8687,23667,-32697,502,174
-58,-105,41,3683,6898,19264,-31676,409,127
-53,-121,36,2760,15857,11292,-31077,867,79
-67,121,36,2311,16120,5402,-30786,924,32
-51,119,51,-522,8561,506,-30759,498,-110
-33,118,71,-3123,7876,-3270,-30932,431,-251
-39,-122,111,-6061,1177,-3910,-31139,87,-432
28,-107,-110,-14748,-8115,-2174,-31257,-474,-903
50,-86,-92,-19268,5632,553,-31227,215,-1120
46,-73,-116,-25240,7376,4249,-31002,306,-1398
30,-77,106,-25240,11622,6997,-30631,535,-1369
7,-93,76,-25240,11975,7418,-30231,587,-1367
-18,-124,29,-25004,14408,5473,-29941,741,-1290
-47,86,-20,-22742,11501,-190,-29951,675,-1240
-27,36,-48,-17869,7190,-5234,-30228,442,-1096
-9,-11,-71,-10948,5700,-6119,-30559,301,-922
3,-29,-67,248,-522,-1699,-30649,-59,-399
-6,-16,-38,10549,2935,1179,-30586,164,128
-34,13,-6,16556,1901,1459,-30509,337,609
-23,44,23,21180,-1013,-410,-30531,24,993
-29,79,60,24786,3954,-1344,-30602,243,1140
-36,101,81,21608,2532,-1543,-30684,169,975
-25,115,85,20965,-210,-2169,-30799,5,957
-32,-122,96,20844,616,-1968,-30905,53,973
-12,-113,105,17473,-4162,-1621,-30991,-218,783
-14,-112,100,15259,-2776,-2392,-31118,-144,676
-14,-114,91,13529,696,-3476,-31302,32,597
-29,-119,79,10440,-3228,-4414,-31541,-147,455
-24,127,67,6509,-1268,-6910,-31907,-48,255
-45,122,56,5076,-4465,-8360,-32350,-175,176
-58,-114,66,4878,-4306,-10257,32642,-160,162
-111,-81,79,1243,-2970,-16062,31807,-50,-48
-125,-68,70,-5790,-4064,-24889,30463,-105,-408
101,-60,41,-10316,-5817,-25518,29111,-168,-640
-123,-88,2,-11061,-5343,-25518,27758,-150,-666
-82,-127,-13,-4694,-1008,-25518,26406,55,-329
0,88,-14,-2589,-7068,-25518,25028,-391,-130
82,34,-13,139,-6621,-25518,23675,-622,-222
109,-1,1,2272,-2347,-11536,23064,-498,-205
107,-8,15,1929,399,2344,23188,-325,-238
78,-3,17,895,7737,13221,23902,69,-283
24,15,9,1361,13343,22324,25085,439,-130
-41,45,11,3977,14981,24508,26384,905,69
-92,80,22,4296,13307,24508,27683,846,60
-117,104,34,4321,8174,24508,29007,588,67
-105,122,49,6943,3297,24508,30305,298,220
-103,-117,59,6460,555,24211,31589,142,208
-80,-122,59,6484,2671,18771,32584,227,224
-68,-124,55,6538,10097,15602,-32110,602,246
-59,-128,49,3677,6062,14730,-31329,378,104
-35,121,39,1622,7704,12532,-30665,430,29
-33,120,29,1396,14571,9556,-30158,778,31
-40,117,28,1320,15793,5293,-29873,869,18
-38,112,35,447,15616,883,-29826,844,-36
-39,122,79,-465,4401,-2206,-29943,260,-126
1,-118,114,-6542,4089,-2999,-30102,183,-450
22,-109,-122,-12055,4095,-1292,-30171,163,-755
31,-91,-114,-17594,6035,1056,-30115,251,-1019
33,-83,124,-23186,6633,3628,-29923,279,-1285
25,-83,114,-24985,5314,6744,-29566,219,-1365
22,-81,96,-25240,11304,6980,-29189,537,-1384
-15,-107,25,-25240,14967,5800,-28881,761,-1287
-43,91,-31,-24077,12703,1864,-28783,719,-1304
-27,33,-61,-18841,12174,-3110,-28947,683,-1172
-23,-11,-79,-9125,4201,-3141,-29117,259,-824
-11,-18,-65,3794,-537,996,-29064,-10,-187
-28,3,-33,11353,2070,949,-29014,242,275
-36,26,-11,15255,903,-1455,-29091,231,594
-32,57,32,22251,5306,-3592,-29285,357,1040
-34,83,67,23215,3113,-1472,-29363,207,1052
-36,104,73,22805,3833,-1797,-29458,236,1048
-29,-125,93,24786,1385,-1387,-29532,88,1155
-38,-115,106,19829,1254,-94,-29537,91,914
-15,-109,113,16145,-1000,-198,-29547,-55,712
-24,-121,89,11779,1626,-281,-29562,94,503
-25,-121,93,12593,-5907,-227,-29574,-288,539
-14,-126,87,6302,-1942,-2055,-29685,-102,230
-27,113,62,2914,-2791,-4080,-29902,-116,65
-22,109,52,2457,-4780,-4527,-30142,-224,55
-42,116,52,2710,-1929,-5386,-30427,-47,58
-108,-123,51,3113,4235,-11751,-31062,345,34
111,-95,56,160,-1108,-19160,-32058,83,-127
106,-70,50,-3805,-5044,-25518,32126,-127,-313
103,-61,27,-7240,-5154,-25518,30773,-133,-481
-115,-91,1,-7555,-3365,-25518,29395,-57,-490
-54,123,-11,-5115,-312,-25518,28043,56,-316
9,85,-10,-2597,-688,-25518,26690,-81,-127
67,39,1,1187,-3310,-24972,25367,-429,-137
109,-4,22,1061,-2102,-11851,24727,-444,-273
113,-24,37,-254,3110,2122,24839,-138,-377
77,-17,39,-1438,6223,15138,25641,49,-437
41,17,24,-1822,12386,24508,26940,392,-331
-50,59,11,-1098,13767,24508,28264,849,-179
-93,84,9,205,7197,24508,29563,534,-140
123,104,17,3415,4125,24508,30862,393,6
-127,121,36,5980,747,24508,32161,196,155
-119,-128,53,6212,-3511,23753,-32093,-41,181
-78,126,58,5896,556,19318,-31069,123,190
-60,127,45,3834,9470,15327,-30256,555,113
-47,117,22,3750,17095,12883,-29574,934,134
-57,114,11,5883,25215,9286,-29072,1391,237
-77,122,21,1666,14845,5464,-28783,860,-7
-57,123,46,-2130,2735,3513,-28596,209,-190
-21,-100,-126,-5806,-5621,757,-28556,-284,-415
27,-84,-94,-15066,10419,-720,-28595,490,-914
12,-67,-113,-22774,9743,1018,-28541,460,-1266
4,-63,112,-25240,7176,5131,-28269,337,-1363
0,-69,88,-25240,6790,6120,-27945,323,-1344
-6,-88,57,-25240,13749,6275,-27606,698,-1343
-46,-124,16,-25240,13639,2387,-27479,747,-1324
-45,92,-14,-24607,7362,-2027,-27587,456,-1320
-44,48,-42,-19977,5007,-4735,-27838,371,-1182
-26,7,-57,-13122,3735,-8134,-28277,269,-973
-9,-20,-54,-2808,3457,-7552,-28677,191,-543
3,-29,-30,7399,3272,-4364,-28909,126,-116
0,-13,-3,15590,2632,142,-28901,97,166
-10,15,25,21230,-41,2520,-28765,55,899
-18,58,65,23193,260,2799,-28617,39,1024
-33,88,91,21254,-486,2060,-28507,11,931
-30,106,92,17967,2540,-422,-28530,155,785
-32,114,88,17655,3768,-2505,-28665,223,798
-34,122,82,16802,2767,-2509,-28798,170,751
-35,-122,78,15791,-297,-2812,-28947,13,713
-21,-121,91,14537,-1599,-5310,-29229,-73,641
-23,-123,82,10020,725,-4940,-29490,48,419
-34,126,68,7838,-6302,-5555,-29785,-288,314
-21,-127,88,7847,-6986,-5835,-30094,-346,299
-71,-111,99,2987,933,-8698,-30555,112,33
-120,-88,63,-3306,-5675,-15702,-31403,-181,-286
126,-54,46,-3403,-1248,-25518,-32756,42,-269
-122,-55,24,-5352,-1990,-25518,31428,0,-357
-79,-95,18,-4504,-4155,-25518,30076,-130,-294
-54,123,21,-5277,-4446,-25518,28723,-155,-329
