-29,19,-89,-911,737,-172,-105,-2,2
-31,19,-91,-266,451,24,-104,22,-9
-30,19,-91,40,-103,-122,-111,-9,6
-32,20,-90,204,-1119,-535,-139,-55,17
-30,20,-88,234,-1063,-575,-170,-57,19
-29,20,-88,193,-725,40,-168,-40,19
-32,20,-89,417,-477,659,-133,-22,29
-30,19,-89,438,-287,601,-101,-18,28
-32,19,-88,227,198,284,-86,12,17
-30,18,-88,-28,1083,25,-84,52,3
-32,20,-90,-103,819,-243,-97,41,2
-30,20,-90,-149,732,-437,-120,33,0
-29,20,-89,-140,711,-466,-145,31,1
-30,20,-90,-71,607,-324,-162,26,4
-28,20,-90,-32,195,-290,-178,2,6
-28,20,-90,-30,344,-140,-185,9,6
-29,20,-91,98,-56,-205,-196,-10,13
-28,20,-90,253,-112,-162,-205,-14,20
-27,20,-89,84,99,-228,-217,-5,12
-27,20,-89,-42,11,-252,-230,-9,6
-27,21,-90,47,131,-127,-237,-2,12
-27,20,-89,-32,212,-92,-242,0,7
-27,21,-90,-105,231,-28,-244,1,4
-27,20,-92,55,77,-33,-245,-8,11
-28,20,-90,233,-452,-73,-249,-32,20
-28,20,-90,-70,-280,-135,-257,-22,4
-32,23,-91,-636,-1038,-1060,-313,-54,-20
-28,22,-93,-1603,-594,-1328,-383,-41,-70
-36,30,-95,-4313,-1249,-3340,-564,-60,-197
-41,29,-101,-4067,-1938,-4089,-780,-90,-187
-65,34,-99,-1839,752,-3696,-976,89,-69
-97,34,-109,3385,2325,-4563,-1218,202,184
-89,40,-111,8014,1625,-6056,-1545,156,437
-99,39,-107,6794,-3074,-8668,-2005,-68,364
-70,16,-96,5433,-5861,-12398,-2662,-232,267
-59,2,-65,3254,-5355,-13886,-3384,-174,128
-7,-11,-53,-4147,-9243,-11894,-4026,-524,-304
-2,34,-18,-8072,-1931,-8130,-4457,-162,-204
30,38,-64,-17965,2121,-3592,-4647,-56,-841
25,57,-87,-13223,1640,-1992,-4753,-47,-584
-22,13,114,-8725,6303,42,-4751,285,-471
-15,23,-94,2843,2163,-1041,-4806,70,159
-33,14,-78,5772,-2368,396,-4785,-105,292
-5,35,-92,1606,-2533,-3649,-4978,-192,123
-21,8,-98,6400,-6029,644,-4943,-340,311
-23,14,-69,10576,-11888,3424,-4762,-609,541
-25,10,-87,10108,-10077,4881,-4503,-524,498
-26,3,-47,9237,-14370,4839,-4247,-691,444
-4,-4,-60,6490,-1854,2672,-4102,-154,279
-92,6,-40,6897,12197,6723,-3746,809,325
-85,7,-55,3009,7264,8136,-3315,520,129
-103,17,-61,-813,6143,10675,-2749,469,-49
-112,24,-95,1308,13619,13126,-2040,825,63
-99,19,-109,-3005,1737,8143,-1609,178,-163
119,14,-114,1930,4203,5738,-1304,337,75
-72,1,-102,2398,-7333,2150,-1190,-308,83
-61,-6,-89,4451,-4403,175,-1181,-166,176
-64,0,-86,4913,-1868,1929,-1079,-24,208
-78,-23,-93,4633,-2833,1093,-1021,-64,151
-65,-24,-88,7025,4673,4039,-807,304,265
-79,-39,-108,7179,3855,5557,-507,260,265
-65,-37,-101,4612,5215,10801,54,308,120
-51,-2,-76,4326,-3703,8016,479,-128,172
-69,44,-64,-5530,-1718,1734,571,2,-221
1,41,-52,-10154,-10507,-977,518,-624,-414
38,52,-70,-12846,-44,4726,769,-174,-562
25,58,-85,-6017,5493,5174,1043,146,-214
-60,48,-84,2301,212,5012,1308,61,175
-36,31,-62,10501,-1890,3806,1514,-62,597
-42,51,-53,3559,2538,1421,1589,170,289
-49,44,-72,-537,-1133,615,1622,-13,39
-43,51,-85,-3246,-4006,-3193,1453,-186,-92
-47,59,-82,3876,-5697,-1037,1397,-270,288
-10,44,-75,5742,-608,-8832,929,-81,373
-70,55,-61,6072,-4639,-4408,695,-150,390
-43,6,-62,-1075,-5457,-10060,162,-215,-76
-52,5,-67,2024,-4345,-3660,-31,-145,77
-50,6,-62,-1592,-1504,-5936,-352,0,-104
-65,-22,-70,-6716,1883,-5196,-627,186,-435
-69,-14,-73,-5029,-1236,-1774,-721,31,-330
-47,-24,-63,-6001,-3438,-3744,-920,-111,-414
-93,-2,-60,-7159,8274,1412,-844,579,-417
-94,-11,-95,-11469,7490,-7231,-1220,474,-633
-116,-17,-118,-6580,5905,-2346,-1344,400,-400
-80,8,-98,-2683,-2283,-9063,-1824,-36,-162
-93,10,-81,-378,-1786,-7047,-2205,26,-41
-92,8,-73,-985,-1525,-7236,-2588,50,-73
-105,4,-67,2262,1872,-6916,-2955,248,81
-114,10,-68,-1606,3016,-8007,-3379,311,-104
-73,-8,-70,-3684,-507,-11784,-4016,81,-251
-73,3,-78,-3093,12816,-5110,-4287,747,-190
-67,2,-72,-1992,3641,-9669,-4799,280,-136
-38,22,-60,-9040,4677,-8271,-5238,286,-432
10,12,-58,-7029,-6009,-6050,-5564,-428,-358
72,79,-63,-11926,5804,462,-5540,76,-489
-1,79,-95,-21372,8099,103,-5534,338,-969
-57,5,124,-10888,-4941,-4099,-5752,-234,-586
-18,30,-85,6314,-1896,-40,-5754,-128,363
-24,33,-71,5370,-217,209,-5743,-18,327
-36,26,-92,-2922,-3764,-553,-5772,-184,-129
-35,41,-97,2263,-4980,242,-5759,-255,161
-5,27,-106,5113,-5482,-5378,-6050,-349,281
-26,63,-77,12814,-8848,-602,-6081,-466,761
-9,23,-69,9721,-2796,-4440,-6317,-190,528
-38,10,-59,10562,-5693,746,-6277,-236,529
-58,22,-54,8885,-1278,3355,-6096,35,483
-54,-11,-61,5145,-7021,7693,-5688,-270,188
-64,11,-69,7179,1290,8966,-5222,158,345
-79,3,-47,5229,7098,10190,-4682,521,233
-120,13,-55,2854,6256,11881,-4040,506,130
-65,6,-80,-1315,4816,11059,-3454,325,-92
109,16,-92,-1022,8183,9256,-2964,570,-70
-95,7,-102,1863,-2137,6349,-2627,-13,66
-96,0,-102,4527,-3047,2889,-2471,-61,192
-74,-12,-106,7114,-2137,2910,-2317,-45,299
-92,-20,-106,7181,-5775,1468,-2239,-208,291
-42,-39,-120,12240,2006,5339,-1956,99,513
-78,-31,-95,8637,-1169,5762,-1645,15,349
-44,-15,-80,7964,46,11339,-1044,40,325
-26,8,-70,5834,505,9153,-559,30,282
-54,21,-49,-2117,-358,6106,-235,86,-83
-3,58,-51,-7143,2721,5087,39,75,-217
19,76,-76,-14554,-222,6179,366,-127,-604
-8,45,-97,-1525,2741,4065,582,81,-19
-56,48,-70,7893,2558,1719,673,187,473
-39,43,-50,6922,-2845,1181,737,-100,453
-53,32,-62,-133,-1503,976,788,-4,37
-54,41,-70,-4053,-2561,-444,765,-71,-146
-51,35,-79,-964,-1284,-1193,702,-18,-8
-46,45,-86,-1325,-4767,-5049,429,-222,-10
-53,61,-82,3027,-4594,-4739,178,-199,241
-33,31,-77,3288,-7217,-8656,-271,-349,204
-60,43,-62,6541,-4656,-5266,-550,-159,398
-27,24,-59,1633,-5679,-8940,-1033,-277,125
-38,-4,-51,-1384,-1143,-11716,-1654,10,-126
-71,-23,-40,-3469,-729,-6463,-1997,113,-282
-46,-21,-38,-8904,-3511,-4436,-2232,-68,-573
-50,-3,-46,-10747,2860,-791,-2275,260,-610
-76,-35,-93,-18425,9735,-436,-2298,569,-1043
-96,-26,104,-14250,15600,-1350,-2369,845,-799
-116,-19,-128,-7949,5826,-5245,-2647,387,-471
-103,-2,-104,-2374,-710,-8014,-3080,64,-167
-77,6,-87,-268,-2796,-7173,-3460,-53,-41
-95,4,-82,727,-2129,-7056,-3834,11,4
-95,5,-87,3063,-822,-6187,-4162,71,123
-100,-9,-82,1936,-3525,-7553,-4570,-56,41
-59,-1,-62,2101,-2835,-5605,-4867,-46,62
-64,-8,-56,292,7135,-1684,-4957,481,-48
-71,18,-59,-4802,8038,-2445,-5086,529,-240
-39,7,-71,-5731,3035,-4223,-5314,195,-317
-50,23,-69,-4948,9517,-2551,-5449,545,-232
-35,21,-73,-7585,751,-6318,-5784,62,-369
-8,32,-63,-8380,122,-2131,-5897,-43,-360
13,51,-77,-9527,-675,433,-5874,-143,-401
-27,30,-94,-6489,1355,868,-5828,54,-303
-20,41,-93,-2621,1647,-778,-5869,53,-80
-39,26,-85,529,-1921,-789,-5911,-78,49
-38,24,-85,-1122,-1264,-1168,-5974,-47,-40
-38,29,-86,-178,-574,-529,-6002,-13,19
-42,32,-96,-780,-2865,-1362,-6074,-132,-12
-34,42,-100,121,-5893,-3328,-6251,-305,52
-18,39,-96,6036,-8088,-3135,-6414,-439,348
-21,28,-70,9798,-5093,-3074,-6580,-277,550
-19,36,-67,8146,-5103,-260,-6594,-278,483
-43,7,-64,10175,193,265,-6580,68,498
-62,13,-52,9421,-6431,5778,-6273,-208,475
-52,11,-71,6037,-1171,2442,-6141,6,302
-60,-13,-56,4642,268,2937,-5986,121,157
-120,0,-47,7208,6544,9868,-5463,529,325
-81,7,-39,4152,-2288,10773,-4892,61,188
-97,1,-63,-780,5214,12575,-4213,421,-77
-113,20,-79,-1304,6799,9084,-3731,486,-73
-122,-3,-92,-326,1293,4169,-3510,201,-62
-85,0,-98,4858,-658,4576,-3268,54,204
-81,-15,-92,5330,-3645,1847,-3168,-100,206
-68,-5,-100,8598,1875,8940,-2694,157,386
-78,-32,-91,7692,-6610,3010,-2534,-256,290
-40,-8,-88,7876,2735,9011,-2057,160,339
-67,-18,-99,7343,-651,9986,-1517,24,304
-78,9,-84,5166,-256,7781,-1105,81,240
-47,11,-78,1643,-3287,4830,-849,-119,70
-62,20,-68,-721,3543,5546,-555,269,-27
-44,66,-35,-4123,-4207,1890,-453,-172,-56
0,86,-70,-18898,654,3591,-263,-43,-799
0,29,-86,-2194,-1245,4036,-49,-137,-76
-49,59,-56,6326,7662,2004,56,438,434
-53,40,-45,4978,629,262,71,121,337
-53,39,-68,776,788,1423,146,100,95
-59,45,-80,725,-106,728,184,48,93
-59,49,-82,-59,-6054,-2354,59,-257,59
-51,61,-80,2428,-7841,-3541,-131,-375,215
-38,34,-77,4359,-9330,-6931,-498,-453,267
-44,44,-55,8212,-2318,-6681,-853,-66,506
-67,0,-57,4082,-3432,-3589,-1043,-53,168
-64,25,-51,4049,-4243,-3666,-1241,-102,236
-63,2,-56,-1841,-4566,-4560,-1483,-114,-128
-78,11,-52,-1541,703,-5789,-1789,181,-92
-71,0,-55,-4142,-4119,-5933,-2104,-76,-253
-64,-29,-45,-3869,1796,-2420,-2235,217,-323
-76,-16,-44,-7036,4030,-1054,-2290,362,-440
-83,-28,-61,-13508,3491,-1621,-2376,305,-789
-88,-13,-91,-12540,11189,71,-2373,668,-702
-116,-24,-104,-7895,1877,-2802,-2524,210,-485
-100,-6,-85,-2546,-1112,-4356,-2755,65,-180
-74,11,-66,-2316,-2003,-6766,-3114,13,-131
-78,12,-61,-1688,100,-4198,-3336,133,-98
-90,19,-59,-1817,-1422,-3386,-3519,71,-93
-102,5,-64,-2008,830,-4607,-3763,196,-133
-126,4,-73,-936,533,-5682,-4064,189,-81
-122,-12,-57,-1143,-6412,-9881,-4588,-144,-120
-82,-6,-57,-1191,-2354,-8059,-5023,21,-116
-111,-1,-37,-4552,-2626,-7776,-5435,75,-274
-46,-9,-64,-5559,6626,-2658,-5576,404,-351
-77,0,-51,-1933,5705,68,-5573,438,-141
-66,0,-57,-3922,15734,-193,-5583,935,-245
-21,47,-36,-11780,4730,-4493,-5821,241,-446
14,73,-69,-19441,2286,-1415,-5896,8,-845
1,58,-119,-16466,-983,2507,-5763,-128,-775
-32,16,-107,-4685,-162,-1384,-5838,-19,-251
-64,44,-61,4239,-589,-1670,-5927,54,281
-39,25,-64,644,-1143,-951,-5977,-17,67
-46,27,-76,-1987,-898,-312,-5994,-3,-73
-46,32,-81,-291,-280,-910,-6043,20,20
-55,44,-85,365,-748,-3789,-6244,4,72
-47,48,-79,2784,-9291,-3917,-6451,-441,211
-18,42,-91,5437,-4919,-6321,-6786,-285,333
-29,41,-76,10647,-4417,-1255,-6854,-230,617
-60,15,-69,8785,332,-828,-6898,101,444
-60,22,-64,11026,-6205,2570,-6762,-226,576
-66,1,-55,10252,-3935,-70,-6766,-76,483
-75,3,-47,7778,1467,6728,-6402,230,370
-95,-3,-41,9315,462,5255,-6124,213,426
-105,-6,-38,4964,4693,7867,-5715,435,193
-85,0,-56,95,4450,6471,-5372,375,-34
-113,-2,-62,-2279,5351,3686,-5173,445,-164
-117,-6,-69,-520,3248,3984,-4961,326,-78
-106,-5,-67,4085,-998,2407,-4834,103,156
-74,1,-68,2227,-1923,2130,-4721,14,75
-71,-7,-75,4023,-1573,1917,-4617,15,150
-86,-20,-75,3853,-667,2904,-4463,81,115
-83,-51,-98,6593,640,3536,-4276,102,207
-73,-39,-96,9176,-401,5888,-3964,43,354
-72,-9,-80,10276,2399,8628,-3498,213,471
-54,-15,-89,6785,3216,12649,-2827,212,271
-59,-14,-94,4114,580,7926,-2407,79,138
-75,-2,-76,4380,2532,10988,-1825,230,176
-38,37,-55,622,-2560,8855,-1347,-88,106
-51,50,-36,-6416,-4613,5075,-1078,-151,-214
25,66,-57,-8250,-2121,7998,-654,-249,-274
-37,63,-90,737,4382,7056,-280,221,129
-40,52,-74,2223,5208,1309,-209,288,202
-63,42,-54,3685,2538,330,-192,222,255
-56,44,-61,1459,184,1322,-122,79,145
-51,36,-61,-101,-640,568,-91,33,51
-58,38,-71,-2776,-328,-179,-101,49,-91
-60,44,-70,-1604,-1424,-679,-138,-6,-20
-55,44,-76,-3015,-2200,-1656,-225,-61,-92
-49,39,-83,-3320,-6222,-3967,-432,-274,-117
-43,61,-84,4858,-869,-4099,-649,-30,337
-38,23,-68,6915,-1586,-6296,-989,-46,383
-34,40,-52,9908,3967,-1719,-1080,235,593
-53,20,-53,2270,-3384,-2382,-1206,-76,136
-47,29,-63,544,-512,-973,-1258,34,68
-51,21,-73,327,-8957,-3325,-1438,-405,30
-71,7,-56,4066,-416,-2144,-1551,108,185
-54,8,-34,3859,-4379,-1122,-1611,-71,184
-96,-15,-40,-1344,5416,1894,-1510,461,-142
-73,7,-70,-6801,9435,-348,-1529,597,-376
-107,-8,-116,-14282,8416,-1544,-1611,522,-780
-106,-4,-109,-7985,8890,-5269,-1890,552,-454
-102,-5,-100,-8227,1252,-9008,-2368,169,-468
-84,16,-93,-2413,897,-8757,-2841,136,-135
-100,30,-73,-3649,-5340,-10171,-3380,-141,-171
-86,37,-71,-3963,-3994,-12224,-4028,-92,-169
-87,35,-63,-4592,-4580,-13774,-4758,-107,-201
-103,21,-61,-4287,-2619,-12728,-5445,18,-222
-92,10,-59,-6540,-7969,-15437,-6263,-254,-351
-62,-7,-57,-4578,4043,-8268,-6701,317,-294
-83,-17,-49,-5906,5650,-7811,-7115,443,-382
-44,-24,-59,-2078,14174,-860,-7162,796,-221
-49,12,-59,-5948,12589,39,-7160,722,-307
-66,26,-54,-15730,93,-7450,-7555,117,-772
15,37,-92,-12400,1037,-390,-7575,-59,-583
-6,58,-80,-10125,-5937,3636,-7379,-369,-423
-11,69,-113,-14897,-2378,2421,-7251,-177,-672
-52,32,-80,-2593,-1395,-1137,-7311,-23,-98
-36,42,-73,1906,-883,-3482,-7496,-29,164
-51,42,-67,2343,-4522,-3072,-7658,-174,183
-40,31,-77,-68,-4514,-3273,-7832,-203,36
-37,31,-74,5758,-2715,-3066,-7994,-116,335
-51,43,-68,7666,-4362,-1202,-8058,-167,457
-44,27,-75,9566,405,-992,-8112,60,525
-47,45,-63,8359,-5937,1164,-8050,-253,503
-77,8,-61,8963,-3283,2604,-7912,-37,435
-60,30,-56,8925,-6120,3175,-7744,-214,494
-69,14,-49,6770,-440,899,-7695,114,348
-87,-1,-45,1840,2847,1090,-7637,318,50
-97,-3,-36,2213,-184,2194,-7521,192,65
-98,1,-49,1469,7858,6906,-7155,576,37
-110,7,-61,-3404,-2294,5045,-6883,47,-202
-123,-5,-71,1392,9866,2933,-6727,665,20
119,10,-51,-1103,-7204,-62,-6730,-167,-80
-67,-1,-73,-936,-5661,-2582,-6867,-194,-92
-84,8,-63,1227,-1789,-1289,-6937,43,40
-72,5,-67,1943,-1741,-1772,-7031,24,70
-89,-11,-71,4137,-156,349,-7012,119,146
-78,-16,-75,5985,-1367,1523,-6932,35,230
-80,-38,-83,10124,854,4092,-6711,132,410
-47,-50,-110,12699,8296,10917,-6132,431,514
-83,-38,-108,15176,1462,10473,-5577,141,667
-43,-1,-118,20575,6836,17775,-4635,351,1004
-73,-2,-85,10852,1412,13573,-3902,158,516
-53,12,-62,6495,1881,12143,-3258,179,324
-61,29,-46,-394,961,7503,-2861,165,21
-5,61,-40,-10060,-10248,3617,-2669,-581,-325
-19,60,-59,-7112,5416,11175,-2065,256,-232
-27,59,-74,-2582,-1272,7059,-1691,-77,-24
-62,48,-74,3365,-296,4522,-1452,49,235
-57,49,-52,5825,1423,130,-1445,149,385
-66,46,-48,2026,968,956,-1393,153,182
-65,39,-61,-1879,-3698,1247,-1327,-97,-41
-68,40,-65,-473,-1586,709,-1290,11,27
-63,43,-82,1008,-671,-2535,-1424,27,100
-59,72,-69,1170,-3991,-5569,-1725,-161,173
-46,32,-70,1749,-7872,-7350,-2115,-353,131
-26,49,-46,4595,-3587,-8844,-2583,-173,362
-62,18,-52,5822,-2790,-4769,-2836,-24,306
-54,34,-45,5250,283,-4990,-3106,114,334
-56,0,-60,-2331,-5655,-6229,-3436,-193,-157
-79,-10,-44,715,5101,-4642,-3682,424,-30
-69,-12,-45,-7088,-1858,-2447,-3812,51,-435
-77,-47,-40,-10243,5377,-887,-3860,406,-685
-97,-5,-81,-12668,8742,3411,-3679,568,-694
-120,-40,-90,-12346,8181,-2882,-3832,541,-729
112,-4,-100,-6647,6309,-1219,-3896,464,-384
123,7,-92,-4015,-3338,-9902,-4431,-28,-238
-100,21,-72,646,-1849,-9040,-4910,42,30
-98,24,-57,-2185,-4016,-9645,-5421,-51,-103
-90,12,-60,-801,2251,-9369,-5918,260,-54
-93,28,-48,-7136,-3883,-13075,-6624,-41,-350
-52,5,-66,-6556,7183,-6286,-6957,441,-360
-82,19,-71,-9649,8025,-8613,-7414,524,-490
-55,-6,-75,-6395,9976,-5295,-7694,575,-383
-65,1,-73,-5503,8010,-2215,-7812,497,-318
-77,11,-56,-8639,-6103,-5773,-8123,-178,-462
23,75,-38,-14017,-6480,-3082,-8287,-467,-517
51,69,-100,-19217,1019,4009,-8074,-115,-892
-39,26,-128,-5371,4239,-851,-8119,205,-269
-51,40,-73,2850,4862,-2809,-8271,300,203
-48,23,-74,1488,-2945,-1324,-8341,-99,94
-43,26,-75,373,-1466,513,-8314,-37,46
-49,24,-79,53,805,-243,-8327,87,21
-50,28,-84,395,-91,-240,-8340,36,44
-55,30,-81,124,-1324,-35,-8342,-12,34
-50,29,-78,1412,-696,-43,-8344,12,100
-47,30,-75,277,-2200,-860,-8390,-66,48
-50,40,-83,2432,-1569,-947,-8441,-44,176
-38,28,-77,4486,-1264,-3118,-8606,-41,259
-44,47,-75,4196,-5622,-2136,-8719,-257,286
-42,30,-72,6697,-5789,-1004,-8773,-257,380
-48,26,-68,7140,-7172,953,-8721,-314,399
-50,26,-74,8295,-9023,-386,-8742,-405,446
-48,6,-56,8696,-5517,1027,-8687,-196,420
-54,27,-55,10834,-2672,1997,-8581,-46,587
-71,-13,-30,6788,-3629,3417,-8397,-3,272
-84,-5,-19,6227,4854,8654,-7938,476,261
-120,-14,-55,-3022,11495,6300,-7604,767,-220
109,-2,-70,-2298,11566,6127,-7279,769,-161
122,-18,-91,2910,4132,5250,-6996,358,83
-123,-19,-103,6057,-2855,5707,-6693,-23,240
-78,-27,-104,11105,-6876,4084,-6477,-282,476
-87,-28,-85,10959,-5909,4535,-6236,-199,464
-41,-34,-92,10932,-269,10265,-5682,1,449
-88,-14,-70,8033,-1798,8667,-5223,35,338
-28,-3,-70,6992,1521,15297,-4412,88,305
-45,18,-66,4776,3932,16303,-3548,255,254
-59,69,-63,-6819,2570,7198,-3159,186,-240
-16,55,-64,-2317,-4508,4880,-2901,-261,0
23,72,-76,-6437,9002,4347,-2670,331,-199
-52,55,-67,5656,-2072,4585,-2427,-59,380
-56,62,-58,3073,2525,1343,-2355,188,269
-56,45,-53,2277,-1905,1423,-2281,-16,192
-57,40,-61,-896,-2874,1001,-2228,-71,16
-59,43,-61,4,-403,607,-2195,56,65
-56,39,-70,163,-108,-2052,-2306,58,61
-57,55,-76,856,-926,-3386,-2486,1,123
-53,37,-66,2972,-3146,-3074,-2649,-95,206
-44,53,-69,969,-9860,-2331,-2772,-471,140
-37,23,-57,4144,-4351,-2837,-2925,-179,248
-35,55,-72,3614,2406,-5434,-3213,131,280
-76,22,-60,4466,-3433,-2755,-3359,-52,238
-61,18,-58,5004,-461,-3773,-3559,80,263
-74,0,-57,2736,-2824,-711,-3598,-13,103
-89,-6,-58,-2131,1090,-3435,-3780,205,-163
-71,-12,-57,-6620,2870,-4023,-3993,272,-409
-119,-11,-63,-6163,1509,-2858,-4145,247,-373
-69,4,-78,-7988,-2849,-1388,-4220,-58,-445
-78,2,-59,-5062,-3254,-2344,-4344,-30,-291
-80,2,-65,-7013,5895,-2696,-4487,427,-392
-99,-7,-75,-8217,2329,-3886,-4693,252,-473
-101,-6,-70,-4191,2544,-4801,-4952,276,-270
-93,8,-62,-2309,42,-5535,-5245,150,-141
-102,14,-56,-2305,-2718,-4934,-5507,26,-130
-92,15,-55,-3430,-31,-5918,-5821,155,-183
109,24,-50,-1011,3309,-7008,-6199,371,-58
-107,21,-50,-5884,-2706,-10663,-6764,37,-298
-119,14,-36,-8962,-4645,-13960,-7504,-25,-470
-44,3,-56,-8011,6180,-9043,-7983,389,-436
-120,8,-41,-9607,4411,-9047,-8472,434,-524
-23,0,-63,-9452,2564,-3070,-8635,136,-520
-70,13,-55,-7424,11576,1598,-8550,717,-383
-14,45,-46,-10840,4077,1184,-8487,182,-420
21,71,-79,-11852,-4219,6652,-8128,-340,-492
-24,79,-128,-15866,551,4605,-7884,-11,-723
-46,27,-114,-10313,6045,-3237,-8056,316,-515
-65,45,-50,4116,-474,-2015,-8162,75,283
-44,33,-56,4747,-2409,269,-8148,-64,305
-52,42,-77,-952,962,-1098,-8205,93,9
-55,30,-70,-1161,-681,-382,-8225,32,-25
-55,39,-71,-30,-347,49,-8223,43,51
-56,40,-81,2477,752,-536,-8251,90,176
-42,44,-81,1700,83,-3653,-8445,26,148
-52,46,-75,5085,527,-4898,-8705,72,326
-37,50,-75,6433,-2227,-5542,-8999,-100,409
-29,30,-74,7510,-10455,-1540,-9082,-539,432
-25,48,-67,5360,-7593,-2867,-9234,-394,367
-33,11,-64,7876,-7405,-710,-9271,-344,396
-49,36,-46,11908,-4064,681,-9235,-123,676
-77,-7,-31,8788,-2137,4219,-9007,83,395
-75,1,-30,8380,2878,7956,-8586,342,388
-79,5,-36,1193,3181,11363,-7983,346,33
-92,6,-71,-2950,14177,11004,-7400,853,-177
101,27,-84,1910,9201,13406,-6690,632,91
97,21,-101,3534,-1162,6818,-6321,91,167
-96,10,-106,5144,-3929,4185,-6100,-109,237
-100,9,-100,7716,-2919,2507,-5967,-45,366
-77,-2,-96,9502,-2197,1316,-5897,-33,438
-63,-12,-94,9502,-309,2546,-5759,41,425
-75,-7,-99,10118,-3299,549,-5730,-95,460
-43,-19,-97,11341,-2532,7162,-5351,-111,494
-64,6,-73,7576,379,6398,-5012,108,360
-53,-6,-64,5050,-1933,6617,-4661,-18,197
-28,12,-45,5056,6107,10818,-4087,356,269
-68,34,-26,-1356,4263,7588,-3685,371,-9
20,85,-39,-10425,1125,6121,-3361,-67,-320
-32,54,-108,-14531,3602,5537,-3062,169,-692
-39,39,-92,4241,3816,2930,-2906,203,260
-63,51,-61,5750,708,-1416,-2982,112,373
-57,42,-50,-1023,-2732,229,-2969,-49,22
-48,27,-66,-1500,-893,-215,-2981,14,-46
-56,36,-75,-978,-1552,-953,-3032,-19,-4
-54,31,-73,1760,-758,-1922,-3133,22,124
-45,32,-75,320,-2171,-2040,-3242,-70,56
-62,44,-80,408,-6425,-1353,-3315,-272,74
-13,15,-81,3364,-4242,-2556,-3450,-255,171
-55,44,-57,6282,-5315,-1592,-3535,-198,395
-43,28,-57,2521,-2929,-2360,-3660,-89,174
-41,34,-54,3339,-1086,-3675,-3858,0,238
-78,25,-60,3455,2177,-3144,-4025,234,193
-64,17,-63,424,-1658,-5299,-4306,16,24
-52,9,-63,-2714,-5635,-6002,-4624,-205,-152
-81,-23,-59,-4637,-285,-2413,-4754,116,-334
-74,-9,-70,-9778,2439,242,-4741,232,-560
-106,-20,-82,-8567,5529,-823,-4785,411,-510
-104,-12,-88,-9765,6654,-3096,-4949,460,-558
-110,-19,-90,-6414,1510,-5855,-5265,201,-404
-97,0,-84,-3123,-1165,-5819,-5574,60,-199
-102,16,-77,-4308,-4828,-8689,-6034,-112,-230
-125,6,-65,-2447,-1316,-8258,-6472,105,-154
123,16,-56,-942,-1532,-10853,-7058,108,-64
114,8,-47,-1336,-4966,-11695,-7678,-44,-96
-74,0,-44,-4581,-2164,-14439,-8443,49,-276
-124,11,-27,-8099,1258,-13551,-9161,294,-432
-10,-17,-58,-12346,8878,-8014,-9594,424,-745
-45,0,-49,-10684,14938,-3508,-9777,839,-572
-39,45,-42,-17425,10848,-7948,-10198,605,-776
10,54,-44,-17172,-8761,-1933,-10300,-555,-712
31,89,-117,-17842,-1626,6239,-9963,-209,-820
-43,45,-100,-8290,-357,-1529,-10045,-9,-371
-52,36,-83,1905,4280,-1493,-10124,260,136
-34,27,-73,1939,-996,-1195,-10187,-31,132
-47,28,-78,-535,-917,-132,-10194,-5,0
-49,31,-82,608,19,407,-10173,42,63
-43,32,-84,805,-1067,-41,-10175,-29,76
-57,35,-83,1779,-371,181,-10165,32,125
-46,42,-85,1702,-2971,-1028,-10221,-126,142
-36,43,-75,4839,-5316,-1518,-10301,-255,315
-23,36,-75,8947,1553,-836,-10346,65,513
-29,58,-71,10570,-5732,-69,-10349,-296,644
-26,24,-62,10598,-4169,-531,-10378,-205,588
-14,37,-65,10349,-6108,323,-10361,-345,604
-57,-2,-53,10336,-4812,2642,-10221,-133,478
-68,-6,-46,8817,-2554,7634,-9816,16,390
-80,-9,-53,5273,-187,7060,-9435,136,209
-88,-6,-52,1333,7502,8153,-9003,541,12
-124,-20,-72,-1044,3576,10865,-8427,341,-125
-124,3,-88,-722,6847,9955,-7899,490,-72
-128,-6,-90,3460,-55,6507,-7548,139,129
-103,-8,-90,5362,-1414,5293,-7267,46,217
-74,-17,-94,7921,-4729,2326,-7144,-165,328
-88,-25,-93,9656,-996,4765,-6891,42,405
-54,-24,-85,9189,-6167,4439,-6652,-269,380
-93,-7,-83,8895,2510,10320,-6115,241,389
-29,-22,-95,3560,849,10041,-5583,33,89
-69,-1,-90,5969,14799,18767,-4588,827,260
-83,45,-65,-134,-4474,7868,-4163,-123,45
-25,70,-75,-6823,667,3593,-3973,12,-221
-5,63,-61,-11607,-7934,-3939,-4181,-464,-448
1,51,-65,-1433,10226,930,-4132,440,38
-26,43,-61,2112,4773,1408,-4056,248,199
-53,36,-63,1260,1416,3055,-3894,140,118
-64,44,-61,4476,-3992,1875,-3795,-118,292
-34,30,-68,-713,-2671,265,-3781,-113,9
-57,31,-71,-2368,-2024,587,-3749,-35,-89
-51,32,-78,-553,74,-87,-3754,51,8
-56,33,-77,-217,-665,-319,-3771,24,26
-55,34,-79,-470,-476,-388,-3791,30,13
-51,35,-79,188,573,-1073,-3849,76,51
-48,32,-82,288,-287,-2617,-3988,23,48
-53,48,-81,2686,780,-3476,-4172,81,201
-21,22,-70,3134,-2774,-4453,-4408,-153,187
-42,62,-64,4745,-5561,-1765,-4502,-257,355
-8,35,-62,2408,-8890,-5582,-4803,-511,201
-30,38,-50,5183,-3483,-2214,-4920,-150,356
-43,30,-67,3731,4537,-2579,-5057,276,230
-86,7,-52,2793,-2195,-2080,-5167,45,119
-75,4,-56,2293,-464,-1728,-5259,113,86
-65,-23,-55,-4030,-3645,147,-5251,-72,-307
-98,-5,-67,-11348,9396,-1376,-5324,623,-629
-91,-12,-106,-18239,7040,-5254,-5603,443,-989
-114,-1,-114,-8498,10458,-4278,-5834,645,-483
-99,-6,-113,-6683,2612,-7949,-6255,221,-391
-103,6,-95,-2365,-694,-10115,-6791,77,-151
-105,10,-81,-349,-1267,-12396,-7448,67,-40
-94,16,-75,-1391,-3714,-13529,-8179,-66,-81
-87,0,-71,-1568,138,-12527,-8843,132,-121
-59,8,-73,-3701,1146,-11889,-9473,136,-208
-70,9,-73,-6427,4097,-9198,-9960,306,-347
-45,-6,-88,-5861,8358,-1350,-10033,464,-360
-85,8,-71,-2457,12010,1521,-9953,733,-148
-64,33,-60,-9901,-4168,-11363,-10555,-115,-461
1,31,-60,-9227,-5439,-5055,-10823,-358,-399
17,55,-65,-6468,-11292,5057,-10550,-707,-219
-18,85,-99,-11934,5199,2823,-10400,220,-488
-29,8,-114,-12214,3585,-6535,-10746,163,-645
-72,21,-56,1317,-1166,-4699,-10995,64,78
-40,25,-62,5597,2322,1733,-10902,168,325
-43,28,-72,2127,-734,694,-10865,3,142
-56,24,-73,-355,-709,274,-10851,31,1
-55,29,-75,451,578,1145,-10790,89,53
-53,28,-77,805,-689,893,-10742,18,69
-58,32,-77,918,-319,952,-10691,45,79
-54,33,-79,1124,-193,426,-10669,42,91
-49,30,-76,1988,-1945,-1286,-10737,-51,134
-43,44,-78,3839,-2501,-1259,-10805,-102,262
-35,25,-68,6410,-3194,-3232,-10976,-134,359
-29,38,-70,9978,-6355,1112,-10917,-319,572
-32,31,-70,7763,-5849,-1238,-10983,-283,443
-49,20,-65,8378,-5753,1144,-10921,-231,448
-37,31,-77,8204,-2025,-1213,-10986,-83,457
-89,10,-56,11592,-3509,3539,-10798,-25,571
-50,2,-56,9801,-2413,4010,-10585,-31,465
-76,-14,-40,11505,4287,10683,-10009,388,516
103,-23,-41,5861,10324,13342,-9301,738,223
-103,-2,-66,-1975,2441,9994,-8772,277,-146
124,-16,-88,1734,10851,8988,-8295,698,23
-126,-12,-83,4593,2106,6739,-7931,258,177
-108,-27,-89,5918,-4951,3978,-7721,-130,216
-76,-31,-100,8033,14,7283,-7335,67,311
-82,-27,-86,5887,-7122,2046,-7226,-270,206
-90,4,-96,4148,7720,8202,-6783,496,182
-56,-3,-92,3093,-8570,4566,-6541,-386,108
-53,18,-67,5930,5855,11015,-5957,370,309
-54,29,-58,1089,4348,4146,-5738,304,94
-41,37,-59,-2320,2719,5068,-5464,187,-52
-21,61,-49,-1577,-599,5308,-5182,-45,72
24,56,-94,-11407,5912,3233,-5011,173,-501
-38,27,-88,2693,-2032,3150,-4844,-88,159
-42,35,-67,10326,3696,439,-4820,232,590
-59,40,-61,6149,3522,-249,-4834,257,374
-51,19,-63,1056,81,219,-4822,77,66
-54,25,-78,-1099,-1144,776,-4781,0,-36
-55,24,-78,-3336,-2380,33,-4779,-63,-157
-49,20,-82,600,-836,243,-4766,1,37
-51,31,-80,770,58,-1389,-4840,50,71
-48,35,-78,-1027,-2439,-2987,-4998,-83,-8
-44,26,-75,3553,1577,-3317,-5177,122,210
-50,34,-76,872,-5973,-3533,-5365,-256,85
-28,40,-81,2467,-5105,-3117,-5530,-266,186
-32,25,-63,3281,-8984,-6440,-5871,-430,205
-23,43,-56,4583,-3554,-5910,-6190,-187,337
-41,10,-57,710,-1741,-7272,-6576,-22,29
-66,-6,-53,1556,-374,-2446,-6706,109,20
-52,-25,-70,-5143,1635,-3457,-6889,145,-367
-101,-29,-70,-7377,6310,-2318,-7014,463,-477
-85,-25,-87,-10865,2578,-1633,-7100,227,-641
-92,-16,-87,-6927,1967,-1783,-7195,208,-422
-97,-16,-95,-7478,4454,-1656,-7283,330,-449
-110,-7,-95,-5688,-1634,-6686,-7644,35,-346
-63,-1,-94,-2943,-3906,-6837,-8006,-139,-193
-91,6,-74,-1521,-3384,-8071,-8434,-46,-105
-73,4,-68,-2554,-2387,-9038,-8913,-9,-161
-111,1,-64,-2359,-1533,-8776,-9387,83,-160
-93,0,-65,-4242,1599,-8708,-9849,224,-257
-118,-4,-60,-4033,-3172,-11058,-10435,14,-254
-49,-10,-73,-5195,5763,-7302,-10822,351,-332
-80,0,-70,-4743,12893,-3470,-11009,787,-288
-56,3,-73,-6425,9564,-4150,-11229,560,-359
-44,8,-76,-5636,1870,-4520,-11469,139,-305
-33,23,-66,-8493,-4818,-5592,-11760,-216,-393
20,33,-84,-9073,-3869,-375,-11779,-323,-419
9,66,-91,-11532,-4261,2927,-11621,-316,-496
-31,26,-115,-12675,-1639,-3034,-11782,-100,-636
-54,37,-70,-996,199,-3401,-11962,70,0
-45,17,-61,1234,-4290,-992,-12015,-152,72
-37,25,-64,67,22,-781,-12057,38,38
-52,20,-64,1101,1364,105,-12052,143,69
-54,22,-75,298,801,935,-12002,103,28
-60,29,-75,787,-251,1475,-11924,58,67
-57,30,-81,446,114,139,-11916,63,51
-56,25,-70,1737,139,490,-11890,78,110
-56,34,-79,-744,172,441,-11867,65,-1
-60,30,-78,2052,-145,281,-11852,60,131
-51,47,-87,93,-883,-2455,-11985,-12,62
-52,33,-78,3602,-4535,-2982,-12143,-181,219
-39,29,-75,6476,-2640,-3300,-12318,-107,363
-27,33,-72,11006,-7779,364,-12298,-397,614
-37,14,-58,11670,-3745,2493,-12164,-141,611
-27,23,-70,11935,155,2524,-12030,11,635
-58,-10,-61,10356,-1780,2331,-11906,6,458
-70,-10,-65,10169,3139,6280,-11573,270,450
-70,-2,-61,8189,-2581,6620,-11216,-14,378
-85,-9,-60,8992,1189,9394,-10718,200,396
-92,3,-56,5866,1074,9507,-10214,212,264
-124,-8,-67,4261,3954,8378,-9770,370,162
-91,0,-69,2701,3541,7087,-9387,318,98
126,-4,-65,3007,4138,3705,-9191,387,105
-86,-23,-65,2624,754,3859,-8986,166,43
-100,-28,-75,5153,215,4238,-8766,138,166
-76,-40,-98,5192,-1896,4024,-8549,-31,155
-67,-47,-82,6624,-8269,23,-8547,-356,199
-90,-24,-71,7111,3010,5157,-8274,276,272
-41,-44,-84,5121,306,6913,-7908,33,117
-108,3,-67,795,1633,9165,-7413,240,7
-38,5,-62,-1906,2364,7393,-7021,170,-120
-55,24,-59,-3000,9014,12013,-6384,546,-127
-74,67,-24,-5939,-516,8349,-5942,82,-180
3,125,-84,-17030,-3966,6608,-5585,-286,-699
-22,28,-88,-1571,-5061,4058,-5370,-278,-50
-38,44,-49,6515,1354,-32,-5371,113,430
-65,52,-51,4851,3409,349,-5353,264,334
-62,40,-64,-1184,-158,527,-5324,72,-5
-70,44,-76,-1031,1064,-470,-5349,132,-1
-71,43,-73,701,803,-1763,-5443,124,86
-59,38,-70,704,-519,-2679,-5585,42,86
-64,44,-67,289,-702,-2582,-5724,42,76
-49,28,-67,1014,-2561,-2550,-5859,-70,85
-46,35,-61,4340,-1197,-348,-5878,-3,277
-45,40,-61,4905,-150,-1348,-5949,42,320
-58,34,-66,4072,-2351,-2242,-6071,-46,256
-43,46,-66,4292,-5977,-2958,-6224,-261,294
-55,17,-67,5364,-5120,-2555,-6360,-183,276
-37,22,-60,5570,-427,-576,-6390,23,313
-71,0,-60,1616,-2067,-319,-6408,14,44
-60,10,-65,121,4580,786,-6366,325,-7
-103,11,-55,76,-971,-858,-6411,119,-15
-91,0,-65,-4657,1746,-1965,-6516,228,-277
-107,-6,-58,-4378,4663,-5108,-6791,410,-279
-110,-5,-75,-7509,2232,-6076,-7113,258,-432
-93,-15,-78,-9836,1197,-6501,-7458,183,-570
-102,-9,-77,-5909,-730,-7800,-7871,97,-358
-94,3,-79,-5369,-2030,-10002,-8412,17,-312
-94,6,-61,-4492,-1429,-12609,-9080,77,-256
-108,0,-53,-3719,1578,-13476,-9794,259,-231
-85,2,-57,-5881,453,-11995,-10430,170,-334
-103,-8,-61,-3585,3196,-8239,-10875,325,-242
-70,2,-71,-7064,-3262,-10850,-11450,-64,-393
-75,-21,-80,-3379,4819,-5967,-11766,337,-256
-67,-6,-68,-4310,6103,-6864,-12130,411,-275
-79,-9,-68,-6072,-1063,-6081,-12459,64,-377
-33,-7,-69,-8066,2265,-5089,-12728,142,-474
-52,-12,-60,-6739,1435,69,-12725,156,-419
-35,7,-49,-6858,-587,2056,-12616,32,-363
29,64,-64,-13162,522,3700,-12416,-119,-553
-28,47,-106,-16643,761,3281,-12242,16,-793
-40,29,-104,-6078,5114,-2129,-12355,265,-291
-52,23,-77,3308,-1139,-1687,-12444,-2,184
-43,28,-80,1552,-344,-1027,-12500,13,109
-45,21,-77,197,-1487,-149,-12508,-34,21
-54,22,-93,143,-1518,-924,-12557,-35,12
-55,39,-94,2188,-2953,-2727,-12701,-113,149
-36,18,-85,4189,-5660,-4578,-12948,-278,221
-33,32,-80,6834,-1803,-5424,-13230,-82,381
-39,6,-75,7691,-3712,-2298,-13352,-155,368
-55,16,-70,7025,-3589,507,-13325,-109,357
-57,8,-77,8495,-5506,2940,-13169,-211,411
-59,7,-60,10234,-8472,1514,-13088,-338,510
-52,9,-58,13376,-4771,3766,-12888,-153,665
-55,-1,-33,10759,-7906,968,-12837,-243,500
-61,-5,-27,8670,2061,3112,-12672,290,380
-95,-14,-23,4679,3325,3289,-12494,391,168
-85,-6,-34,3038,8525,7593,-12092,628,97
-105,-15,-48,-233,5996,7862,-11675,484,-82
-98,-2,-63,-1730,10627,11378,-11072,692,-133
125,-12,-81,-162,1378,10627,-10498,227,-68
-116,1,-88,4292,1270,10626,-9935,199,179
-116,-2,-85,5972,-3999,4884,-9676,-64,258
-111,-15,-92,7564,-2553,2291,-9554,-6,319
-99,-28,-83,9152,-4712,-724,-9594,-127,383
-119,-27,-84,11461,-3596,633,-9560,-44,500
-63,-41,-69,11727,-9289,475,-9535,-395,461
-88,0,-56,6511,1896,5588,-9239,249,292
-48,-15,-63,3645,2486,4771,-8981,197,104
-72,25,-51,2298,5732,7086,-8605,421,140
-71,7,-48,-1074,3524,2284,-8484,324,-74
-63,1,-37,-981,6861,1503,-8405,510,-85
-54,8,-27,-4923,4456,3868,-8196,404,-264
10,76,-42,-10925,4016,6571,-7847,99,-356
-41,48,-87,-9740,5984,10474,-7292,319,-430
-72,49,-94,21,460,3104,-7128,83,51
-79,41,-63,6045,136,-332,-7146,116,361
-51,40,-65,971,-2602,-907,-7194,-72,111
-63,32,-69,62,-2183,-1809,-7290,-29,39
-62,41,-64,1079,-5020,-4583,-7533,-174,113
-50,47,-73,5417,-1783,-4700,-7786,-48,351
-64,26,-56,4893,-3999,-7061,-8161,-96,276
-66,39,-64,5600,-5339,-4638,-8407,-183,336
-60,3,-58,35,-6955,-7404,-8799,-246,-29
-61,7,-60,1409,-4749,-4231,-9028,-141,51
-78,-12,-55,-1366,-5422,-7016,-9399,-136,-140
-85,-20,-41,-698,-4081,-3018,-9559,-38,-126
-77,-17,-41,-3738,-3545,-5257,-9838,-17,-277
-89,-33,-38,-6438,482,-3419,-10023,189,-449
-93,-11,-49,-7277,61,-6228,-10353,172,-436
-73,-27,-50,-8440,-47,-4440,-10588,130,-537
-75,-10,-58,-7029,3083,-3113,-10753,287,-422
-72,-16,-48,-7490,-818,-2564,-10892,99,-471
-74,-20,-66,-9783,5385,-964,-10943,383,-586
-80,-25,-75,-10363,1479,-120,-10949,180,-620
-101,-12,-74,-7040,6998,-1382,-11022,492,-422
-107,-16,-79,-6914,969,-4305,-11255,186,-428
123,-15,-76,-3475,3002,-4822,-11506,312,-236
-112,-11,-69,-1572,-4066,-8254,-11943,-50,-140
-126,-6,-62,277,-816,-7339,-12332,136,-38
-87,-24,-54,-3228,-8219,-10320,-12890,-280,-261
-94,0,-52,-2217,7375,-4666,-13137,543,-154
-53,-11,-61,-7374,1031,-5841,-13446,138,-447
-81,5,-60,-5159,2406,-2656,-13587,259,-290
-51,0,-57,-6362,-488,-2492,-13722,64,-368
-20,-7,-68,-4491,8752,2338,-13598,433,-293
-65,-15,-66,-7089,11923,3455,-13415,705,-440
-16,57,-55,-6159,-5891,6363,-13078,-328,-175
17,71,-111,-17927,1325,5065,-12804,-38,-840
-46,28,-84,-6369,-2741,405,-12783,-106,-297
-59,31,-77,-1240,3154,-1569,-12866,224,-33
-50,32,-72,3021,-2662,668,-12830,-81,192
-52,27,-77,2854,-506,547,-12801,27,172
-50,27,-78,1770,238,-1250,-12867,61,113
-58,29,-70,455,-1080,376,-12847,18,53
-60,29,-87,-508,-1543,-1084,-12904,-22,-5
-52,44,-85,3492,-967,-3163,-13075,-12,236
-55,25,-79,4234,-5015,-5057,-13343,-197,234
-34,31,-77,6334,-4876,-4428,-13578,-235,364
-42,14,-68,8335,-6556,-1050,-13634,-285,424
-40,20,-59,8713,-3964,-1177,-13697,-150,474
-55,0,-58,8195,-5358,892,-13650,-175,376
-58,10,-53,8953,-1426,-276,-13665,38,444
-55,-5,-52,7839,-2338,3305,-13490,-10,342
-87,-4,-39,8979,1072,2592,-13350,241,413
-80,-7,-41,5491,2851,8187,-12916,316,218
-104,-8,-37,2083,2713,6197,-12587,340,48
-107,-5,-69,-21,9313,10895,-12010,625,-52
-120,-6,-65,301,-29,8285,-11562,167,-36
-118,-4,-78,3890,3878,8850,-11093,346,149
-115,-4,-67,4616,-4061,4300,-10865,-45,185
-102,-10,-72,7427,-261,4162,-10645,128,318
-112,-13,-78,6919,-4516,2724,-10498,-91,295
-95,-26,-72,10305,-1904,2139,-10384,30,433
-88,-17,-60,6337,-7300,546,-10355,-228,244
-71,-29,-62,6718,4293,6099,-10032,326,232
-65,-19,-57,3730,-151,6433,-9691,104,99
-62,7,-75,3772,13441,13778,-8961,765,169
-79,7,-74,294,2002,8497,-8510,212,-10
-61,41,-70,-1757,1745,7384,-8119,159,-34
-43,41,-55,-2939,797,3993,-7903,92,-69
-22,58,-49,-5646,1504,3973,-7693,64,-139
1,42,-76,-9454,1440,4135,-7474,-6,-405
-42,40,-65,276,2185,4063,-7258,150,83
-58,53,-58,7504,1954,1578,-7175,168,473
-57,49,-59,1681,366,105,-7169,89,170
-63,39,-58,1366,-1386,1333,-7098,21,126
-57,41,-71,546,-1421,188,-7088,-8,83
-62,40,-71,-177,-770,-486,-7114,34,41
-60,38,-74,452,-654,-1164,-7177,32,69
-56,46,-79,-375,-2052,-2781,-7324,-54,42
-62,42,-72,2282,-574,-3710,-7521,40,170
-50,40,-72,1752,-2912,-4806,-7776,-99,145
-54,44,-66,3577,-4394,-3955,-7989,-168,254
-51,25,-69,1724,-5350,-5963,-8305,-208,113
-39,28,-59,6035,-2562,-4095,-8522,-84,353
-67,8,-54,6426,-1885,-1656,-8610,30,309
-52,26,-60,5691,-3413,-2889,-8766,-99,328
-66,-2,-45,1273,-7224,-2799,-8915,-220,17
-67,9,-46,-204,1603,-4645,-9161,224,-25
-58,-11,-45,-4356,-4186,-6760,-9512,-80,-293
-103,-16,-43,-5264,5919,-1318,-9584,494,-347
-67,-15,-61,-10280,2922,278,-9569,259,-602
124,-7,-92,-12965,5414,632,-9535,419,-711
-100,-15,-91,-8574,3884,-2859,-9687,311,-503
117,-9,-82,-7508,2151,-4572,-9934,271,-443
-110,5,-76,-6307,-1642,-8752,-10398,61,-353
-127,10,-65,-4273,-4834,-11069,-10984,-73,-241
-103,10,-60,-4633,-4735,-12995,-11673,-79,-255
-108,13,-52,-3455,-3680,-12133,-12328,-12,-194
-90,-2,-46,-5695,-4602,-10314,-12875,-59,-336
-84,2,-42,-6582,-1826,-9302,-13368,84,-369
-48,-8,-58,-6795,5525,-5224,-13645,360,-413
-89,-8,-40,-5729,1031,-4092,-13866,236,-357
-34,-13,-48,-7826,6181,-2534,-14000,376,-491
-33,-1,-49,-5320,14691,2762,-13854,805,-315
-35,10,-55,-12030,9603,-3210,-14024,541,-618
-25,30,-84,-11770,12219,782,-13982,621,-574
-30,42,-96,-10252,-800,370,-13962,-52,-471
-15,37,-98,-7094,-1641,3933,-13754,-127,-319
-38,44,-90,-2049,18,938,-13704,8,-48
-45,31,-78,1979,-152,-157,-13712,29,137
-38,29,-84,-711,-1065,406,-13691,-38,-6
-54,26,-93,-1304,-785,-71,-13695,0,-51
-46,29,-88,242,-896,-6,-13695,-15,37
-53,32,-86,1947,-132,-204,-13706,37,130
-48,37,-83,1221,-1584,-764,-13747,-45,104
-52,32,-85,1920,-3215,-2544,-13881,-120,129
-46,36,-80,3272,-3808,-3113,-14046,-158,210
-41,22,-73,4361,-5166,-1779,-14143,-230,244
-44,18,-73,6062,-4205,70,-14139,-169,315
-41,16,-72,6730,-2845,1485,-14060,-103,346
-55,14,-74,6924,-1993,1597,-13975,-33,345
-43,24,-77,5693,-3887,1978,-13871,-161,310
-60,3,-58,5283,-6143,-74,-13875,-205,236
-65,6,-63,6382,167,707,-13837,114,301
-51,5,-67,6391,-4288,1505,-13757,-145,298
-67,3,-65,8000,-1322,4531,-13513,38,381
-54,8,-55,9771,-4938,5610,-13215,-150,481
-76,-2,-52,7109,-984,6661,-12862,95,314
-95,6,-47,7436,6728,9889,-12338,519,351
-115,0,-39,4857,-328,8297,-11890,191,209
-97,4,-60,2934,10021,8306,-11450,665,118
126,3,-71,-1096,2345,4133,-11231,287,-91
-111,-27,-77,2904,2939,5417,-10943,287,61
-118,-23,-86,4564,-2754,3711,-10743,-7,159
-78,-38,-92,7304,-318,3634,-10550,60,261
-70,-33,-82,8098,-1001,2507,-10418,25,303
-81,-19,-94,8374,9426,8361,-9974,563,350
-45,-18,-88,5060,193,6895,-9602,41,179
-66,24,-81,4492,11823,11367,-9000,678,239
-55,10,-75,812,-2877,5384,-8714,-77,25
-39,0,-70,474,3881,9496,-8211,239,-16
-31,68,-37,-6614,-2961,1633,-8123,-141,-166
24,87,-66,-16489,5648,2064,-8013,161,-676
-24,40,-81,-6211,-467,2768,-7867,-39,-256
-55,43,-70,1529,-279,2402,-7739,44,139
-50,55,-68,4078,1943,1819,-7641,142,302
-51,33,-75,1147,-381,1576,-7557,32,96
-63,48,-80,131,-993,-678,-7593,9,68
-52,41,-73,1231,-1302,-1434,-7669,-15,120
-51,32,-76,2032,-1674,-2390,-7798,-37,142
-53,40,-69,1046,-3161,-668,-7833,-99,109
-44,25,-71,-269,-4254,-816,-7877,-170,13
-55,40,-73,1779,-4686,-799,-7919,-180,144
-50,29,-72,3762,-2401,-2718,-8066,-69,226
-54,34,-63,3310,-3822,-3592,-8256,-122,217
-56,25,-73,4234,-1055,-695,-8293,14,236
-70,17,-67,1585,-4943,-2555,-8428,-145,80
-60,24,-74,4040,-3128,-1780,-8524,-88,225
-70,15,-62,2753,-4371,-5123,-8796,-108,136
-71,25,-54,3788,-4535,-4668,-9043,-107,216
-64,4,-50,2711,-3922,-6597,-9393,-69,108
-68,-1,-36,1001,-3061,-4440,-9628,16,6
-61,-13,-48,-3614,-451,-2675,-9773,102,-268
-75,-21,-43,-5579,280,-1632,-9859,166,-380
-76,-14,-59,-8302,5145,-137,-9867,390,-497
-114,-15,-71,-10002,2280,-2818,-10016,269,-575
-94,-16,-75,-10225,6177,-2217,-10136,446,-602
-111,-18,-73,-10150,5009,-5958,-10452,401,-589
122,-15,-71,-5898,5984,-7564,-10853,473,-363
-113,3,-64,-4210,-326,-11460,-11460,148,-249
-106,8,-72,-4100,3387,-9514,-11974,321,-239
-88,9,-71,-5015,-3172,-13084,-12667,-34,-276
-67,10,-86,-3809,7609,-7721,-13076,462,-213
-58,-4,-75,-2661,3638,-7707,-13485,260,-187
-41,14,-76,-4066,14320,-3530,-13676,777,-213
-74,-6,-67,-4437,7520,-4680,-13924,497,-282
-53,6,-66,-7814,4216,-6499,-14268,292,-421
-17,26,-63,-10340,-5258,-6287,-14601,-286,-479
20,51,-79,-14327,-2584,-3915,-14813,-259,-655
-1,46,-99,-8227,-2489,471,-14788,-199,-359
-24,33,-92,-5652,-2024,-1575,-14871,-122,-252
-51,34,-74,348,754,-1810,-14967,89,61
-34,19,-77,-3365,-1153,-140,-14975,-42,-164
-42,40,-81,-6403,28,-1730,-15066,25,-271
-45,22,-89,-2039,-2411,-449,-15090,-93,-94
-43,32,-77,3080,-258,-594,-15122,21,195
-47,30,-81,175,-233,-323,-15139,24,40
-52,36,-83,-423,-1748,-779,-15180,-46,19
-40,37,-81,1067,-3200,-2436,-15309,-141,103
-36,45,-78,3297,-3699,-2015,-15416,-177,236
-23,26,-72,7763,-2643,-715,-15455,-144,436
-37,36,-70,6708,-4916,1706,-15364,-226,399
-46,19,-70,7212,-5223,1837,-15267,-213,377
-63,19,-70,6333,-6919,1287,-15199,-263,326
-57,19,-75,8524,-3577,2800,-15048,-116,447
-83,11,-69,7243,-6630,140,-15040,-214,352
-65,14,-77,9611,-2732,934,-14991,-56,481
-81,-2,-49,10037,-7125,-610,-15023,-203,464
-84,1,-41,11896,960,4797,-14764,227,578
-77,-4,-27,7904,-3060,4263,-14538,49,349
-100,9,-40,5644,7542,8453,-14090,577,265
-98,-11,-48,1934,4910,6390,-13751,425,34
115,-8,-61,4508,10784,8431,-13296,747,180
-113,-15,-61,3088,-2685,3386,-13116,30,89
-98,-13,-67,5658,-269,3538,-12929,129,221
-85,-15,-74,5708,-2303,3202,-12759,0,218
-89,-28,-75,7980,-546,5013,-12488,87,318
-71,-46,-77,8294,2041,4690,-12240,181,286
-94,-10,-75,8001,3915,5330,-11957,327,345
-53,-26,-83,3599,3212,7182,-11577,212,82
-64,-18,-78,5834,6958,10847,-10991,437,220
-62,10,-63,-2424,6210,6451,-10649,416,-136
-57,21,-62,-2321,-77,7410,-10256,82,-101
-50,45,-55,-5317,-2487,7572,-9855,-63,-185
-21,76,-61,-6645,-352,4040,-9637,-45,-187
-29,52,-66,-2675,4182,793,-9595,214,-33
-33,44,-78,2259,4253,2078,-9484,222,183
-46,44,-70,3186,456,254,-9471,64,231
-63,39,-73,2319,1162,543,-9442,133,168
-53,26,-65,-998,-3351,-232,-9454,-96,-20
-60,30,-66,-872,-1287,236,-9441,17,-10
-57,29,-74,-409,-619,-840,-9486,34,7
-54,34,-78,-757,-515,-1116,-9546,27,0
-60,36,-82,903,-815,-1989,-9651,16,83
-63,38,-81,1257,-2899,-3095,-9816,-83,104
-42,34,-71,2175,-3550,-3176,-9984,-145,159
-62,35,-75,3544,-4948,-2640,-10126,-184,223
-33,34,-56,4556,-6984,-4133,-10346,-325,301
-44,20,-52,6803,-4164,-3905,-10553,-137,373
-58,12,-51,4670,-2273,-4490,-10791,0,232
-53,16,-52,2454,-7309,-2239,-10911,-277,134
-90,-3,-49,274,-2638,-1260,-10978,35,-35
-70,3,-49,-2216,-4051,-2749,-11124,-64,-143
-80,-14,-52,-5681,1712,-3382,-11303,233,-364
-88,-3,-56,-9786,3969,-2400,-11433,360,-556
-88,-3,-60,-10040,4354,-3939,-11642,366,-559
-105,-12,-82,-13433,6638,-4103,-11859,467,-746
-97,-9,-86,-13639,3208,-5549,-12153,279,-751
-124,-15,-89,-9856,3910,-8768,-12627,341,-574
-107,-4,-75,-5714,1555,-10689,-13193,221,-339
-119,-6,-59,-2530,-2579,-11558,-13806,45,-180
-80,10,-65,-4195,976,-8860,-14276,174,-230
-101,0,-53,-6254,-6134,-11369,-14890,-145,-365
-56,-6,-70,-5835,10467,-4994,-15154,610,-354
-101,-1,-77,-7200,2851,-6640,-15506,279,-409
-73,-11,-58,-2922,2095,-2339,-15630,233,-218
-34,18,-57,-5778,6845,990,-15577,398,-277
-52,25,-49,-14241,3554,-5617,-15874,278,-687
1,49,-71,-7540,-3274,2155,-15760,-247,-285
-3,72,-96,-6558,2424,4893,-15501,54,-227
-13,35,-105,-13781,4685,-3851,-15709,194,-681
-45,27,-68,-2356,3630,-2737,-15854,235,-87
-57,28,-72,3024,916,5,-15854,114,181
-42,32,-68,2885,-3032,707,-15816,-113,192
-43,25,-73,-172,-1409,652,-15781,-32,15
-54,28,-80,-1014,-937,636,-15748,6,-26
-56,31,-78,467,35,228,-15736,59,55
-58,34,-78,996,154,-215,-15747,69,88
-54,35,-74,482,-758,-416,-15769,18,68
-54,36,-77,279,-344,-1155,-15831,35,57
-41,39,-81,608,-1617,-3979,-16042,-59,82
-44,45,-70,3950,-2647,-3721,-16240,-98,274
-37,31,-75,7669,-6316,-2821,-16389,-298,431
-27,35,-64,9722,-7119,197,-16379,-362,569
-58,13,-57,9775,-6385,2633,-16239,-223,494
-55,2,-57,8892,-3587,2071,-16129,-81,418
-73,8,-60,5456,-3353,3097,-15965,-45,256
-79,-4,-68,5224,-2354,2481,-15831,-1,220
-65,10,-66,5499,-1645,3478,-15647,17,264
-107,-9,-57,12417,3877,6662,-15293,366,572
-64,19,-61,7772,2382,5820,-14985,224,404
-98,-15,-48,7669,-1270,4194,-14759,107,323
-67,9,-46,5205,3041,7712,-14350,296,250
-102,-7,-59,1971,3840,8849,-13881,357,45
-114,-11,-63,3431,8151,10220,-13339,580,114
122,0,-93,4522,5754,5991,-13016,442,193
-96,-26,-90,5997,-5743,5267,-12736,-186,219
-91,-3,-84,9937,-4587,4436,-12501,-121,458
-69,-20,-80,7418,-8580,1701,-12411,-352,292
-93,-4,-79,7713,-4300,2936,-12253,-102,351
-67,-13,-61,7575,-905,3099,-12088,65,310
-86,-5,-61,2331,-1894,3630,-11896,44,64
-64,-30,-60,3079,3781,5936,-11581,290,40
-82,19,-42,2922,11846,8829,-11104,779,157
-48,17,-64,-4191,1629,7215,-10722,148,-205
-61,24,-43,-3081,-1090,5895,-10410,71,-126
-11,76,-60,-7894,4457,5884,-10098,177,-237
-30,46,-79,-4378,1498,4642,-9852,73,-149
-40,37,-76,649,4012,991,-9799,228,86
-57,41,-55,4211,2064,-480,-9825,187,283
-62,34,-64,991,1397,784,-9783,156,93
-62,37,-71,-1665,-606,52,-9780,42,-39
-64,32,-69,-2783,-1051,-97,-9785,30,-106
-62,33,-78,-320,1221,-428,-9808,129,17
-60,36,-79,29,1538,-1599,-9893,139,39
-62,36,-78,796,328,-1458,-9972,84,79
-52,40,-81,-626,-1696,-2711,-10115,-41,17
-56,36,-73,1079,-3703,-2763,-10262,-126,99
-36,27,-66,1925,-3624,-4440,-10497,-153,137
-45,32,-55,2991,-4991,-2853,-10651,-193,211
-49,29,-62,2208,-3979,-3321,-10827,-135,153
-44,44,-60,2024,-5500,-5640,-11126,-234,186
-69,14,-65,4263,-532,-5375,-11411,79,210
-68,35,-63,1578,-450,-5647,-11716,72,125
-84,-3,-56,2263,-6738,-5725,-12020,-193,65
-91,3,-42,434,-5167,-3065,-12182,-79,-10
-60,-23,-29,-789,-5018,-4724,-12432,-98,-157
-90,-35,-32,-7937,8227,-2721,-12579,598,-532
-87,-10,-62,-11447,5416,-3482,-12764,415,-646
-97,-16,-71,-14875,6258,-3876,-12969,453,-828
-102,-6,-86,-11496,1594,-5169,-13243,203,-637
-111,-9,-80,-10165,1045,-6154,-13576,192,-583
-113,-6,-79,-6716,2252,-6887,-13941,257,-392
-128,-8,-71,-3632,975,-9138,-14425,215,-239
-115,-2,-68,-3134,-705,-11015,-15009,124,-204
-117,-7,-61,-3419,-532,-12577,-15688,144,-231
-61,-15,-55,-3262,2713,-10209,-16229,249,-248
-103,-5,-60,-5556,6496,-3251,-16402,492,-334
-58,-1,-58,-6054,-2241,-2856,-16550,-10,-347
-32,20,-35,-7761,9080,2062,-16439,550,-352
-46,13,-63,-12007,4497,-1510,-16519,295,-612
-3,65,-60,-11152,5115,1735,-16427,191,-420
0,63,-94,-12286,1304,2177,-16311,-12,-531
-8,46,-88,-8945,-22,215,-16300,-58,-394
-39,15,-96,-5607,5506,-2005,-16406,291,-292
-51,48,-74,492,1618,-2619,-16545,125,96
-47,23,-70,2327,-5215,2152,-16431,-211,139
-36,37,-78,2161,-2477,87,-16426,-112,164
-52,35,-78,337,-495,313,-16410,22,58
-51,35,-81,395,-796,-26,-16411,2,61
-47,34,-78,-117,-1433,-53,-16414,-33,35
-51,36,-73,140,-633,-215,-16425,19,55
-49,36,-74,1198,-718,-411,-16447,9,109
-51,36,-72,541,-2125,-1130,-16507,-55,75
-51,41,-74,2022,327,-1379,-16580,64,160
-53,32,-75,3447,-1610,-1403,-16656,-26,215
-52,49,-75,3406,-2417,-853,-16701,-78,245
-48,30,-79,5227,-5748,-633,-16735,-251,296
-49,40,-72,7069,-4526,-1634,-16822,-183,418
-38,27,-75,8518,-5448,-1342,-16894,-256,473
-66,17,-60,9770,-2483,-3095,-17058,-16,500
-45,13,-72,6753,-5576,-1092,-17116,-233,339
-63,-12,-52,8492,-4678,-3236,-17288,-114,356
-61,1,-54,7857,-3239,2420,-17157,-50,370
-56,-12,-47,7679,-4802,4151,-16937,-123,312
-80,0,-39,5394,2582,8636,-16479,309,234
-97,-9,-46,3420,6356,7482,-16090,496,110
-119,0,-59,1961,11193,13085,-15396,747,60
120,-9,-74,1796,5843,9316,-14893,470,37
125,-25,-76,5311,3706,10133,-14356,346,191
-102,-15,-86,7310,-4381,5820,-14048,-102,303
-105,-16,-92,9925,-6512,6598,-13698,-214,437
-61,-13,-79,9778,-9634,2523,-13562,-427,435
-106,-8,-72,7888,-5790,1431,-13486,-148,344
-55,-21,-78,5091,-1911,1262,-13419,-36,166
-95,-11,-63,6703,3458,6220,-13089,323,277
-59,-8,-49,5232,545,7167,-12702,151,204
-70,-3,-48,5001,11555,12712,-12029,733,204
-39,51,-51,-2678,14082,5900,-11716,754,-23
-55,52,-68,-11885,374,223,-11704,73,-522
-8,66,-65,-9937,-432,1219,-11638,-78,-375
-17,33,-102,-8024,-2319,6468,-11295,-156,-376
-63,57,-76,7760,5499,1969,-11191,338,473
-57,39,-47,4208,-2917,1392,-11117,-53,284
-49,28,-51,883,-4200,3115,-10949,-133,91
-58,36,-57,2260,-17,1604,-10864,85,170
-65,36,-67,1166,1540,417,-10842,163,103
-60,37,-70,-565,-304,-198,-10852,56,19
-63,35,-71,-595,320,-69,-10856,94,9
-61,37,-74,-598,-151,-710,-10894,61,13
-60,38,-76,-107,731,-1730,-10985,102,39
-59,39,-79,-43,-322,-2831,-11135,42,43
-57,39,-69,1002,-3948,-3073,-11301,-139,105
-48,22,-71,2997,-2582,-1767,-11395,-76,170
-45,35,-76,3401,-2013,-1647,-11481,-64,215
-51,34,-77,4228,-1874,-982,-11533,-47,254
-61,35,-68,5286,-3939,-1968,-11639,-125,316
-51,30,-61,5676,-8837,-3482,-11824,-378,331
-56,9,-51,6313,-3870,-3192,-11993,-84,308
-59,15,-48,4427,-1256,-4137,-12212,56,231
-76,7,-51,2516,1654,-5018,-12483,232,109
-76,-9,-43,-1669,-1165,-4486,-12721,101,-150
-70,-7,-36,-1649,-2545,-2359,-12846,41,-147
-94,-23,-52,-8894,2167,-683,-12882,268,-543
-100,-11,-78,-9724,2341,594,-12850,251,-565
-118,-18,-82,-8801,909,-2276,-12971,187,-517
-102,-12,-73,-7372,-331,-3675,-13166,122,-437
-113,-16,-63,-5736,-606,-5799,-13473,132,-361
-123,-5,-58,-3469,4487,-7350,-13870,414,-230
-127,8,-45,-4868,-3296,-12163,-14515,36,-273
-115,5,-58,-6967,5348,-12029,-15152,448,-384
-116,8,-45,-9286,-5085,-17098,-16058,-61,-497
-83,1,-61,-8694,8981,-10309,-16615,602,-488
-80,17,-53,-12913,-599,-11434,-17221,112,-656
-30,9,-70,-13615,1803,-6128,-17546,109,-704
-15,52,-75,-8445,9649,-660,-17581,452,-332
-22,32,-81,-16095,-45,-4313,-17814,-20,-791
-25,49,-70,-8371,-4700,3220,-17643,-250,-333
-16,55,-83,-9017,910,5030,-17377,7,-367
-41,21,-83,-6856,383,-1795,-17472,45,-338
-49,30,-75,992,2354,-2103,-17585,170,84
-53,25,-69,3085,430,-1440,-17662,89,181
-48,20,-76,-1479,-328,-5,-17662,33,-65
-56,23,-78,-1177,516,-131,-17669,88,-45
-57,26,-80,314,-157,275,-17654,51,34
-56,29,-79,1068,238,2,-17654,71,81
-60,32,-77,825,-451,-508,-17681,44,74
-54,28,-75,969,-1434,-1301,-17750,-14,77
-58,42,-74,2560,-2237,-3146,-17920,-54,188
-59,35,-69,2301,-8248,-3558,-18105,-338,159
-44,22,-72,7207,-2292,-963,-18156,-71,385
-54,29,-73,6897,-5103,-840,-18200,-198,381
-41,8,-70,6565,-5156,-1131,-18261,-223,322
-53,26,-59,9060,-4793,865,-18216,-161,492
-64,0,-54,8742,-4341,-1920,-18317,-97,405
-68,11,-51,9935,-377,2429,-18189,114,496
-82,-11,-48,10156,-2828,-1024,-18244,12,457
-86,-6,-40,9140,-459,4798,-17990,159,409
-77,-21,-32,7888,-1291,6630,-17638,110,302
-123,2,-41,5925,7783,11009,-17055,605,265
-104,-1,-63,3322,170,7139,-16669,167,128
105,4,-58,5663,4236,5364,-16385,413,253
-123,-30,-51,7809,-2578,3539,-16197,49,304
-119,-35,-36,10850,-2098,5218,-15921,84,448
-88,-30,-51,7667,-5693,4488,-15678,-147,290
-120,-35,-50,8330,-3233,3452,-15495,11,322
-55,-26,-55,4350,3348,4217,-15272,261,106
-110,-8,-46,2562,-1842,3346,-15094,97,72
-41,-5,-62,3269,13113,7983,-14663,736,112
-114,11,-57,-1084,-1744,6816,-14302,86,-74
-47,21,-69,666,1903,5501,-14011,154,49
-61,23,-54,2195,6463,11879,-13381,436,134
-8,86,-57,-5649,-3619,11266,-12772,-244,-109
-42,69,-78,-4756,5674,9822,-12252,299,-131
-59,49,-67,2486,4371,3136,-12086,288,199
-71,50,-56,2739,1785,191,-12076,187,215
-71,50,-50,6473,1061,-1263,-12144,157,415
-64,46,-58,95,-1211,-208,-12155,25,76
-65,35,-57,-270,-2125,-432,-12178,-9,34
-64,36,-61,295,-46,-150,-12186,89,62
-65,36,-63,72,147,-974,-12237,97,49
-68,37,-64,-320,-375,-662,-12273,73,30
-67,37,-66,-294,-751,-934,-12323,51,30
-60,37,-65,-1093,-800,-1974,-12425,38,-4
-64,39,-67,-407,-1120,-2802,-12574,23,30
-49,42,-63,-1920,-1472,-4165,-12799,-21,-29
-61,43,-65,1168,-5493,-4178,-13020,-203,121
-46,38,-62,1397,-1510,-6467,-13363,-24,134
-61,51,-52,6561,-5887,-4091,-13580,-216,422
-47,21,-54,3369,-4458,-6889,-13952,-151,200
-65,29,-45,3620,-4093,-4084,-14168,-82,223
-77,10,-35,-727,-4788,-6249,-14500,-61,-49
-77,2,-41,-3542,-1469,-6024,-14819,96,-213
-73,-9,-34,-7135,2370,-4405,-15057,302,-436
-128,-32,-58,-9407,901,-2299,-15179,219,-572
-108,-19,-61,-7352,-758,881,-15132,121,-450
127,-30,-63,-9107,-1208,-850,-15177,108,-551
-115,-18,-61,-9624,818,-3212,-15351,210,-572
-126,-13,-46,-8605,-3152,-9357,-15846,39,-501
-102,-9,-37,-6901,1061,-8988,-16323,254,-411
-121,4,-33,-7317,339,-11255,-16919,237,-404
-87,-1,-42,-9145,6849,-8565,-17382,534,-519
-118,-6,-50,-6251,8154,-7626,-17786,606,-369
-88,-15,-56,-4377,4810,-9285,-18278,394,-297
-101,-12,-49,-6247,2815,-6662,-18631,318,-384
-68,-14,-43,-8016,5826,-2320,-18757,450,-496
-48,5,-44,-12369,13310,-2652,-18897,788,-651
-31,18,-60,-12646,-380,-1085,-18955,8,-622
20,85,-84,-14829,2116,-1602,-19040,-7,-618
-33,61,-91,-12434,-3869,4267,-18809,-210,-556
-21,57,-89,-12965,5400,-282,-18824,243,-571
-60,28,-83,-3961,1401,-1357,-18896,132,-180
-51,33,-62,3596,-3763,-193,-18906,-124,231
-43,37,-68,1182,-2400,-61,-18910,-85,118
-47,32,-70,-688,-1232,154,-18901,-12,6
-57,35,-75,412,-21,593,-18870,60,62
-59,41,-74,676,-1867,391,-18849,-31,86
-57,37,-69,1336,-1092,-282,-18865,10,118
-55,39,-68,637,-1465,397,-18843,-12,88
-59,42,-70,1150,216,-426,-18866,77,116
-61,38,-64,2126,229,-734,-18905,90,161
-64,49,-70,-754,-1810,-1231,-18971,-22,28
-63,43,-70,1963,-5445,-2309,-19093,-202,156
-48,43,-70,4131,-4750,-3337,-19270,-197,276
