-52,18,-79,-94,367,-1265,-775,-6,-7
-50,19,-79,-165,575,-1506,-855,17,-13
-48,20,-77,-188,676,-1611,-940,21,-11
-47,21,-74,-466,1085,-1435,-1016,41,-20
-48,25,-73,-1069,1585,-905,-1065,70,-41
-53,28,-78,-1577,1755,-149,-1073,81,-65
-60,26,-81,-1368,710,225,-1061,39,-62
-61,22,-84,-1162,-30,122,-1055,0,-61
-57,18,-82,-678,-401,-266,-1069,-22,-43
-53,20,-75,-438,-276,-383,-1089,-14,-24
-70,25,-70,-963,187,-704,-1127,43,-43
-101,23,-79,-2092,1972,-3307,-1302,164,-117
-124,18,-116,-30,646,-8255,-1748,80,-28
-102,25,124,4177,-6671,-11168,-2340,-328,195
-58,36,-124,8870,-14625,-13360,-3048,-785,458
-39,38,-77,12092,-12830,-11232,-3643,-693,658
-53,33,-33,6615,-11339,-10340,-4201,-531,403
-38,4,-24,2046,-8707,-8670,-4661,-353,73
-94,-34,-20,-1487,-2372,-6393,-5000,9,-205
-114,-62,-17,-1997,-2835,-6798,-5360,-40,-265
-119,-25,-9,-6222,104,-8921,-5842,176,-421
-82,-39,-37,-12062,-51,-12472,-6503,84,-759
-89,-18,-31,-9313,3533,-11590,-7117,313,-569
-40,-24,-62,-13211,-1814,-9937,-7644,-106,-797
-55,-15,-67,-11301,-106,-7572,-8053,11,-677
6,-7,-91,-9122,64,-1091,-8110,-152,-526
-47,11,-86,-7043,464,-354,-8128,0,-382
-18,-3,-96,-4416,947,-545,-8157,-47,-284
-30,-8,-88,-781,453,-721,-8196,-39,-112
-33,-14,-88,1273,-2414,78,-8192,-178,-22
-32,-15,-91,4728,-1917,1538,-8111,-158,151
-28,-14,-85,8198,-4030,2800,-7962,-270,328
-28,-20,-71,9241,-1930,3584,-7769,-153,368
-48,-22,-60,10489,-235,4833,-7512,-1,415
-49,-20,-47,11093,28,5757,-7207,37,445
-69,-24,-38,11712,-78,5717,-6904,84,474
-71,-30,-30,11131,-607,7113,-6520,65,438
-67,-27,-22,8902,1604,6410,-6180,193,317
-110,-24,-16,5217,3337,4509,-5941,332,165
-98,-53,-24,5820,5801,2463,-5811,393,133
-95,-64,-55,-3110,3222,2217,-5691,222,-334
-121,-67,-77,-2120,4753,4176,-5470,301,-260
-111,-64,-67,1289,2517,1013,-5416,190,-90
-81,-53,-55,2084,1612,2760,-5270,130,-58
-75,-63,-64,2591,2354,5267,-4985,143,-47
-73,-65,-69,3536,1602,6960,-4616,93,-3
-74,-60,-62,4683,2483,9198,-4129,149,57
-64,-59,-71,4834,3827,8005,-3704,195,67
-90,-28,-68,4923,4556,7084,-3322,301,147
-65,-51,-83,5328,1158,7682,-2915,54,116
-82,7,-56,9248,-1111,11933,-2282,26,436
-56,2,-64,1068,1502,6596,-1933,102,9
-73,6,-49,4918,-2405,6675,-1572,-39,218
-57,16,-36,-1023,215,4872,-1314,95,-50
-64,18,-33,-3107,1420,4127,-1095,170,-152
-59,21,-48,-6540,1170,2008,-989,115,-322
-53,17,-80,-2846,1514,2459,-858,70,-154
-81,23,-72,1656,3001,343,-840,201,80
-83,17,-58,2565,-286,99,-835,63,118
-82,14,-58,3109,-2852,1021,-781,-68,139
-76,23,-62,2859,-1062,-1055,-838,2,150
-84,27,-59,2489,-304,-2606,-976,54,135
-80,38,-49,-1936,-4097,-6796,-1336,-138,-62
-61,27,-49,1063,-3041,-6877,-1701,-102,78
-65,6,-40,326,-5291,-9623,-2220,-181,-16
-37,-15,-34,-611,-1903,-8932,-2694,-54,-150
-54,-26,-30,-2284,-1466,-6840,-3056,1,-258
-57,-42,-41,-4716,341,-4246,-3281,56,-415
-67,-44,-55,-7603,369,-6086,-3610,54,-553
-74,-52,-60,-9234,1165,-2789,-3758,93,-635
-72,-37,-77,-7055,-2314,-1096,-3816,-95,-488
-81,-36,-97,-7814,1696,-346,-3834,100,-513
-97,-26,-90,-5446,-899,-1690,-3926,-1,-379
-79,-50,-75,-4062,2727,1798,-3830,165,-356
-110,-46,-76,-2550,-256,1037,-3775,52,-257
-87,-29,-73,359,-2520,-1594,-3860,-75,-90
-77,-17,-61,915,-1382,-1714,-3952,-7,-43
-86,-19,-60,380,-1434,-2263,-4072,3,-73
-101,-30,-59,741,-985,-2801,-4221,37,-71
-116,-34,-51,90,-353,-4156,-4441,92,-108
-124,-27,-45,-1816,-2238,-6433,-4788,13,-192
-101,-16,-51,-3884,-261,-5957,-5104,96,-281
-87,-3,-60,-7644,365,-10704,-5672,100,-447
-74,-2,-65,-7586,3520,-8015,-6096,235,-443
-69,-4,-63,-7063,1865,-12696,-6782,148,-428
-40,-18,-69,-4727,34,-9953,-7309,-18,-342
-33,-7,-71,-5897,-1153,-7554,-7710,-98,-374
-27,-23,-72,-3358,-2561,506,-7683,-189,-288
-24,-2,-61,-3512,-3338,-1009,-7737,-223,-240
-31,-6,-69,-2041,340,4103,-7515,-23,-176
-27,1,-83,-6061,-42,535,-7487,-67,-356
-56,-9,-89,-3610,1380,821,-7443,60,-256
-54,-14,-89,-1062,-113,-130,-7450,-19,-136
-58,-10,-93,2053,-1258,-152,-7458,-75,33
-49,-10,-98,3022,-2570,-459,-7483,-162,81
-55,0,-96,5642,-3779,-291,-7498,-206,229
-35,-1,-89,7998,-5830,-631,-7531,-347,352
-32,-11,-72,9611,-3493,-2,-7531,-222,412
-33,-19,-47,11755,-910,776,-7490,-52,473
-42,-23,-30,10838,-444,3584,-7300,29,404
-57,-37,-26,8831,1822,3847,-7096,159,275
-70,-37,-21,7263,6098,5253,-6813,411,217
-70,-43,-37,4629,2579,5248,-6534,196,70
-85,-28,-29,3034,3109,6097,-6211,277,32
-76,-19,-50,893,4946,7164,-5831,332,-54
-97,-18,-69,-231,2598,7992,-5400,211,-97
-99,-18,-79,-294,2450,8137,-4969,189,-99
-102,-29,-71,-1624,4151,8254,-4531,284,-187
123,-53,-63,243,3300,7508,-4133,261,-118
-100,-42,-82,2496,0,3137,-3964,49,5
-81,-19,-68,3447,-824,1020,-3910,14,83
-78,-10,-59,2420,-778,-20,-3911,31,47
-69,-12,-63,1965,-246,-52,-3914,37,18
-79,-33,-69,1577,327,650,-3878,62,-39
-91,-50,-74,3682,-908,1275,-3811,-2,43
-97,-64,-83,4720,-1875,1768,-3717,-62,81
-85,-61,-80,7020,-2981,1907,-3616,-129,195
-75,-43,-67,7902,-2706,3455,-3429,-105,263
-75,-18,-49,7819,-814,4523,-3190,39,299
-51,-18,-54,6835,1449,5413,-2903,104,239
-78,-10,-46,4151,2763,6227,-2573,236,132
-75,-3,-43,4166,-787,6468,-2223,60,156
-69,0,-39,-64,-5009,6389,-1885,-150,-55
-53,12,-38,-2496,-1328,5503,-1593,4,-136
-62,22,-41,-2945,2527,4182,-1371,201,-135
-75,19,-53,-4109,4873,2501,-1236,326,-216
-81,15,-62,-2045,3092,792,-1194,225,-121
-80,8,-61,1015,3205,-230,-1207,235,19
-91,13,-51,1608,-973,822,-1163,52,59
-81,7,-56,1657,-2578,765,-1122,-51,52
-83,16,-60,2931,-502,-96,-1127,49,133
-77,29,-53,1934,-1312,-756,-1167,2,115
-77,32,-48,-348,-3521,-249,-1180,-104,8
-60,19,-43,-2822,-1188,-3007,-1343,7,-140
-61,17,-35,-1649,1059,-3979,-1553,145,-81
-65,3,-42,-1715,-2096,-6688,-1908,-17,-127
-72,-12,-41,-736,-412,-4802,-2162,76,-123
-58,-23,-48,-1620,-2059,-5005,-2433,-56,-204
-85,-35,-44,-4657,-1837,-5224,-2710,-6,-369
-88,-24,-42,-4723,105,-1627,-2796,110,-348
-55,-33,-61,-8897,1482,-2001,-2902,91,-591
-90,-23,-59,-7542,2962,559,-2872,234,-491
-93,-13,-90,-8161,6140,3597,-2681,356,-490
-98,-10,-99,-5442,3204,715,-2643,202,-345
-99,-12,-84,-3384,2677,-1720,-2734,196,-245
-109,-20,-65,-2638,-416,-2973,-2895,71,-224
-94,-13,-68,-1573,-733,-3498,-3080,38,-157
-99,-9,-69,-988,-475,-4441,-3316,56,-119
-103,-7,-66,-260,-1978,-5862,-3621,-7,-78
-103,-7,-62,-507,-1446,-7360,-4018,21,-92
-121,-11,-58,-1448,-1370,-7996,-4442,46,-145
-115,-9,-59,-3982,-3001,-10794,-5014,-40,-271
-97,-6,-60,-2355,-1108,-11355,-5616,37,-183
-72,-7,-67,-4490,-1343,-12720,-6303,-19,-302
-64,-22,-64,-2029,261,-6988,-6673,48,-209
-46,-22,-57,-4151,771,-4317,-6902,49,-329
-42,-25,-48,-4523,927,-473,-6927,61,-367
-31,-17,-49,-4561,2117,-846,-6973,94,-354
-25,-1,-48,-5897,1287,1746,-6880,38,-359
-27,4,-69,-8945,3169,-1113,-6939,108,-494
-36,7,-87,-6474,4170,-181,-6949,164,-362
-54,-1,-87,-3597,-622,-388,-6970,-42,-242
-49,-8,-89,-844,-266,159,-6961,-35,-113
-58,-8,-86,847,-1377,196,-6951,-72,-27
-51,-6,-87,895,-1882,228,-6939,-112,-20
-51,-8,-86,3327,-3274,945,-6888,-184,101
-38,0,-76,5036,-5085,3165,-6720,-289,202
-43,1,-72,5687,-3813,4550,-6479,-208,242
-46,3,-66,4706,-3012,4472,-6242,-151,197
-44,6,-65,6506,-1992,4447,-6002,-104,305
-60,-6,-60,7629,-3043,5051,-5734,-112,318
-66,-1,-44,8270,1645,5775,-5428,170,364
-72,-11,-38,5978,1491,5088,-5158,181,221
-94,-14,-43,4125,808,3791,-4953,160,130
-92,-15,-44,1359,-1310,4096,-4736,47,-16
-93,-5,-42,1503,-4013,2460,-4606,-80,13
-75,-11,-59,1336,-4693,4046,-4391,-171,-11
-97,14,-67,611,4185,6865,-4021,298,7
-117,-6,-75,-319,5717,6961,-3652,381,-79
-116,-20,-77,2671,2077,5630,-3353,189,50
-109,-13,-69,3973,-561,3748,-3155,61,125
-99,-5,-65,4111,82,2084,-3042,93,150
-87,-5,-68,3918,-1276,742,-3003,4,135
-87,-11,-70,4417,-2075,1331,-2932,-41,148
-90,-18,-73,5818,-3381,1762,-2839,-109,207
-99,-20,-72,5214,-3375,1808,-2741,-101,180
-98,-28,-76,6383,-3132,1492,-2662,-95,222
-100,-23,-67,6916,-3114,1085,-2605,-78,255
-81,-28,-61,6004,-2240,2546,-2472,-48,185
-75,-10,-48,5325,726,4453,-2236,125,192
-76,2,-44,2229,-2169,3948,-2023,-12,71
-52,5,-48,2846,748,4810,-1768,90,111
-84,17,-38,779,2177,3739,-1570,227,29
-59,2,-34,3736,-1809,2727,-1425,7,148
-67,19,-19,912,3972,1874,-1324,338,57
-71,22,-15,-3155,2307,-173,-1333,254,-143
-61,10,-30,-4236,3125,1805,-1237,272,-233
-59,20,-63,-2891,1936,3692,-1042,126,-146
-79,22,-82,1867,3568,2533,-905,218,89
-92,24,-62,1746,828,850,-860,120,86
-78,16,-59,-63,-2999,1471,-782,-83,-16
-75,20,-66,-42,-1141,1059,-726,-6,-7
-77,29,-68,2272,360,-852,-772,64,129
-82,43,-58,2636,-1889,-3148,-939,-40,175
-66,24,-59,234,-4704,-5939,-1253,-193,21
-70,28,-43,1383,-2778,-8098,-1683,-65,95
-65,4,-43,-57,-2348,-7934,-2111,-34,-42
-65,-15,-41,1870,262,-5819,-2420,97,-2
-68,-24,-38,-704,-5147,-7542,-2819,-173,-155
-75,-25,-28,-960,1583,-3789,-3020,194,-172
-71,-31,-36,-3698,-868,-2348,-3147,41,-327
-86,-28,-47,-7029,-1298,-3424,-3328,24,-473
-79,-30,-71,-7602,1306,-2517,-3462,112,-501
-100,-32,-84,-6677,-1032,-2589,-3599,0,-446
-104,-52,-66,-6105,1298,-508,-3627,132,-460
-122,-56,-60,-5023,-366,1417,-3551,67,-397
-101,-34,-72,-2244,215,-1845,-3649,78,-228
-97,-20,-53,-958,-475,-3447,-3832,75,-141
-105,-13,-42,-2868,-1018,-4087,-4053,76,-228
-97,-22,-44,-4698,-1121,-5503,-4344,55,-339
-104,-19,-48,-6061,1335,-7833,-4759,183,-397
-109,-21,-58,-6708,3117,-9304,-5253,262,-433
-92,-23,-67,-4497,1530,-11008,-5847,149,-330
-87,-22,-78,-3514,-2473,-10714,-6415,-76,-274
-63,-25,-72,-1335,-1354,-6585,-6764,-49,-179
-59,-18,-67,-3482,-1339,-7320,-7152,-45,-276
-41,-23,-64,-948,1798,-444,-7176,80,-169
-42,-15,-54,-3752,2425,-3224,-7347,132,-292
-27,-33,-55,-2676,862,-1794,-7442,-1,-300
-31,-4,-47,-3477,2285,-900,-7490,112,-248
-31,-22,-66,-6226,2216,1588,-7404,72,-441
-40,13,-69,-6732,2593,-58,-7407,112,-355
-47,-5,-92,-6048,2993,256,-7393,122,-371
-49,-9,-96,-2527,33,-320,-7410,-27,-200
-52,-10,-93,1044,-1837,95,-7405,-117,-19
-38,-6,-93,1357,-2438,256,-7392,-173,3
-48,-9,-92,2374,-4040,-982,-7444,-233,47
-35,5,-83,4823,-3930,-1424,-7518,-243,203
-28,-8,-79,5886,-5078,-848,-7564,-323,231
-40,-12,-62,7683,-4029,2653,-7423,-213,301
-46,-15,-53,8661,-266,6286,-7090,6,340
-53,-30,-53,8172,-74,7219,-6707,22,277
-78,-24,-43,6924,157,8541,-6246,99,245
-71,-17,-44,5658,524,9112,-5763,113,189
-73,-14,-47,3580,2728,9631,-5252,224,93
-101,-18,-51,1939,2716,9552,-4746,246,9
-90,-17,-59,4466,2093,5938,-4426,192,143
-83,-2,-71,2296,1735,5424,-4138,148,60
-94,-6,-84,1122,781,4817,-3883,95,-7
121,-41,-58,1967,3776,8023,-3457,302,-13
-101,-30,-74,1744,-2138,2901,-3301,-42,-15
-78,-12,-71,3980,-811,2789,-3153,9,124
-75,-13,-66,3781,-118,2733,-3008,47,110
-81,-15,-67,4138,-1924,2428,-2879,-37,125
-86,-21,-71,4593,-1798,3117,-2711,-33,143
-91,-27,-73,4610,-3387,3688,-2515,-113,129
-96,-31,-78,4780,-1918,4540,-2275,-40,134
-100,-33,-76,6753,-4926,4248,-2050,-187,233
-86,-24,-64,8216,-4887,3020,-1887,-186,322
-81,-22,-51,7163,-4261,4328,-1657,-133,260
-75,-18,-39,6517,-2959,6405,-1318,-47,231
-77,-3,-29,5854,-2185,8450,-870,26,237
-78,10,-29,2753,40,6893,-498,138,118
-80,27,-32,-504,-1948,6217,-168,10,-7
-69,44,-32,-3085,-1675,1714,-77,-17,-87
-55,25,-28,-3784,3253,-469,-102,248,-156
-72,29,-30,-1729,3504,2165,14,282,-59
-69,23,-47,-1252,-1113,1940,117,16,-52
-73,22,-53,951,3238,-89,112,232,52
-87,20,-51,1269,2760,295,128,232,58
-96,26,-48,1315,-675,721,167,67,71
-88,22,-57,3555,267,-104,161,95,177
-95,31,-48,3515,-2343,-1828,64,-21,192
-82,31,-38,5617,-5309,-560,34,-173,311
-89,41,-30,1478,-8433,-5291,-250,-334,119
-71,28,-39,261,-3433,-7631,-655,-90,39
-88,11,-27,-1424,-2756,-7543,-1055,5,-95
-75,2,-26,-2664,-1176,-8565,-1509,84,-180
-86,-14,-24,-4136,-1009,-8538,-1970,95,-302
-71,-48,-25,-4497,-1018,-7037,-2343,18,-411
-69,-38,-24,-5591,-2145,-4249,-2568,-19,-445
-80,-36,-24,-5555,4482,-293,-2583,334,-428
-93,-51,-40,-7724,-2322,-3951,-2797,-39,-559
-92,-18,-58,-6726,-732,-1466,-2874,50,-431
-103,-44,-63,-6886,995,1130,-2815,124,-482
-117,-60,-43,-5206,-40,2452,-2685,89,-419
-121,-48,-45,-2790,-270,1379,-2610,92,-278
-101,-30,-47,-1994,-385,-2120,-2722,86,-213
-91,-18,-34,-2030,1032,-2772,-2869,181,-198
-101,-17,-36,-3776,2088,-2515,-3003,241,-281
-118,-30,-36,-4502,600,-4812,-3258,165,-335
-121,-34,-35,-4356,-1595,-7042,-3638,50,-338
-109,-38,-39,-4781,-1409,-7032,-4011,41,-368
-112,-25,-42,-5617,-162,-6646,-4363,117,-385
-86,-29,-51,-5673,-120,-8930,-4836,77,-406
-76,-14,-49,-6770,2145,-8452,-5293,197,-438
-59,-21,-62,-5637,5655,-1885,-5393,316,-393
-71,-4,-61,-4607,1169,-2917,-5547,118,-297
-33,-22,-71,-3143,4915,-179,-5557,208,-274
-53,-19,-61,-2086,4286,1540,-5474,243,-212
-37,-23,-64,-1921,-1837,471,-5449,-118,-219
-32,-22,-53,-2368,136,1248,-5383,-14,-251
-38,2,-66,-5336,1266,1977,-5280,45,-309
-61,-2,-89,-5130,-946,1227,-5214,-48,-321
-56,-7,-86,-142,861,-1217,-5278,39,-75
-57,-10,-80,1574,424,-789,-5320,24,4
-64,-9,-78,1171,-934,-617,-5353,-29,-12
-60,-6,-85,25,-2736,-1497,-5433,-139,-65
-47,6,-87,3453,-4515,-434,-5457,-254,140
-51,-2,-73,3158,-6183,378,-5436,-311,102
-39,2,-63,5180,-4415,2578,-5300,-234,218
-44,-17,-56,7463,-442,3931,-5088,-11,281
-66,-19,-39,8517,953,4451,-4852,135,324
-61,-11,-35,8607,2206,5767,-4546,209,349
-72,-20,-27,6989,739,4501,-4307,159,244
-78,-21,-38,4188,-29,4924,-4041,103,110
-113,-32,-38,3692,-1530,5291,-3761,48,74
-101,-25,-51,2491,-3644,2706,-3618,-81,24
-89,-23,-58,2312,2405,2673,-3476,204,17
-106,-25,-53,1570,-676,603,-3443,70,-17
-101,-20,-65,-1144,4387,3906,-3236,308,-149
126,-38,-60,2686,1487,3795,-3035,181,24
-105,-38,-58,3113,-2273,1766,-2941,-27,36
-86,-28,-54,3481,-1404,630,-2907,7,67
-87,-27,-53,2495,-337,669,-2872,67,15
-89,-41,-61,3625,-2320,1405,-2797,-54,48
-88,-40,-61,6210,-1932,2304,-2675,-36,181
-84,-29,-56,4887,521,2870,-2520,99,136
-79,-34,-50,3315,5809,4314,-2292,366,36
-93,-34,-59,3109,5022,3980,-2081,331,36
-100,-36,-70,5590,1024,2856,-1929,121,166
-101,-23,-63,9931,-3829,2801,-1778,-111,419
-67,-27,-63,7738,-5875,1768,-1684,-259,275
-85,-8,-40,10437,494,9314,-1190,143,458
-70,-6,-33,7087,-4579,11030,-606,-114,288
-64,9,-25,4942,-3504,12377,61,-49,234
-65,6,-23,426,-2480,6256,393,13,-8
-69,19,-19,-369,137,3262,566,141,-9
-73,24,-25,-2587,1691,2859,718,205,-114
-78,21,-41,-3935,4140,534,746,313,-202
-89,18,-48,-1988,5181,-688,710,364,-111
-97,21,-47,444,2556,-13,709,239,16
-100,20,-43,1181,-3124,920,758,-40,50
-88,19,-41,1246,-3442,27,760,-65,57
-90,27,-42,1328,-191,-1592,675,95,77
-103,41,-36,-1749,-2112,-3673,480,2,-58
-81,42,-39,-5197,-4412,-4598,237,-144,-215
-61,10,-31,-1774,-975,-5782,-75,57,-110
-73,4,-16,3369,923,-5716,-378,217,132
-79,-8,-17,-205,-2846,-7947,-799,23,-84
-74,-24,-20,-1804,-1875,-5548,-1093,32,-213
-91,-26,-24,-5987,-2530,-5073,-1367,4,-424
-85,-43,-30,-5285,-5645,-5814,-1675,-192,-421
-82,-32,-31,-7358,-1690,-4921,-1936,21,-506
-81,-52,-43,-8756,99,-2318,-2059,67,-616
-94,-28,-37,-8142,649,-2378,-2187,150,-535
-90,-28,-48,-8992,2840,-466,-2212,238,-571
-113,-49,-49,-9537,4262,4672,-1964,311,-624
117,-38,-51,-3677,-3173,2785,-1817,-38,-296
-114,-36,-50,-1351,-1254,614,-1783,42,-186
-102,-24,-42,-2022,-392,-1317,-1853,100,-204
-99,-14,-38,-2619,990,-2998,-2012,181,-216
-94,-13,-33,-3077,979,-3525,-2199,186,-239
-105,-24,-29,-3829,2657,-3176,-2371,279,-301
-115,-30,-28,-3635,1695,-3895,-2577,228,-293
-117,-26,-36,-5448,225,-5403,-2863,149,-377
-116,-31,-51,-6028,978,-6649,-3216,162,-413
-105,-21,-59,-4429,1050,-7738,-3634,152,-322
-79,-21,-64,-3237,3216,-6197,-3962,223,-263
-58,-11,-64,-3386,5016,530,-3934,283,-253
-53,-8,-61,-2258,11233,2398,-3809,585,-189
-51,-3,-66,-1409,10827,-264,-3824,573,-134
-55,-3,-64,-1448,5371,-743,-3863,297,-133
-30,-4,-66,-2884,815,-3055,-4025,1,-211
-32,-15,-63,-2760,2646,-2564,-4161,102,-239
-16,-3,-72,-4434,2914,-487,-4187,64,-292
-39,-1,-87,-2846,2041,1388,-4114,62,-200
-40,-5,-88,-1362,-1299,-215,-4125,-105,-132
-45,-6,-85,1236,-2196,675,-4089,-139,-3
-44,-7,-88,928,-2975,-161,-4098,-186,-20
-45,0,-87,2725,-2582,-48,-4100,-159,85
-40,0,-86,4231,-2938,-573,-4131,-187,163
-37,5,-83,6055,-1739,-125,-4138,-129,271
-43,3,-73,7799,2116,1474,-4058,94,360
-39,-15,-72,8012,-1636,524,-4030,-110,312
-45,-29,-57,8433,-1340,3242,-3858,-65,290
-48,-37,-49,6633,-1604,5397,-3572,-67,172
-61,-42,-43,4898,-2362,7100,-3189,-80,84
-60,-36,-52,2418,3131,10869,-2613,194,-27
-81,-25,-51,1081,133,9299,-2120,88,-55
-88,-22,-57,2797,-1690,5754,-1815,-2,42
-84,-14,-62,257,-3640,4993,-1550,-111,-69
-83,-7,-61,2887,-1016,3382,-1368,22,81
-78,-8,-76,-2002,5065,4624,-1123,301,-171
-91,-13,-79,-2620,4789,4462,-886,300,-210
-98,-23,-82,45,2078,4712,-636,163,-91
-98,-28,-78,1798,775,5218,-354,100,-8
-101,-23,-80,3081,-2206,3450,-172,-49,63
-91,-24,-82,4751,-5179,1233,-106,-215,145
-86,-24,-78,4556,-4343,807,-63,-173,132
-83,-29,-79,5296,-3387,1940,40,-136,165
-85,-29,-69,6380,-3516,1724,132,-122,213
-85,-22,-62,5199,-2159,2246,249,-37,159
-87,-26,-63,4349,-721,3562,438,31,114
-75,-4,-58,3257,162,6581,793,79,107
-78,-16,-66,1570,1366,6520,1139,126,-9
-73,-7,-56,6651,-3498,6300,1472,-107,268
-62,12,-35,3852,-153,6707,1828,90,182
-64,8,-28,893,-262,3955,2042,107,23
-43,16,-34,-1214,168,3016,2201,64,-47
-62,20,-37,-1207,6395,4020,2414,410,-51
-70,35,-39,-4029,495,3706,2611,99,-160
-70,28,-56,-5720,99,3098,2778,58,-277
-67,30,-67,-4544,-22,2522,2912,31,-212
-81,33,-66,-897,89,1993,3018,57,-27
-90,36,-62,931,-1953,613,3050,-31,69
-86,31,-59,3075,-3402,253,3064,-105,175
-78,37,-56,4174,-2739,-543,3035,-80,245
-73,37,-49,4468,-1658,-2212,2918,-22,267
-74,40,-39,4659,-1918,-4237,2693,-25,289
-56,29,-42,2206,-4111,-5173,2414,-161,154
-63,26,-34,980,1496,-5563,2119,159,78
-74,8,-42,-890,1211,-8150,1687,162,-74
-93,-6,-36,-2732,661,-9459,1186,168,-204
-75,-24,-50,-2945,-664,-9088,695,39,-265
-81,-26,-45,-3614,-598,-7119,317,60,-299
-88,-24,-42,-3654,-908,-5703,15,59,-293
-72,-25,-49,-6084,-587,-4842,-241,41,-426
-80,-32,-52,-5724,-318,-3978,-455,55,-423
-69,-33,-53,-3339,-4982,-5129,-727,-201,-305
-77,-12,-61,-2064,-1849,-2542,-862,-28,-185
-81,-27,-74,-4050,-4942,-1198,-925,-207,-312
-92,-23,-65,-4213,166,871,-878,82,-316
-100,-44,-66,-7703,5562,4280,-652,350,-524
-125,-42,-64,-4732,3298,14,-651,263,-359
-100,-26,-67,-1642,198,-3919,-859,89,-184
-98,-23,-61,-1167,1224,-3634,-1055,151,-157
-96,-24,-56,-1020,135,-3772,-1255,99,-153
-98,-24,-56,-2140,1804,-4123,-1473,185,-209
-104,-22,-58,-1983,3659,-4218,-1697,283,-195
-89,-21,-67,-4174,1892,-6587,-2053,165,-311
-77,-18,-64,-1374,6350,-6330,-2388,381,-162
-69,-15,-65,-3197,5607,-7583,-2790,331,-251
-60,-6,-64,-2955,5588,-6314,-3125,317,-218
-47,-6,-71,-4862,3912,-5086,-3399,198,-322
-56,-2,-72,-4449,2479,-5732,-3703,139,-285
-39,-4,-73,-4620,-1513,-6239,-4034,-102,-297
-30,0,-71,-5097,-1647,-5068,-4302,-128,-312
-25,-5,-72,-5719,-1759,-5008,-4573,-153,-364
-18,-4,-73,-5445,-638,-2612,-4711,-113,-341
-16,4,-84,-4307,1053,-943,-4761,-40,-259
-25,1,-95,-2633,2099,-1329,-4832,29,-181
-31,0,-98,583,480,-664,-4868,-43,-22
-33,0,-99,1028,-2233,-901,-4915,-176,0
-25,0,-99,2588,-4869,-1714,-5006,-327,78
-19,-7,-93,4811,-4685,-1304,-5075,-330,176
-18,-7,-85,5994,-4500,1047,-5020,-317,234
-27,-8,-77,8279,-3114,4270,-4794,-219,345
-40,-14,-68,8018,-4001,4361,-4562,-221,315
-50,-12,-57,7922,-3153,5890,-4250,-137,313
-72,-15,-45,7573,-1980,6326,-3909,-15,299
-53,-21,-52,5692,-3409,6140,-3583,-137,172
-94,-14,-40,5322,-328,9284,-3091,105,186
-72,-16,-48,4670,-1039,9720,-2576,28,143
-96,-11,-45,4192,1661,9292,-2074,204,140
-73,-2,-61,2310,1275,11661,-1456,126,61
-101,1,-73,2667,4105,11198,-863,287,87
-101,10,-78,1989,1350,7594,-460,138,67
124,-16,-73,2245,2827,6292,-120,250,40
-124,-15,-72,2422,-2256,3157,46,-16,47
-95,-8,-70,3441,-1871,999,99,-19,106
-88,-7,-63,2044,-3719,488,125,-110,37
-83,-13,-67,1921,-3811,2814,277,-134,19
-90,-18,-69,3152,-5804,1949,380,-226,71
-97,-11,-63,4993,-4793,2243,499,-156,179
-100,-8,-62,5594,-3169,1033,554,-67,216
-93,-10,-57,4976,-4463,-449,530,-137,184
-87,-6,-47,5540,-614,3098,694,75,215
-85,-8,-49,3488,697,2061,803,134,105
-79,-8,-52,6338,1870,5647,1102,181,249
-85,6,-46,4745,-23,6517,1454,106,209
-74,9,-46,4508,-555,7146,1833,63,202
-73,23,-41,1759,576,5027,2100,118,100
-73,29,-38,-952,-545,2140,2213,60,-21
-62,27,-36,-1871,-78,685,2250,73,-66
-56,27,-52,-816,2261,623,2283,150,-15
-70,28,-51,3359,4483,-442,2260,289,191
-85,24,-39,3758,1062,-295,2244,162,198
-84,17,-41,3468,-2336,1011,2299,-13,170
-80,20,-48,3306,-1297,808,2341,23,166
-83,28,-51,3769,-24,137,2349,78,205
-76,31,-48,2657,-546,-1680,2260,44,161
-66,35,-41,-809,-2941,-3284,2086,-85,3
-65,22,-45,164,-508,-4643,1835,44,18
-80,12,-35,-3363,-671,-8025,1410,86,-190
-64,0,-45,-2762,-2749,-7801,996,-59,-189
-80,-18,-44,-883,-3330,-7789,583,-72,-141
-70,-23,-38,-1735,-3446,-6411,237,-88,-208
-84,-31,-29,-2402,-4120,-4288,10,-95,-250
-64,-28,-30,-5588,-100,-3374,-168,84,-421
-88,-50,-44,-7874,286,-2654,-309,87,-559
-89,-12,-60,-10232,3243,-1683,-400,252,-609
-96,-27,-82,-8053,3990,-1439,-476,257,-510
-90,-19,-82,-6700,-46,-1195,-539,45,-429
-98,-27,-66,-10361,4630,906,-491,313,-631
-121,-35,-72,-7694,2971,-288,-507,241,-506
-93,-26,-77,-4652,2297,-3527,-694,174,-338
-95,-10,-62,-2133,1237,-4943,-956,150,-180
-93,-6,-62,-3149,2122,-5123,-1227,195,-224
-105,-14,-63,-2848,1350,-6727,-1591,164,-227
-101,-13,-60,-2601,-128,-8380,-2035,88,-210
-95,-14,-67,-4341,-653,-8491,-2485,45,-300
-81,-14,-69,-3075,-123,-8740,-2948,51,-239
-76,-2,-67,-4131,4099,-8036,-3382,268,-271
-58,-15,-80,-6086,3237,-5607,-3679,167,-397
-54,-4,-77,-4250,6985,-4166,-3900,358,-278
-50,-4,-83,-2861,5820,-1343,-3970,277,-205
-48,5,-82,-1353,276,-1777,-4066,-1,-108
-35,1,-82,-1135,-2548,-3132,-4232,-174,-106
-30,-4,-68,-1934,-3387,-4298,-4460,-215,-162
-16,-7,-62,-3674,-1228,-2139,-4573,-141,-265
-15,-1,-66,-3131,1653,915,-4524,-1,-219
-28,-3,-77,-3787,1883,512,-4497,39,-252
-41,-1,-82,-1823,184,50,-4494,-21,-148
-45,-2,-88,-182,-292,72,-4490,-44,-67
-46,-5,-94,1046,-2588,-549,-4520,-168,-9
-38,2,-92,2340,-3017,-652,-4554,-201,73
-39,0,-89,4396,-4726,-1329,-4625,-284,171
-23,-2,-82,6850,-4917,-723,-4663,-323,289
-32,-1,-69,8954,-4686,2107,-4549,-279,408
-45,-4,-59,9234,-5772,3924,-4341,-282,405
-45,-12,-58,8710,-4769,2952,-4185,-233,353
-73,-19,-44,8270,-2401,3662,-3991,-36,316
-64,-25,-34,6984,-1319,4658,-3739,18,233
-67,-24,-34,4499,2393,5191,-3464,214,104
-84,-22,-34,2351,5455,6420,-3124,394,11
-81,-8,-54,-690,7019,6230,-2793,442,-105
-90,-1,-73,-509,5908,11318,-2182,371,-81
-93,7,-86,367,4121,11491,-1573,260,-18
-97,1,-86,1056,1917,9843,-1051,152,5
-121,-32,-83,1183,5059,11262,-454,333,-40
-108,-17,-94,511,-366,6537,-101,36,-53
-81,1,-88,3906,-1069,1232,-36,-21,149
-73,6,-72,4397,-1256,-259,-50,-20,185
-63,0,-77,2963,-647,1298,18,-12,97
-85,-20,-83,4359,-1294,1904,121,-26,136
-91,-24,-92,5663,-3101,1375,194,-121,194
-96,-26,-97,8015,-4988,-1645,108,-211,305
-82,-22,-90,10728,-6734,-3304,-66,-314,452
-74,-21,-73,8803,-6385,-3422,-251,-292,357
-65,-32,-58,10243,-4365,635,-217,-182,389
-57,-33,-50,7647,-134,3549,-29,28,242
-62,-15,-41,3905,2762,8804,437,221,99
-52,-19,-48,90,4580,11365,1050,278,-107
-71,-6,-40,1297,2853,10391,1601,247,-2
-60,12,-43,-1516,2381,7255,1986,194,-89
-67,10,-42,-1344,727,5469,2275,126,-90
-55,19,-44,-3004,1557,3666,2473,137,-144
-59,17,-52,-504,1020,3337,2650,102,-26
-55,24,-67,-314,4108,2250,2769,221,-5
-88,27,-59,-561,2812,2350,2894,217,-21
-90,28,-65,-833,-1655,1807,2992,-17,-37
-87,23,-69,-1012,-1608,-21,2991,-19,-56
-82,26,-64,1284,-720,-1170,2928,24,69
-82,29,-57,1751,-2509,-1683,2839,-57,102
-72,37,-59,131,-5481,-2489,2705,-238,42
-61,35,-53,203,-6966,-4078,2489,-317,52
-58,36,-41,2416,-5185,-4984,2224,-215,180
-53,23,-35,1432,-2798,-6720,1868,-74,102
-65,5,-35,-847,-1326,-8176,1427,39,-79
-78,-22,-40,-2728,-3492,-8033,1001,-78,-248
-76,-31,-38,-3616,-2434,-6885,636,-33,-317
-93,-39,-34,-4164,-3743,-6451,294,-85,-350
-65,-35,-37,-5254,-3939,-4575,47,-134,-423
-92,-36,-34,-6349,-2649,-4989,-216,-28,-456
-76,-29,-53,-6913,-8,-2762,-363,66,-472
-95,-31,-73,-9290,946,-827,-407,110,-582
-107,-37,-67,-9045,4022,1369,-333,288,-586
-115,-54,-64,-4582,3785,1401,-258,269,-373
-117,-38,-68,-3184,263,-872,-305,100,-276
-100,-23,-57,-610,-1298,-3236,-476,28,-128
-86,-13,-47,-907,-1000,-3141,-646,51,-130
-86,-17,-47,-1886,-686,-3308,-821,64,-187
-102,-24,-44,-2442,18,-4606,-1065,117,-224
-111,-29,-46,-2032,-668,-5688,-1367,82,-210
-120,-35,-52,-2574,-1959,-7401,-1767,8,-246
-114,-28,-50,-2394,-3311,-9568,-2274,-53,-225
-89,-35,-48,-3121,-2260,-8742,-2737,-27,-287
-85,-23,-38,-6380,-3558,-7342,-3126,-69,-432
-65,-26,-42,-6368,5087,-2909,-3283,336,-455
-54,-23,-50,-8026,5769,-1914,-3385,331,-531
-41,-26,-58,-6023,8151,2095,-3274,408,-439
-40,-6,-60,-6079,8863,3227,-3103,446,-382
-46,-6,-74,-6565,4173,2498,-2970,201,-401
-41,-8,-76,-4405,-3332,2062,-2861,-195,-297
-21,10,-70,-3739,-6853,2136,-2748,-418,-209
-38,12,-87,-5882,-833,1509,-2668,-85,-321
-46,-1,-80,-3118,2082,-708,-2705,87,-214
-51,4,-84,-501,1763,566,-2675,78,-67
-63,1,-91,-1224,254,1078,-2618,12,-110
-60,5,-93,1013,-663,490,-2592,-40,10
-61,11,-96,1043,-884,-2602,-2730,-54,23
-57,13,-84,3506,-4974,-5317,-3017,-260,161
-39,2,-78,6025,-8020,-5222,-3293,-440,260
-36,-1,-70,8596,-7026,-3178,-3462,-386,382
-48,-8,-59,9348,-4078,757,-3422,-189,399
-52,-21,-56,9429,-3443,2493,-3287,-151,374
-67,-26,-41,10116,-3400,3453,-3104,-93,390
-68,-26,-35,6261,-3691,1816,-3008,-96,192
-75,-22,-36,6716,2949,5381,-2723,252,229
-108,-24,-24,6477,-627,5081,-2448,118,234
-84,-24,-29,4901,-2440,3626,-2256,0,137
-103,-18,-26,5533,-753,3166,-2088,114,191
-86,-13,-36,5000,-12,3840,-1885,123,170
-113,-10,-35,2633,2811,4536,-1640,295,64
-115,-35,-36,-931,4121,6172,-1313,336,-165
116,-58,-43,1679,2021,5763,-1007,215,-52
-116,-42,-52,3838,-665,1786,-912,67,70
-104,-37,-47,5101,-655,-63,-916,67,141
-100,-33,-51,6877,-2050,126,-909,-8,232
-99,-43,-50,8060,-1914,601,-877,-10,273
-105,-44,-48,7776,-95,811,-834,88,259
-101,-45,-45,6926,-914,3407,-650,45,219
-102,-35,-36,6511,-1870,2082,-540,20,206
-87,-22,-33,6208,-772,38,-538,82,209
-71,-30,-36,5783,4504,2564,-402,316,158
-74,-19,-31,5884,4401,6209,-67,344,198
-75,-17,-35,4525,7908,7053,306,513,129
-88,-5,-28,4022,6851,10071,840,497,140
-69,10,-26,625,891,6465,1183,177,12
-62,11,-29,-3955,-1912,5249,1466,13,-217
-60,24,-40,-3381,-1313,5928,1780,1,-148
-59,23,-56,-1179,3032,4297,2008,192,-46
-89,30,-53,947,5118,777,2049,343,62
-99,23,-47,1946,4792,108,2055,357,97
-99,20,-47,1363,-1394,716,2093,41,60
-91,18,-51,1812,-2069,499,2120,-6,81
-87,23,-53,2931,-549,-652,2085,58,148
-83,29,-48,2077,-2437,-2386,1956,-41,124
-66,25,-51,1849,-1777,-3861,1751,-32,110
-76,24,-44,304,-1210,-5778,1445,24,26
-71,3,-42,-155,-575,-5156,1172,68,-49
-79,-6,-42,563,-5587,-5198,891,-180,-38
-68,-24,-38,4238,1,-1412,816,87,94
-85,-16,-25,1738,-1595,-2768,670,61,-5
-78,-29,-21,94,-293,-4320,441,106,-126
-75,-26,-25,-3407,-1568,-5114,164,36,-302
-79,-30,-25,-6094,-2907,-5172,-109,-32,-441
-71,-27,-32,-7399,-529,-3191,-278,72,-504
-82,-19,-62,-9031,1378,-890,-325,138,-553
-111,-31,-64,-5507,640,1314,-254,123,-392
-107,-29,-71,-4746,-1388,-443,-278,8,-345
-101,-34,-63,-6200,-775,133,-270,40,-431
-114,-49,-50,-7269,2307,-946,-321,212,-508
-116,-32,-55,-5397,-1411,-2988,-482,31,-388
-95,-23,-53,-2410,-1428,-4648,-728,23,-222
-94,-15,-45,-2874,-1184,-4266,-954,53,-232
-105,-18,-42,-2684,-895,-4234,-1179,80,-225
-107,-26,-41,-2716,-2505,-5613,-1482,-5,-243
-116,-27,-42,-3301,-2879,-6961,-1851,-19,-270
-110,-30,-51,-3517,-1419,-8895,-2322,35,-287
-103,-36,-50,-2511,-2324,-9557,-2819,-19,-248
-88,-36,-49,-3336,-4597,-9842,-3351,-154,-303
-75,-42,-38,-2023,-1557,-8301,-3791,-6,-261
-56,-41,-33,-3072,-359,-4759,-4043,31,-335
-63,-35,-31,-3981,3310,-472,-4068,241,-361
-48,-36,-46,-6552,4372,1217,-4003,247,-506
-61,-23,-46,-6107,4930,2577,-3866,311,-430
-50,-12,-58,-8089,5470,212,-3855,300,-500
-50,-23,-66,-5095,3191,864,-3809,166,-373
-40,-3,-67,-3868,1770,-244,-3822,77,-262
-39,-16,-69,-2215,3382,985,-3770,150,-209
-49,0,-67,-5377,-547,-185,-3780,-22,-324
-49,-12,-84,-3880,693,1127,-3720,17,-278
-58,-13,-91,-1961,-143,1175,-3656,-16,-181
-64,-9,-95,943,-2311,105,-3651,-120,-23
-60,-9,-95,1646,-3717,-943,-3701,-197,12
-58,-6,-89,4065,-5786,-1542,-3783,-300,141
-46,-2,-80,5244,-6733,-2147,-3898,-368,213
-45,-8,-67,7726,-5668,-1244,-3964,-292,318
-45,-11,-52,8795,-4796,-59,-3968,-222,356
-58,-17,-44,10746,-3522,2168,-3853,-115,442
-66,-29,-39,9862,-2010,3866,-3644,-28,377
-91,-34,-36,7463,-4678,5127,-3372,-132,250
-92,-39,-26,8947,2189,3478,-3188,224,314
-91,-39,-12,7449,-3050,1170,-3126,-31,233
-83,-35,-8,6475,2302,1310,-3055,245,191
-97,-51,-10,5296,1501,-758,-3095,184,106
-92,-36,-9,7286,-1700,-2059,-3204,46,233
-81,-37,-13,2915,626,1053,-3149,149,0
-90,-39,-27,-1485,3720,3091,-2982,302,-219
-105,-45,-42,-2132,5309,2952,-2825,370,-246
-94,-58,-35,-3527,5540,4546,-2584,360,-350
-106,-53,-43,-2284,4652,4469,-2347,327,-267
-106,-53,-52,376,2300,2722,-2203,198,-128
-94,-49,-53,3312,-401,1519,-2121,51,22
-83,-48,-51,5100,-195,2404,-1993,50,101
-84,-60,-52,5960,-683,5338,-1711,11,125
-104,-50,-52,6738,736,6361,-1373,119,197
-91,-55,-57,7990,-757,6253,-1036,17,253
-93,-23,-43,6044,-2085,2881,-883,4,204
-81,-25,-44,6464,5721,7744,-480,378,210
-91,-11,-41,2735,3345,5798,-173,291,60
-76,-15,-49,5099,4650,8427,281,325,173
-89,8,-38,4202,3195,9746,798,289,182
-83,7,-39,673,-2744,7747,1208,-19,2
-76,9,-39,-186,-4074,5711,1511,-98,-35
-76,15,-34,2143,-743,4803,1770,79,100
-73,29,-34,-2369,55,2498,1903,98,-93
-66,35,-45,-4091,1851,-686,1866,150,-164
-61,25,-50,-2083,6369,-1504,1787,375,-87
-89,21,-39,773,3845,-801,1743,314,38
-91,20,-44,1262,-1034,229,1756,56,58
-87,18,-48,1915,-2090,248,1769,-7,88
-91,20,-51,1983,7,-1104,1710,97,93
-92,25,-53,2636,-686,-2281,1587,56,138
-86,28,-52,2695,-1784,-5404,1301,-8,148
-75,29,-48,1900,-4950,-7554,900,-177,118
-61,7,-40,2861,-3404,-6211,571,-85,116
-62,0,-25,3827,-4404,-3769,367,-94,147
-56,-12,-22,2570,-2914,-3696,171,-26,32
-73,-18,-16,637,746,-2188,55,186,-73
-85,-34,-18,-2689,-333,-1958,-47,106,-275
-81,-32,-27,-5988,-1278,-3452,-234,45,-444
-76,-37,-37,-8072,-104,-4644,-480,77,-558
-91,-19,-39,-9365,-133,-4762,-732,111,-573
-80,-31,-71,-8419,2740,-1617,-818,185,-544
-112,-31,-76,-10448,-97,-153,-826,71,-645
-108,-31,-73,-6192,-2075,726,-788,-29,-420
-113,-45,-55,-4309,1382,1522,-707,162,-350
-119,-38,-57,-2691,-3440,-686,-744,-73,-254
-90,-23,-50,-1137,-1954,-2641,-886,-5,-162
-88,-13,-40,-2565,-456,-2896,-1040,94,-213
-94,-11,-41,-3325,220,-2960,-1197,134,-246
-97,-15,-41,-3984,-106,-3430,-1379,118,-287
-114,-27,-39,-4191,786,-4243,-1608,171,-319
-120,-27,-46,-5622,446,-6014,-1926,147,-386
-123,-31,-51,-4115,-34,-6795,-2287,115,-314
-102,-28,-52,-3952,-2335,-9004,-2764,-16,-308
-95,-16,-52,-5312,-2181,-8095,-3201,-11,-362
-76,-30,-50,-3447,1050,-6404,-3540,123,-300
-59,-21,-47,-3401,1243,-6141,-3866,119,-286
-54,-26,-51,-2671,3668,-2236,-3984,220,-265
-57,-13,-48,-2186,2156,-675,-4021,168,-205
-36,-18,-58,-3652,3011,-297,-4037,138,-298
-48,-17,-53,-2608,2079,1679,-3948,130,-239
-39,-10,-56,-4585,2943,-426,-3970,149,-320
-40,-10,-66,-2783,5578,1821,-3872,275,-227
-61,-3,-86,-5277,3917,1741,-3780,203,-328
-55,-2,-94,-3220,114,-549,-3809,-10,-220
-57,-10,-90,21,133,-599,-3841,-1,-72
-58,-9,-84,2515,-2959,-92,-3846,-153,57
-47,-10,-81,2145,-2776,-357,-3864,-158,33
-50,-6,-77,1986,-2996,-745,-3904,-158,32
-44,-12,-76,2610,-4712,-482,-3930,-257,49
-46,-10,-71,3988,-4306,533,-3901,-230,128
-47,-15,-66,5179,-3588,2733,-3756,-182,170
-58,-19,-63,6444,-1767,5201,-3480,-62,225
-66,-20,-60,6354,-3605,6308,-3152,-132,214
-76,-15,-41,9069,-3255,5365,-2862,-66,378
-59,-11,-36,7471,-1617,6106,-2539,7,290
-85,-9,-26,3877,3158,6807,-2178,310,122
-96,-13,-41,3606,2194,5987,-1861,235,102
-97,-6,-45,4369,77,3797,-1656,125,161
-108,-9,-44,4489,-2263,1755,-1563,15,157
-92,-8,-46,3383,-3003,1066,-1506,-38,100
-92,-9,-48,170,2030,4157,-1286,211,-64
-112,-46,-50,-1218,6367,7508,-880,427,-196
112,-33,-52,1533,1933,5240,-603,226,-22
-105,-22,-69,2799,-225,596,-571,71,50
-96,-12,-52,3839,-1171,-1265,-638,44,118
-81,-11,-51,3327,-1611,-1281,-707,5,93
-81,-15,-49,3308,-2310,-1011,-761,-24,80
-91,-28,-52,3000,-696,-751,-801,53,39
-103,-39,-56,3713,-1437,706,-763,13,63
-106,-43,-58,5489,-3007,1207,-698,-71,154
-95,-38,-49,7029,-2949,1711,-607,-61,226
-71,-34,-38,5818,-1741,3033,-447,-11,152
-70,-19,-31,4976,4296,6411,-107,330,145
-66,-25,-47,3996,7004,8634,359,429,85
-83,1,-48,5802,8661,12015,995,542,246
-89,9,-58,4116,2280,9837,1517,203,177
-78,27,-64,15,-2733,7027,1889,-84,9
-73,12,-70,-820,-1949,2756,2038,-56,-66
-66,22,-53,1081,35,250,2051,60,62
-63,24,-42,113,1243,-398,2030,134,25
-61,19,-47,-928,-117,-166,2021,56,-41
-70,17,-48,225,2827,1240,2088,224,6
-82,23,-40,-135,-189,1569,2172,93,-1
-84,20,-40,512,155,1111,2230,116,23
-92,22,-45,915,-151,245,2243,98,43
-94,23,-54,1851,342,-666,2207,111,93
-82,22,-60,2421,-1710,-2751,2062,-17,122
-88,33,-44,2784,-5830,-2272,1941,-203,165
-56,21,-47,353,-6098,-4911,1681,-258,31
-63,19,-39,354,-4317,-5571,1386,-138,24
-68,18,-33,-1983,-1813,-6453,1037,10,-100
-83,-3,-41,-5487,-4211,-9763,520,-98,-340
-79,-17,-40,-1216,-1427,-7021,147,31,-159
-81,-25,-39,-1179,-2264,-5469,-141,-13,-174
-78,-41,-36,-2023,242,-3769,-345,93,-259
-92,-40,-32,-3302,-190,-2128,-458,95,-308
-91,-35,-36,-4797,314,-968,-509,120,-375
-78,-52,-47,-5587,-186,-1859,-608,44,-454
-94,-26,-52,-6750,704,-258,-622,130,-456
-103,-42,-51,-6183,2608,2150,-508,223,-446
-120,-40,-48,-4403,108,1712,-417,117,-345
-110,-33,-65,-2903,-1011,-1185,-480,35,-258
-99,-21,-51,-1641,-1781,-3508,-669,11,-179
-82,-12,-42,-1945,-2101,-3701,-865,2,-180
-81,-11,-38,-3105,-1053,-3342,-1042,63,-239
-90,-17,-37,-3791,-156,-3408,-1223,115,-285
-106,-26,-39,-4368,-348,-4399,-1461,108,-329
-120,-30,-42,-5003,-2573,-4682,-1709,-3,-360
-112,-33,-49,-5785,-4023,-4607,-1953,-94,-406
-110,-32,-45,-6361,-2394,-4323,-2182,-7,-435
-92,-33,-46,-5782,-2508,-6053,-2509,-35,-422
-92,-18,-41,-4737,-698,-6399,-2848,80,-335
-74,-23,-44,-4034,1346,-4588,-3091,152,-317
-63,-14,-46,-4403,4199,-2969,-3249,285,-317
-56,-26,-57,-3577,7656,1656,-3159,426,-309
-66,-13,-56,-403,6611,4485,-2922,392,-107
-53,-5,-61,-4249,1221,-346,-2940,87,-282
-52,-7,-62,-3355,680,14,-2939,55,-243
-46,-7,-67,-4994,1459,-1585,-3025,75,-332
-45,-10,-74,-3743,3007,-290,-3040,140,-270
-59,-8,-78,-1019,2177,2189,-2924,121,-122
-55,-2,-82,-1007,-363,894,-2877,-20,-108
-59,-5,-78,-346,-260,748,-2837,-4,-80
-66,-3,-81,1476,-975,172,-2828,-31,15
-63,0,-84,1207,-2917,-1583,-2912,-139,9
-58,-1,-86,2522,-5214,-2511,-3045,-266,72
-52,-3,-77,5127,-7751,-1798,-3142,-403,204
-46,-6,-61,7557,-5256,-1027,-3197,-258,312
-51,-16,-54,7227,-3798,388,-3176,-163,267
-63,-23,-45,6294,-1553,2259,-3056,-13,200
-63,-26,-46,8173,-1134,4778,-2798,2,298
-83,-18,-35,9904,-509,5959,-2482,94,407
-75,-22,-30,10215,-1594,5539,-2189,33,405
-77,-12,-24,6170,-1175,4503,-1950,83,227
-93,-21,-24,3634,3114,4474,-1708,306,87
-94,-28,-28,3072,-1825,1686,-1619,36,39
-89,-10,-34,3168,2859,3104,-1454,278,84
-103,-17,-48,568,8226,4862,-1197,534,-57
-122,-11,-50,602,5233,3920,-985,401,-40
-100,-24,-59,196,3658,4801,-731,277,-89
-128,-36,-50,2677,1627,6901,-365,201,25
-109,-24,-61,3020,-874,2366,-239,52,57
-95,-16,-56,3525,-983,162,-231,44,96
-92,-16,-51,3580,-1020,-524,-258,49,95
-92,-17,-54,2873,-358,-1333,-329,76,58
-95,-31,-58,2599,-411,-2379,-455,61,17
-97,-46,-59,4346,-649,-369,-475,36,84
-99,-44,-58,5115,-1855,774,-434,-18,125
-93,-40,-54,7338,-1778,2659,-293,-12,240
-79,-27,-45,6728,-2926,2291,-172,-61,223
-71,-22,-32,6859,-27,6043,154,104,238
-79,-20,-31,2220,3286,4353,384,287,8
-84,-29,-43,5728,3712,8949,859,283,170
-78,0,-38,2737,2304,4504,1097,234,87
-83,-3,-40,-1453,3691,2902,1254,309,-135
-78,7,-41,-7130,-1679,-3333,1077,23,-394
-53,-11,-51,-3221,933,-1149,1017,90,-249
-54,10,-43,-1187,4840,2163,1131,310,-76
-61,20,-46,-833,4032,3124,1300,273,-35
-71,20,-60,-432,5153,3345,1477,315,-23
-96,18,-62,-422,-541,2006,1584,57,-36
-94,9,-67,1276,-6339,2400,1711,-243,32
-83,0,-67,2910,-3816,724,1750,-132,97
-86,4,-58,3641,-660,-208,1739,51,143
-88,9,-58,3512,-262,-345,1721,72,147
-79,12,-59,4686,-1845,220,1732,-21,216
-73,27,-53,2844,-4775,-999,1678,-182,162
-72,30,-48,1102,-3936,-1853,1580,-132,81
-65,8,-38,-2525,-5628,-3907,1373,-189,-155
-75,-1,-17,3173,-2186,-1988,1268,58,105
-73,-8,-17,2412,-7584,-4582,1020,-230,47
-69,-25,-17,2725,-3098,-2140,907,-31,8
-74,-21,-12,-4200,-3156,-2839,756,-11,-327
-97,-45,-22,-6034,1314,-3754,557,178,-455
-102,-37,-32,-9635,127,-4075,337,123,-629
-90,-34,-42,-9997,-2929,-4170,116,-50,-636
-104,-22,-58,-11290,3613,-1798,21,282,-668
-111,-40,-54,-9530,1397,-489,-4,168,-608
-112,-32,-52,-4775,608,1668,85,138,-358
-119,-32,-54,-3310,-482,985,137,84,-275
-100,-20,-46,-1888,-1769,-1587,53,24,-190
-89,-11,-39,-2977,135,-2433,-75,130,-230
-96,-9,-37,-4802,491,-3289,-253,158,-322
-106,-20,-37,-4704,700,-4191,-475,170,-331
-111,-21,-39,-4744,1690,-5127,-747,219,-334
-119,-22,-42,-4808,-730,-6220,-1076,97,-337
-110,-20,-45,-4283,-1527,-7769,-1496,44,-312
-97,-18,-53,-4588,-1446,-8438,-1943,27,-322
-91,-20,-54,-4229,-1430,-6543,-2290,18,-311
-87,-29,-53,-4571,-2330,-8004,-2714,-35,-347
-70,-34,-52,-2274,-275,-5548,-3014,39,-254
-69,-26,-47,-5803,-2337,-6457,-3356,-49,-416
-54,-39,-49,-3999,-1433,-2165,-3471,-47,-366
-38,-19,-46,-2887,1027,1510,-3391,63,-271
-34,-14,-53,-4500,7377,6197,-3056,371,-337
-48,-15,-60,-2339,8513,7152,-2677,445,-217
-49,-4,-68,-2613,6676,5839,-2367,344,-195
-66,2,-71,-2897,1857,3780,-2167,126,-192
-59,9,-80,-4869,386,1735,-2073,27,-282
-66,6,-84,-2590,150,1244,-2007,21,-169
-72,0,-85,828,-1685,92,-2002,-62,-7
-68,3,-82,1867,-3500,-1662,-2089,-152,49
-53,5,-81,1347,-2556,-2122,-2201,-135,29
-59,8,-71,665,-3154,-3134,-2371,-143,3
-53,-5,-77,1151,-3557,-4407,-2604,-181,-5
-51,-10,-73,7281,-1998,-401,-2626,-101,292
-57,-9,-60,8305,-2878,1200,-2562,-112,345
-68,-20,-46,9470,-4527,2896,-2405,-159,382
-54,-6,-37,9128,-3682,1990,-2300,-104,391
-68,-19,-31,6704,-2344,3420,-2119,-9,232
-89,-20,-27,6516,-4744,2513,-1986,-103,231
-91,-31,-27,5332,-2012,4118,-1763,18,152
-103,-33,-23,5405,316,3039,-1602,150,152
-86,-29,-23,6372,-1631,4667,-1355,45,200
-95,-13,-31,1753,5155,8246,-918,405,7
-116,-7,-46,305,5950,7456,-515,442,-49
-121,-31,-46,1580,5101,6315,-180,382,-26
120,-27,-44,1654,662,3807,21,171,-10
-106,-21,-59,2685,-1272,1029,75,34,45
-89,-10,-46,2625,-927,-479,49,62,61
-85,-3,-39,1511,-231,-772,8,110,16
-83,-8,-44,1178,489,-220,-2,131,-11
-90,-20,-48,1583,27,-47,-5,101,-15
-103,-36,-54,2737,-1376,40,-3,21,21
-122,-50,-57,6795,-3691,1298,65,-94,212
-114,-44,-59,8930,-5304,108,71,-179,326
-105,-40,-45,10227,-4717,1368,143,-138,391
-89,-32,-30,8685,-2973,2979,304,-38,323
-70,-23,-25,8555,923,5941,619,163,313
-74,-5,-16,8278,6442,7988,1043,497,352
-77,-3,-28,2231,8190,4673,1290,558,52
-83,1,-40,3167,6295,6229,1627,444,115
-88,15,-44,2089,5554,2779,1774,392,89
-86,5,-46,-1735,762,-10,1773,146,-127
-63,12,-44,150,-1694,981,1825,-8,-6
-60,15,-44,-816,2028,3032,1989,175,-48
-72,24,-48,-3992,769,2588,2126,114,-193
-76,19,-59,-1689,2266,2172,2241,179,-91
-89,21,-51,438,1412,135,2249,166,16
-94,16,-49,1297,-1557,524,2277,25,50
-92,17,-52,1883,-2454,-282,2262,-26,81
-90,23,-57,1544,-1954,-2032,2154,-16,76
-90,30,-50,934,-3056,-4323,1925,-65,60
-93,30,-33,-1407,-9912,-7257,1533,-394,-56
-65,8,-37,-3267,-12467,-8993,1057,-534,-191
-65,-10,-22,-826,-5932,-5153,783,-163,-128
-66,-18,-17,1214,-4398,-4939,522,-85,-48
-94,-20,-4,2373,-4,-3688,322,170,21
-88,-15,-5,1850,-3653,-4779,69,-6,2
-81,-34,-9,-1088,-2004,-6003,-248,24,-198
-91,-40,0,-2376,-1325,-2164,-363,58,-268
-79,-43,0,-4888,-298,-3659,-560,91,-420
-68,-33,-11,-9087,2192,-1233,-626,223,-618
-84,-33,-28,-11654,3960,2085,-515,314,-726
-103,-20,-48,-11823,2916,2806,-366,263,-693
-116,-34,-64,-10705,2756,2991,-205,236,-664
125,-55,-56,-4509,-295,2399,-78,82,-365
-121,-46,-52,-2713,-1568,1560,4,23,-266
-99,-27,-51,-2698,-979,-633,-29,49,-244
-100,-9,-35,-3258,821,-2329,-154,184,-240
-94,-3,-32,-4194,-769,-2597,-292,105,-273
-95,-8,-35,-4999,1030,-2880,-445,191,-324
-104,-13,-36,-5536,635,-3646,-638,173,-361
-113,-24,-40,-4919,-130,-3719,-839,124,-352
-122,-21,-41,-4808,-3524,-4028,-1052,-40,-334
-108,-24,-44,-4153,-4807,-4146,-1272,-123,-310
-111,-18,-39,-4488,-5678,-4901,-1532,-152,-315
-100,-27,-36,-3244,-2832,-4143,-1756,-23,-278
-82,-37,-34,-2600,-3638,-3102,-1920,-90,-275
-84,-20,-26,-2974,-60,-1689,-2010,131,-256
-58,-31,-34,-1181,5959,2011,-1903,371,-209
-62,-10,-27,-1191,8341,3225,-1729,555,-146
-57,-3,-32,-2431,6933,2683,-1587,455,-186
-54,14,-42,-2771,5314,2370,-1461,333,-144
-63,1,-65,-4523,2977,3719,-1264,190,-277
-70,19,-68,-4730,-1933,3217,-1090,-60,-251
-64,4,-76,-4765,-391,1377,-1017,2,-282
-75,8,-67,-1261,1514,746,-977,132,-96
-87,5,-68,122,895,388,-957,115,-33
-80,3,-70,592,-1226,-366,-977,-7,-13
-73,10,-73,367,-318,-627,-1010,24,-9
-82,16,-65,773,-1498,-1361,-1082,-11,22
-67,9,-68,-114,-4601,-3152,-1249,-194,-35
-68,10,-60,2976,-4716,-1908,-1352,-190,128
-62,2,-56,4583,-4180,-737,-1391,-158,187
-77,0,-49,7951,-2618,496,-1365,-40,350
-77,-7,-29,10044,-4542,-805,-1408,-95,440
-71,-8,-22,9409,-3574,-3021,-1571,-39,410
-91,-21,-15,8463,-1940,-2353,-1695,58,325
-75,-25,-19,5352,-2849,-2234,-1814,-15,146
-102,-38,-17,3927,3837,206,-1803,328,67
-97,-34,-22,3223,1216,1481,-1723,193,39
-100,-34,-23,3084,3046,1446,-1646,285,31
-98,-24,-32,563,1376,2263,-1526,202,-75
-99,-24,-39,-2548,6378,5086,-1257,446,-233
-126,-39,-32,29,2122,6304,-916,243,-117
-112,-33,-51,1061,-336,3018,-756,90,-58
-104,-26,-49,2303,-40,838,-712,106,13
-92,-19,-43,2497,-280,-117,-718,99,33
-83,-19,-41,2939,-715,149,-710,70,54
-80,-22,-37,3660,-637,1237,-644,74,77
-87,-25,-38,4283,-683,1346,-573,75,107
-97,-33,-45,5083,301,1214,-509,116,138
-109,-38,-48,6612,-153,1445,-431,95,218
-109,-49,-52,7870,-2268,1577,-347,-26,260
-102,-47,-50,10750,-1435,2365,-222,12,405
-96,-38,-41,12239,-90,2548,-89,95,478
-93,-22,-25,12117,1995,1487,-10,243,512
-79,-26,-26,9722,4059,-70,-14,331,381
-95,-19,-20,6241,4872,848,30,403,220
-94,-33,-30,3619,3801,4078,246,313,58
-87,-15,-29,907,1095,3651,440,194,-42
-71,-12,-34,330,4747,4879,703,360,-70
-81,-1,-26,-1588,4411,4593,946,375,-137
-76,0,-23,-1352,1840,2922,1101,246,-118
-72,2,-22,-3688,-1372,1042,1157,83,-230
-69,19,-43,-5053,-1403,1690,1248,12,-259
-83,5,-60,-4057,3188,321,1265,240,-246
-102,2,-53,634,3561,-1262,1198,292,-14
-98,0,-49,1986,-2533,-132,1191,-14,48
-90,-3,-45,1971,-4175,1146,1253,-101,43
-94,0,-51,2478,-1183,150,1261,47,72
-95,11,-47,2499,-1056,-1118,1202,60,100
-93,25,-38,-668,-6927,-789,1160,-235,-28
-74,6,-32,-3261,-4067,280,1175,-85,-203
-70,2,-27,-2895,-3372,-535,1146,-35,-192
-87,-12,-20,-681,-2792,-1774,1052,18,-118
-83,-10,-18,252,-4362,-2945,896,-56,-65
-92,-16,-14,902,-5509,-5008,626,-116,-44
-82,-19,-5,-7,-5843,-4798,372,-130,-104
-79,-35,-10,-3116,-2788,-5187,97,-19,-305
-88,-24,-7,-4858,1978,-2904,-56,257,-361
-76,-36,-20,-7158,2643,-2166,-173,243,-522
-81,-23,-35,-9773,5307,-1020,-227,381,-607
-115,-33,-46,-7905,5195,2525,-94,381,-514
-107,-48,-54,-8449,3259,4564,147,250,-569
105,-44,-39,-4155,392,4264,378,156,-330
-120,-33,-49,-2212,-3656,-220,366,-70,-222
-98,-15,-39,-1988,-1738,-2417,238,41,-185
-91,-6,-32,-3619,-562,-3151,71,113,-250
-82,-6,-34,-4525,-286,-3047,-93,114,-302
-88,-11,-31,-4758,759,-2433,-222,176,-321
-109,-16,-29,-5323,108,-2742,-367,158,-355
-124,-24,-31,-5497,-424,-3778,-567,129,-373
-125,-29,-34,-4628,-3917,-5210,-849,-60,-343
-115,-29,-33,-4031,-4629,-6365,-1186,-98,-311
-109,-28,-34,-3761,-3401,-4824,-1442,-39,-299
-94,-34,-35,-4855,-3340,-4339,-1672,-57,-373
-91,-29,-28,-2923,-57,-4247,-1901,122,-271
-63,-23,-35,-3945,4548,-2118,-2013,317,-324
-65,-13,-37,-2928,7475,4278,-1787,476,-242
-59,-5,-44,-4872,5952,5197,-1511,376,-317
-69,2,-44,-2870,7177,6121,-1181,464,-192
-64,0,-54,-6596,2385,1712,-1090,181,-388
-61,-7,-57,-4435,2839,1962,-986,193,-296
-62,10,-59,-2629,-583,3395,-806,16,-158
-63,24,-70,-4508,-1037,3337,-626,-30,-227
-69,13,-83,-2596,306,1603,-541,35,-156
-77,15,-68,844,566,115,-534,81,24
-81,12,-64,2399,-1449,-284,-550,-6,97
-74,8,-71,2666,-905,-513,-577,0,104
-71,16,-70,1547,-314,-2072,-687,24,63
-74,16,-63,1691,1178,-3791,-888,116,72
-72,13,-61,2981,-1580,-4582,-1131,-21,131
-61,8,-63,2308,-5165,-3676,-1329,-229,89
-59,-6,-57,6044,-6144,-2559,-1465,-268,237
-69,-4,-45,7044,-3929,-1314,-1535,-112,294
-75,-19,-41,7276,-4873,-1528,-1616,-151,266
-80,-24,-25,6926,-4009,-1343,-1688,-79,243
-86,-31,-22,7084,-2018,-1584,-1772,22,231
-75,-30,-20,5919,-1333,114,-1766,50,163
-93,-28,-24,5385,3142,3616,-1575,293,156
-100,-43,-25,5146,698,6166,-1242,151,124
-92,-23,-17,5209,1491,6182,-914,226,156
-91,-15,-31,3531,3081,6581,-565,294,92
-104,-8,-36,1202,5342,7743,-155,414,-8
125,-21,-35,1452,4150,7265,237,366,-11
-127,-21,-48,2610,657,4209,460,165,45
-107,-15,-47,3644,200,1210,524,132,103
-97,-8,-41,3504,389,84,528,147,109
-89,-9,-42,3146,-298,-393,507,101,89
-89,-14,-46,3968,-159,353,526,99,117
-96,-25,-51,5741,-866,1846,624,54,187
-103,-32,-54,7544,-2824,2800,772,-47,270
-112,-28,-50,9299,-3856,3707,972,-87,379
-117,-21,-45,8517,-3740,2820,1122,-61,343
-104,-24,-43,8699,-2530,1336,1193,-9,342
-110,-20,-29,7670,-2846,-66,1189,4,297
-97,-20,-21,8541,-825,892,1237,112,345
-80,-16,-13,6073,279,1717,1328,177,212
-78,-1,-9,4118,6098,6104,1652,504,153
-72,6,-15,1796,5018,8263,2090,425,58
-94,6,-19,1555,5384,7491,2494,451,43
-84,24,-32,-990,1901,4695,2743,216,-42
-82,20,-36,-2038,-2132,3455,2926,4,-104
-73,19,-43,-1390,-1562,3160,3094,10,-69
-70,26,-42,-936,1169,1434,3171,140,-28
-78,23,-46,202,4639,-680,3135,323,16
-86,24,-40,1116,4280,-885,3088,324,63
-96,23,-34,635,352,-495,3062,145,32
-87,22,-41,511,-2809,-32,3060,-37,27
-91,29,-41,2343,-2680,-385,3040,-31,132
-89,30,-38,9,-5417,-3609,2849,-168,17
-75,31,-35,1322,-7082,-6543,2502,-267,98
-66,15,-28,3297,358,-6130,2171,138,166
-80,13,-14,2992,337,-4843,1914,183,138
-78,-16,-18,1699,-3424,-5430,1626,-23,-12
-85,-13,-10,599,126,-3895,1420,182,-57
-82,-22,-21,-3926,-3953,-2759,1271,-64,-313
-96,-22,-21,-6560,-552,-2614,1132,122,-437
-88,-31,-31,-6575,1365,-1252,1066,184,-459
-101,-30,-36,-11049,2246,-1090,1008,235,-676
-111,-28,-38,-10003,-1478,-4679,755,52,-624
-84,-22,-44,-8663,1942,-3096,591,198,-545
-88,-20,-50,-11184,1975,-830,547,195,-666
121,-39,-50,-6926,2455,1331,618,245,-465
-120,-30,-60,-5410,-1297,-1626,530,37,-382
-101,-20,-42,-4197,-1105,-3638,337,64,-308
-91,-9,-36,-5295,-363,-4580,94,113,-342
-93,-5,-41,-5855,591,-4331,-130,154,-356
-93,-12,-41,-5546,-185,-4104,-347,112,-361
-104,-18,-39,-5539,-582,-3391,-531,100,-377
-122,-28,-41,-5626,-1531,-4835,-787,55,-386
-125,-28,-42,-4136,-4054,-6966,-1156,-73,-310
-112,-21,-45,-5503,-3615,-7307,-1543,-59,-372
-103,-25,-48,-6136,-2035,-6277,-1882,5,-419
-92,-28,-45,-3884,-1056,-6950,-2251,47,-311
-81,-24,-43,-3268,-587,-6069,-2572,65,-276
-62,-25,-45,-3069,1897,-911,-2621,159,-280
-51,-13,-42,-3334,5367,4061,-2401,336,-270
-57,-8,-48,-3677,11462,10460,-1847,641,-264
-82,-8,-54,-5829,5115,4130,-1628,346,-367
-60,-3,-70,-3381,1559,755,-1588,102,-233
-50,1,-68,-3374,-3100,1166,-1525,-153,-222
-46,4,-54,-2888,-2980,186,-1515,-128,-184
-36,10,-58,-4466,4330,1400,-1441,207,-243
-68,12,-68,-4681,4831,1399,-1367,286,-259
-71,12,-79,-2130,3317,482,-1341,200,-135
-78,13,-80,229,1084,-198,-1351,92,-11
-74,14,-82,990,-1887,-1501,-1431,-66,28
-67,14,-79,2547,-3527,-2593,-1568,-158,110
-62,12,-73,4796,-5300,-3769,-1772,-253,227
-49,1,-67,6775,-5360,-3870,-1977,-266,298
-54,1,-52,8022,-5114,-2299,-2099,-213,361
-46,-5,-45,8725,-4138,139,-2091,-167,374
-44,-8,-35,7265,-2440,552,-2062,-64,291
-57,-7,-25,5012,-464,2907,-1908,98,175
-71,-24,-31,4534,-713,5368,-1623,68,109
-84,-10,-49,2871,184,8227,-1187,107,70
-122,-11,-52,4430,3686,8293,-739,318,158
-109,-10,-52,4317,1731,5377,-454,204,147
-97,-3,-52,3010,4324,7102,-78,328,93
-102,7,-56,1925,4507,8638,379,335,61
-119,-7,-60,3389,4195,9350,884,330,111
125,0,-60,5217,-3769,6888,1249,-69,213
-102,-2,-59,4825,-6663,3037,1410,-238,188
-85,0,-54,3009,-3523,1095,1468,-87,100
-88,2,-51,2314,-1540,-94,1463,20,73
-84,3,-50,2294,233,-325,1446,110,73
-87,0,-51,2857,-279,367,1465,84,92
-93,-8,-54,3583,-1282,993,1518,34,113
-105,-12,-62,4917,-946,2301,1642,48,179
-120,-19,-65,6590,-4010,1963,1746,-100,251
-110,-19,-61,9430,-6482,1358,1818,-228,392
-99,-16,-51,10201,-5950,1099,1877,-195,434
-94,-11,-40,9522,-4995,1496,1958,-133,417
-89,-11,-32,7693,-1783,2663,2099,46,312
-89,-9,-24,6443,-624,3466,2282,123,252
-78,-4,-28,6220,2440,6037,2602,264,251
-85,7,-28,4951,3066,5824,2917,303,224
-79,13,-37,3669,8747,3543,3105,561,170
-92,14,-35,3354,6572,1147,3166,466,152
-78,13,-31,2380,1890,46,3168,223,105
-70,23,-28,-489,2103,1098,3227,219,-7
-63,29,-41,-4124,-285,1463,3305,52,-175
-66,25,-60,-3695,3197,1143,3366,206,-176
-81,19,-57,-409,1970,624,3399,175,-28
-88,20,-51,1196,-1511,550,3428,15,56
-84,13,-54,2596,-3058,431,3451,-68,111
-85,16,-58,3368,0,-308,3435,80,155
-89,28,-57,3309,462,-1823,3338,103,177
-86,31,-49,581,-4473,-3575,3145,-147,49
-71,23,-40,-1233,-7567,-4980,2881,-295,-50
-62,12,-33,723,-7730,-4776,2628,-290,25
-57,-2,-18,1089,-3123,-3389,2448,-10,-7
-74,2,-14,1380,-1211,-2788,2298,115,26
-82,-19,-22,-2213,246,-3003,2139,154,-215
-103,-18,-25,-2419,439,-2246,2020,176,-214
-99,-23,-24,-5951,-3510,-9527,1515,-32,-406
-72,-23,-37,-6127,-251,-6806,1147,83,-432
-86,-33,-38,-9581,-3515,-4770,894,-79,-617
-89,-20,-34,-9652,-1235,-976,842,61,-590
-103,-25,-74,-12066,2614,1053,898,206,-711
118,-76,-58,-8119,2061,3014,1061,188,-580
