-1,106,38,1670,-4802,-5944,-3849,-4,-62
0,104,38,1608,-4516,-6634,-4200,-224,13
7,97,34,1605,-4999,-6460,-4543,-263,14
11,89,29,2149,-5670,-4889,-4807,-314,46
11,86,27,3083,-5981,-2735,-4949,-319,90
8,89,27,3408,-6408,-676,-4985,-340,113
3,95,26,3675,-6510,891,-4938,-333,135
-1,99,25,3602,-6010,1355,-4863,-306,143
-3,102,24,3507,-5849,1468,-4785,-282,135
-5,104,25,3714,-5815,1358,-4713,-277,145
-6,103,27,4007,-6183,863,-4668,-292,154
-8,103,36,3600,-6038,-257,-4681,-288,119
-7,107,43,1638,-5013,-1104,-4740,-233,5
-11,108,42,-1086,-4499,-1958,-4844,-199,-130
-13,100,33,-1779,-8768,-2749,-4989,-410,-157
-14,96,34,-853,-8219,-3555,-5181,-387,-116
-21,88,40,-232,-10844,-5073,-5450,-494,-108
-20,82,41,-742,-9492,-6728,-5807,-426,-141
-22,76,34,-813,-13787,-8247,-6236,-621,-140
-13,82,28,1477,-12621,-8559,-6689,-599,3
4,97,18,2987,-16630,-8950,-7173,-865,122
19,113,4,5983,-15267,-6383,-7511,-808,276
10,120,11,10148,-19126,-2060,-7620,-985,499
10,-127,23,12125,-18663,781,-7579,-961,582
3,121,16,7944,-11564,-2183,-7697,-598,392
5,106,-1,4213,-11427,-4579,-7939,-585,214
0,94,-6,9495,-11656,555,-7910,-584,478
-28,95,25,13912,-9331,166,-7901,-403,632
-25,-126,79,12732,-8800,-141,-7909,-411,541
-62,-115,83,2522,-7067,-1906,-8010,-269,-5
-38,-107,89,-2622,-9344,-4119,-8228,-418,-253
-40,-97,72,-10505,-5998,-5905,-8541,-245,-632
-37,-92,48,-16523,-6021,-8764,-9015,-255,-926
-31,-93,50,-14681,-5201,-9345,-9510,-216,-815
-41,-102,50,-16603,-5385,-9024,-9988,-209,-924
-42,-126,40,-18968,-9326,-9008,-10466,-397,-1050
-30,117,49,-18594,-7052,-8880,-10945,-304,-1057
-35,105,54,-22398,-5795,-10054,-11478,-220,-1254
-15,64,30,-22398,-1885,-11933,-12111,-40,-1238
-2,23,-3,-22398,571,-10920,-12689,64,-1168
20,5,-29,-15290,-2619,-8911,-13171,-265,-1108
28,-1,-43,-6984,-6807,-5010,-13436,-472,-708
31,-2,-40,4430,-6354,768,-13395,-466,-133
8,0,-26,16083,-5673,5495,-13104,-353,472
0,21,-3,27628,-10144,8835,-12627,-517,1411
-12,85,38,27628,-7538,12643,-11957,-344,1315
-40,-106,82,27628,-9744,15829,-11118,-436,1291
-55,-101,94,27628,-9165,11425,-10512,-391,1277
-28,-102,93,18215,-5812,5297,-10226,-258,826
-52,-105,93,16699,-4941,3853,-10022,-178,720
-35,-91,126,19767,-9465,6927,-9655,-436,863
-29,-67,-91,11312,-9544,6005,-9337,-451,421
-33,-70,-117,-5352,-7705,-2032,-9446,-359,-415
-17,-90,99,-15969,-7331,-6664,-9800,-345,-925
-15,-108,75,-17163,-4215,-7792,-10213,-186,-970
-27,-118,69,-16773,-2160,-8666,-10672,-62,-955
-32,-126,69,-20281,-3425,-9447,-11182,-121,-1160
-25,112,62,-22398,-3428,-11109,-11771,-121,-1251
-23,76,44,-22398,1498,-12071,-12411,142,-1259
-23,43,30,-20208,-1395,-12134,-13054,32,-1183
-8,16,21,-16596,-4499,-12051,-13705,-155,-1068
5,-8,5,-11413,-5008,-9350,-14200,-363,-1118
11,-16,-1,-5056,-5492,-5728,-14504,-406,-830
12,-20,-2,348,-5523,-1777,-14598,-396,-566
0,-23,2,6821,-5632,1503,-14517,-291,-331
-4,-15,22,12187,-7054,3559,-14328,-313,138
-18,4,44,15710,-5207,6245,-13997,-168,474
-34,23,60,18816,-934,6945,-13629,69,685
-60,36,65,21226,-981,8910,-13157,112,820
-54,67,62,27628,-12867,12911,-12472,-524,1214
-57,106,92,27628,-14136,11209,-11878,-623,1234
-36,-120,115,25799,-9485,7655,-11473,-428,1157
-49,126,118,17060,-6913,4474,-11231,-287,714
-21,-115,-116,19079,-1650,5278,-10951,-52,801
-69,-85,-92,14947,1410,3807,-10749,144,587
-56,-75,-111,-3758,-7875,-857,-10795,-339,-342
-36,-89,98,-17229,-12350,-4152,-11019,-590,-1009
-20,-113,64,-18781,-7522,-5702,-11321,-346,-1044
-24,118,46,-15622,-2049,-7179,-11702,-53,-878
-30,99,47,-14411,-2188,-9419,-12201,-41,-839
-36,98,80,-22398,-2986,-13362,-12923,-84,-1315
-12,75,40,-22398,1623,-16301,-13787,122,-1244
-13,14,9,-22398,3432,-12141,-14430,329,-1318
-11,-10,3,-9522,2005,-8425,-14877,303,-989
-1,-11,6,-3775,-4860,-6908,-15250,-225,-785
6,-17,4,-156,-7550,-3974,-15461,-452,-620
3,-21,9,4562,-7029,-215,-15472,-381,-371
-4,-13,31,8309,-7692,4197,-15249,-352,-20
-21,-10,44,12015,-7054,7698,-14834,-258,225
-38,1,53,17692,-5427,10831,-14260,-127,555
-36,35,60,26392,-15204,12392,-13603,-655,1102
-16,80,52,27628,-11901,15527,-12780,-559,1278
-29,-126,70,27628,-7279,14643,-11989,-324,1322
-35,-101,87,27192,-11835,10841,-11415,-550,1270
-29,-114,82,11776,-6241,5092,-11145,-270,484
-34,-113,88,10296,-8279,2117,-11032,-367,402
-42,-99,116,11933,-5533,1735,-10939,-231,477
-47,-88,-125,4921,-5021,-484,-10964,-198,103
-43,-92,107,-6041,-5731,-4828,-11220,-234,-436
-34,-100,81,-12153,-5408,-8734,-11683,-223,-724
-30,-109,69,-14088,-4363,-11268,-12292,-176,-827
-36,-117,70,-17593,-5689,-12991,-12980,-229,-1001
-31,123,66,-22398,-8973,-12157,-13612,-389,-1229
-20,96,56,-22398,-7281,-13280,-14316,-321,-1255
-20,60,39,-22398,-4344,-12198,-14975,-154,-1294
-6,22,19,-17117,-2599,-10483,-15531,-77,-1025
-4,0,1,-10129,-1792,-8115,-15961,198,-879
3,-13,-5,-2291,-6647,-5947,-16276,-386,-721
18,-16,7,2959,-8021,-2450,-16408,-593,-350
12,-13,12,6843,-5487,905,-16360,-405,-149
0,-3,23,12515,-5491,4093,-16143,-268,250
-14,10,40,17836,-8721,5442,-15855,-361,613
-10,34,61,23010,-8760,5101,-15585,-405,939
-13,71,71,25925,-5060,9513,-15071,-224,1173
-33,106,63,26665,-1115,14593,-14297,11,1232
-60,126,59,26941,-8863,14271,-13541,-350,1246
-36,-117,79,24667,-15757,7016,-13169,-742,1138
-21,-100,114,19531,-5914,1043,-13113,-274,877
-36,-84,-102,13736,-8192,1690,-13023,-373,540
-20,-85,-93,3854,-7086,577,-12993,-333,32
-28,-93,127,-7186,-4841,-4079,-13209,-208,-508
-28,-109,87,-12797,-5089,-6137,-13540,-219,-779
-25,-124,70,-12711,-3910,-7726,-13950,-153,-753
-25,125,73,-13395,-2487,-9006,-14427,-79,-796
-35,121,78,-20390,-4784,-9040,-14906,-181,-1166
-26,106,64,-22398,-4852,-10634,-15480,-195,-1282
-22,66,42,-22398,2679,-11826,-16107,206,-1271
-26,35,42,-22398,-52,-12437,-16767,106,-1346
-2,5,23,-17601,-2217,-10363,-17316,-78,-1192
0,-13,1,-8113,-2499,-6864,-17686,-121,-1103
8,-20,-10,1360,-4517,-3476,-17871,-304,-505
10,-20,-5,8146,-6689,-735,-17910,-437,-173
10,-9,10,13081,-7671,3087,-17746,-529,187
-3,7,26,16385,-5421,5594,-17444,-248,561
-9,21,38,19861,-7190,8387,-16999,-312,776
-25,50,53,24502,-4950,10533,-16441,-167,1060
-43,89,83,27628,-8047,12699,-15768,-323,1231
-40,114,95,26305,-8429,11931,-15124,-369,1206
-54,-121,89,21712,-2168,11164,-14532,-28,965
-57,-122,80,19959,-457,8223,-14096,64,881
-68,-118,92,21099,-8166,7830,-13689,-311,907
-39,-100,113,18171,-9775,7857,-13265,-453,803
-52,-81,-124,9150,-8595,4381,-13032,-376,320
-47,-79,118,-4765,-6549,-2505,-13165,-276,-372
-36,-87,83,-14497,-7376,-6945,-13533,-324,-839
-29,-102,63,-16065,-5641,-9456,-14044,-244,-918
-30,-109,65,-14882,-3670,-10743,-14613,-137,-849
-30,-113,75,-21538,-3263,-12422,-15272,-116,-1202
-28,-124,56,-22398,-3343,-15615,-16099,-117,-1230
-18,84,24,-22398,297,-16951,-17015,71,-1229
-6,32,4,-21332,-5,-15822,-17853,49,-1127
-1,-2,-4,-11378,-6898,-12236,-18502,-277,-1032
16,-15,-3,-2358,-9677,-7418,-18895,-665,-641
19,-20,1,4154,-7035,-2450,-19028,-536,-313
14,-18,9,8592,-4956,1949,-18924,-387,-97
-7,-7,20,13112,-6128,3930,-18716,-225,242
-9,8,43,17501,-7003,5849,-18406,-298,584
-28,29,51,20350,-6527,7549,-17998,-228,812
-27,56,56,25331,-4376,7508,-17600,-140,1108
-46,86,63,27414,-11080,8063,-17173,-463,1237
-15,109,80,27628,-16179,6899,-16807,-789,1270
-18,-123,87,23065,-8738,7922,-16379,-418,1072
-21,-114,90,18491,-8977,5691,-16078,-420,820
-16,-120,88,14993,-6945,3031,-15917,-323,641
-11,-113,102,15442,-5953,1597,-15832,-280,655
-19,-102,116,11918,-1723,230,-15820,-59,479
-22,-91,127,1176,-3164,-4094,-16037,-129,-79
-31,-93,100,-10912,-4445,-7857,-16453,-182,-674
-28,-105,76,-15384,-6123,-8308,-16894,-266,-883
-26,-118,67,-14848,-5338,-8254,-17340,-230,-869
-27,125,65,-15165,-5641,-7640,-17744,-236,-877
-23,113,66,-15552,-7653,-6481,-18088,-341,-906
-15,102,69,-21165,-5095,-6834,-18450,-223,-1204
-21,87,50,-22398,-837,-10911,-19039,12,-1278
-9,52,18,-22398,-383,-14344,-19800,26,-1214
2,-2,-13,-19677,662,-10737,-20369,1,-1385
7,-26,-14,-4518,-3931,-5755,-20674,-245,-811
9,-30,1,4473,-5531,-1656,-20763,-350,-404
-3,-24,18,8761,-6507,1521,-20683,-295,-114
-8,-15,32,12540,-8412,3722,-20485,-370,192
-19,-1,43,15869,-5373,5417,-20198,-168,454
-32,12,52,19289,-7439,5517,-19900,-253,697
-26,35,60,25528,-11136,5369,-19616,-476,1065
-8,68,70,27628,-4402,5329,-19333,-196,1232
-31,97,74,25150,1087,7935,-18920,118,1109
-43,112,72,18513,-3841,9093,-18429,-120,824
-35,126,67,16905,-5841,10032,-17898,-235,748
-39,-125,68,19677,-6727,9181,-17411,-275,888
-32,-104,88,21818,-5325,9539,-16906,-222,995
-39,-91,106,15663,-6299,7358,-16508,-274,685
-38,-84,116,3094,-5459,358,-16489,-228,27
-37,-85,95,-8852,-6528,-5236,-16767,-281,-562
-31,-101,71,-14231,-6930,-7957,-17188,-303,-819
-25,-110,66,-14129,-5047,-9270,-17689,-218,-824
-28,-115,76,-16537,-5060,-9487,-18192,-210,-948
-23,-124,74,-22398,-7220,-8634,-18649,-325,-1250
-12,106,61,-22398,-4263,-9387,-19147,-186,-1250
-16,73,49,-22398,-1641,-10592,-19719,-36,-1291
-10,43,39,-17087,-2367,-10673,-20285,-72,-1030
-6,17,31,-13033,-2969,-9586,-20793,-100,-895
2,1,19,-10813,-5436,-8190,-21227,-295,-878
12,-17,2,-7087,-3667,-5907,-21546,-318,-936
11,-28,0,-789,-5785,-1331,-21616,-376,-659
5,-29,8,7041,-7081,2050,-21508,-393,-274
-7,-17,24,15681,-6439,4287,-21281,-261,312
-16,11,44,24750,-9722,7933,-20852,-418,989
-29,46,54,27628,-7511,6936,-20485,-285,1203
-20,86,70,27628,-5825,6393,-20146,-247,1255
-35,104,73,24296,-4294,7549,-19746,-149,1096
-28,110,71,17145,-5739,6426,-19398,-242,762
-26,117,63,14024,-3823,5096,-19128,-141,604
-30,124,63,14042,-5049,3849,-18924,-200,608
-34,127,61,11419,-5823,4011,-18712,-233,477
-22,-128,69,11835,-11853,3549,-18524,-560,495
-20,-115,92,13393,-8869,2846,-18370,-424,571
-18,-93,118,9267,-6573,1004,-18317,-305,338
-23,-86,114,-2358,-4909,-3125,-18482,-216,-246
-18,-91,88,-12499,-6570,-6524,-18828,-304,-738
-17,-101,68,-15362,-5634,-7225,-19218,-261,-881
-21,-112,59,-15638,-4404,-8458,-19667,-186,-878
-21,-125,61,-19515,-5255,-9823,-20187,-226,-1086
-16,118,67,-22398,-5183,-11552,-20800,-228,-1250
-13,93,50,-22398,-2507,-12892,-21496,-94,-1265
-8,33,17,-22398,-2118,-11357,-22098,-52,-1248
-2,-3,8,-12854,-1867,-7499,-22495,-26,-1095
-5,-17,14,-4858,-5012,-5030,-22762,-191,-788
-2,-19,23,-515,-6370,-3270,-22938,-305,-530
-4,-19,23,2698,-6165,-1224,-23003,-276,-368
-1,-20,20,6125,-4907,79,-22999,-222,-221
-7,-18,23,10123,-5370,2620,-22860,-211,20
-10,-9,36,15554,-7118,5442,-22566,-299,403
-18,13,48,22680,-5254,6032,-22247,-181,862
-24,49,69,27628,-954,4458,-22010,23,1192
-44,83,83,23050,145,9010,-21533,97,989
-50,99,83,16858,-4962,9761,-21006,-164,707
-48,96,71,14947,-6950,8091,-20577,-258,605
-38,112,64,15419,-6918,8533,-20124,-279,661
-34,117,70,17034,-11825,7019,-19752,-538,743
-35,125,85,16838,-9317,5737,-19443,-422,738
-29,-120,118,14518,-9709,3595,-19252,-450,583
-35,-112,-115,7470,-5895,909,-19204,-253,211
-41,-107,-122,-1403,-5027,-2685,-19346,-201,-232
-39,-109,111,-7893,-5609,-5481,-19642,-235,-551
-32,-109,92,-11216,-3773,-7923,-20062,-142,-693
-39,-111,80,-13890,-3970,-9008,-20540,-142,-821
-36,-119,70,-19091,-7222,-9952,-21067,-307,-1078
-19,119,56,-22398,-5553,-12031,-21717,-247,-1254
-14,81,41,-22398,243,-13966,-22457,54,-1239
-11,41,31,-16813,-1108,-12294,-23109,1,-998
-11,14,30,-11794,-5010,-9400,-23607,-171,-853
-10,-2,32,-9122,-5862,-7269,-23999,-223,-834
-11,-11,22,-5395,-5394,-5117,-24271,-169,-721
-11,-19,14,129,-3943,-2703,-24414,-89,-524
-12,-21,15,4967,-5733,-1487,-24493,-187,-286
-3,-21,22,9431,-7886,542,-24463,-373,-29
-12,-6,34,14127,-9855,3804,-24262,-416,330
-12,16,54,19972,-11506,5404,-23975,-527,734
-12,47,63,23657,-5263,7139,-23597,-224,1002
-34,73,73,26096,-8263,7054,-23223,-339,1148
-23,96,76,23632,-5560,7576,-22821,-232,1055
-14,117,81,23533,-9449,7710,-22413,-451,1068
-29,125,66,18625,-4553,8497,-21962,-176,838
-20,-122,71,18523,-12729,5940,-21642,-621,855
-18,-119,91,17959,-9345,3351,-21464,-442,789
4,-98,-128,15241,-5189,1721,-21373,-261,631
-13,-83,-118,5428,-3284,152,-21365,-146,133
-15,-87,112,-7037,-4818,-4119,-21587,-224,-488
-11,-99,81,-14742,-3654,-7680,-21994,-163,-848
-13,-111,67,-17296,-2699,-9692,-22508,-111,-969
-19,-121,66,-20636,-4221,-9263,-22999,-177,-1146
-14,110,56,-21301,-4997,-9931,-23535,-225,-1202
-16,84,54,-17421,-2308,-9039,-24014,-73,-1009
-20,63,53,-13736,-4257,-7964,-24436,-154,-854
-21,44,54,-12095,-4813,-8052,-24863,-168,-814
-15,27,45,-12394,-4970,-7542,-25271,-186,-871
-11,4,29,-9523,-4143,-7131,-25648,-120,-801
-6,-15,23,-4873,-4448,-5889,-25961,-166,-721
0,-23,29,-2686,-6448,-4839,-26217,-315,-636
1,-29,22,593,-6134,-1973,-26324,-323,-527
-2,-26,25,9160,-6894,2287,-26202,-330,-66
-15,-3,47,15907,-7201,5626,-25904,-289,446
-23,21,56,17888,-6979,6116,-25580,-264,638
-25,40,49,21102,-5225,6849,-25210,-176,891
-29,61,51,25733,-5478,5978,-24893,-189,1145
-19,91,56,25546,-9339,5115,-24622,-427,1179
0,113,62,22536,-4638,6092,-24299,-228,1042
-18,-122,64,19689,-7116,6726,-23936,-333,926
-9,-115,62,17134,-3944,6755,-23578,-179,787
-18,-106,70,17968,-10587,6469,-23235,-505,822
-8,-101,91,19041,-5484,5738,-22931,-261,858
-8,-76,122,13846,-2936,5113,-22655,-135,592
-35,-55,125,-1372,-4906,87,-22650,-208,-189
-27,-60,95,-16104,-7679,-6199,-22979,-354,-914
-15,-79,64,-22040,-5638,-10519,-23536,-260,-1191
-11,-101,50,-21000,-4515,-10842,-24122,-210,-1150
-19,-120,49,-21321,-6615,-10112,-24658,-298,-1157
-10,115,48,-22398,-5811,-11155,-25249,-268,-1220
-3,85,44,-22398,-1550,-11679,-25868,-62,-1239
-1,48,35,-21017,-1048,-10996,-26462,-40,-1220
0,15,31,-15801,-4156,-8904,-26934,-205,-1044
6,-5,26,-10558,-5347,-6723,-27290,-320,-929
4,-15,19,-6009,-5696,-4211,-27513,-327,-799
9,-16,17,-2407,-6757,-1838,-27609,-417,-624
8,-20,12,2090,-6273,338,-27591,-396,-457
7,-16,12,9080,-5486,3339,-27414,-353,-75
-6,-3,26,18182,-6204,6320,-27079,-253,550
-8,23,44,27334,-9273,7549,-26679,-424,1153
-11,74,59,27628,-11775,11668,-26049,-575,1288
8,115,79,27628,-10754,12998,-25360,-553,1278
2,-118,92,27628,-10456,9460,-24858,-527,1282
10,-120,80,14322,-1153,3122,-24693,-67,618
-13,-124,61,8311,-692,1805,-24595,-7,341
-17,126,56,11041,-4664,2938,-24440,-201,473
-15,123,59,11884,-1198,3271,-24266,-28,511
-12,-128,69,9053,-7985,-29,-24268,-378,357
0,-113,94,10171,-2564,2221,-24148,-126,405
-19,-96,115,4357,-4285,913,-24099,-187,88
-32,-90,104,-6780,-3812,-4282,-24326,-149,-466
-17,-95,84,-13483,-5631,-7541,-24726,-256,-786
-8,-103,74,-16345,-3386,-8744,-25198,-157,-938
-10,-113,68,-19984,-3699,-9825,-25719,-165,-1107
-8,126,63,-22398,-3443,-11032,-26304,-154,-1234
-9,95,51,-22398,-2357,-11305,-26903,-93,-1242
-5,59,50,-18897,-1843,-10222,-27455,-73,-1128
-6,38,50,-17223,-1670,-9526,-27960,-54,-1074
-4,14,36,-16871,-4263,-9137,-28444,-182,-1121
4,-3,25,-13681,-1553,-8654,-28903,-108,-1077
0,-23,5,-9624,-1825,-7690,-29318,-94,-1151
8,-39,-4,753,-4944,-4896,-29578,-294,-612
6,-34,5,10560,-8320,1339,-29507,-459,-115
0,-15,27,18208,-8605,4464,-29270,-436,462
-6,7,53,21151,-9705,6778,-28904,-469,778
-8,31,68,24371,-9509,6548,-28557,-450,989
-15,56,85,24268,-4079,8026,-28131,-166,1019
-18,78,96,23208,-10475,7214,-27749,-492,986
-25,87,85,19457,-7183,5385,-27458,-317,837
-18,103,80,18862,-6420,5274,-27179,-288,817
-23,110,73,18183,-8070,4601,-26935,-362,797
-5,121,74,18592,-3014,5071,-26666,-137,832
-41,-128,84,17989,-4569,4908,-26401,-169,799
-28,-104,120,16210,-7659,3115,-26236,-349,680
-47,-87,-116,6889,-4384,-699,-26273,-167,198
-43,-83,126,-5874,-6767,-6218,-26602,-291,-437
-31,-93,91,-14632,-7505,-9828,-27133,-344,-869
-17,-104,77,-17614,-6083,-11064,-27720,-278,-993
-16,-118,69,-19763,-4227,-11134,-28310,-183,-1102
-16,120,62,-22398,-4534,-12254,-28959,-196,-1240
-9,88,55,-22288,-2331,-13087,-29666,-92,-1274
-11,55,48,-18451,-184,-12826,-30346,33,-1094
-16,29,39,-14780,-2403,-11282,-30932,-37,-946
-10,12,36,-14560,-6687,-10275,-31477,-274,-1015
3,-3,14,-13055,-4341,-8097,-31914,-276,-1070
2,-13,1,-8426,-4102,-6066,-32236,-249,-1084
6,-29,-7,-2767,-7109,-3152,-32403,-403,-772
6,-39,-8,10713,-6509,1236,-32337,-360,-100
-10,-20,8,27628,-7240,6462,-31988,-264,859
-20,37,46,27628,-11540,9875,-31465,-504,1203
-13,86,81,27628,-8508,10255,-30921,-400,1242
-20,101,90,27628,-3329,9435,-30421,-127,1248
-26,106,80,15306,-5571,5199,-30141,-236,651
-6,101,59,7956,-225,2773,-29994,8,295
-20,111,49,9825,-4450,4384,-29761,-180,409
-22,117,47,16141,-4274,7992,-29338,-170,737
-11,-110,70,24563,-6849,10566,-28767,-331,1182
-13,-63,114,25902,-5322,12940,-28081,-250,1206
-33,-43,-121,8773,-1682,5839,-27772,-48,325
-36,-51,96,-14053,-6593,-7182,-28152,-291,-809
-14,-72,57,-22398,-5086,-14455,-28933,-239,-1220
-11,-105,41,-22398,-2609,-14954,-29725,-109,-1190
-21,126,47,-17536,-6908,-13103,-30420,-308,-969
-15,110,60,-19426,-7281,-12615,-31089,-334,-1094
-13,89,65,-22398,-8534,-11986,-31736,-406,-1295
-5,58,57,-22398,-4853,-10705,-32303,-224,-1304
-2,28,33,-22398,-3860,-9971,32704,-175,-1326
5,-7,7,-18255,-2879,-7771,32292,-236,-1437
7,-19,0,-9182,-3469,-4476,32051,-255,-1100
4,-24,-10,-1790,-4350,-2534,31916,-255,-698
3,-33,-11,9355,-4806,-841,31872,-259,-155
0,-22,13,20191,-8482,2842,32022,-426,444
-5,5,36,27628,-7176,4110,32244,-328,1119
-6,50,78,27628,-4934,6310,32579,-226,1188
-26,69,86,22784,-1461,5869,-32646,-14,961
-24,86,74,16837,672,7449,-32251,89,699
-51,96,61,17190,-5192,9091,-31760,-164,743
-38,114,52,17118,-11603,8700,-31299,-514,764
-25,119,58,23496,-17349,6231,-30969,-832,1095
8,-106,95,27628,-13261,6516,-30624,-678,1288
4,-79,-125,25526,-5989,8762,-30151,-307,1189
-2,-69,-110,10409,-4848,3689,-29955,-237,389
-8,-72,118,-6711,-4780,-3972,-30166,-226,-460
-4,-86,83,-15594,-4707,-7705,-30574,-226,-886
-3,-100,68,-15999,-2968,-8645,-31041,-142,-911
-7,-109,69,-16538,-2955,-8436,-31488,-132,-930
0,-117,68,-20974,-4290,-7555,-31888,-210,-1160
-6,116,56,-22398,-2579,-9132,-32372,-112,-1232
-5,88,50,-22398,13,-9366,32658,20,-1269
-10,57,36,-22398,1146,-10460,32103,101,-1261
-11,22,18,-18397,-373,-9715,31588,75,-1104
2,1,5,-12243,-2908,-8057,31161,-233,-908
4,-16,-2,-8170,-5048,-5918,30842,-314,-1062
10,-29,-4,-1338,-7871,-2888,30689,-469,-690
7,-32,0,9839,-7007,1516,30769,-402,-154
-10,-15,19,21854,-7912,5270,31043,-294,601
-20,17,38,27628,-9330,6031,31363,-364,1144
-22,64,64,27628,-8779,7749,31781,-392,1257
-20,96,90,27628,-10198,7788,32194,-477,1241
-19,101,89,20009,-5532,5326,32476,-241,861
-10,110,74,12584,-1828,2809,32625,-68,515
-33,109,54,10098,-5412,3661,-32713,-211,413
-14,109,50,12809,-8199,3320,-32537,-382,560
-18,-127,73,19971,-8761,3302,-32362,-410,907
-5,-97,115,21701,-5589,5412,-32075,-271,972
-13,-77,-115,12141,-3950,4080,-31855,-183,487
-22,-76,124,-3509,-4986,-2550,-31990,-222,-306
-10,-89,89,-14597,-5941,-6712,-32346,-282,-843
-8,-108,63,-16960,-4450,-7651,-32751,-207,-944
-14,-127,51,-15248,-3335,-8131,32346,-142,-868
-21,119,59,-16064,-4803,-9171,31860,-201,-917
-24,110,68,-21681,-4848,-9951,31332,-196,-1225
-12,87,58,-22398,-4196,-11330,30732,-178,-1264
-12,47,45,-22398,-807,-10285,30176,8,-1328
-10,17,38,-18094,-2334,-8450,29728,-55,-1174
-13,-4,30,-13171,-3033,-6962,29359,-52,-1049
-9,-17,19,-7594,-5273,-6136,29034,-179,-892
-6,-27,15,-1323,-4963,-4587,28786,-204,-651
0,-35,14,4612,-6302,-3073,28623,-307,-381
6,-32,20,10918,-7352,-16,28623,-402,-18
-2,-19,25,17742,-6588,4542,28863,-313,409
-9,9,43,25257,-6155,4887,29127,-261,1011
-13,39,59,26287,-6843,8114,29557,-297,1122
-18,67,64,25773,-6589,8720,30020,-283,1144
-15,94,63,22867,-2903,7469,30415,-110,1037
-32,111,61,21140,-4779,8097,30853,-182,980
-25,126,64,21367,-8273,9198,31340,-373,984
-14,-110,76,22670,-7354,6955,31709,-347,1053
-18,-97,88,20759,-3954,5694,32011,-170,949
-26,-93,98,14760,-5640,4388,32248,-253,648
-13,-85,111,7758,-4399,445,32271,-201,273
-32,-77,112,-3553,-2955,-4730,32021,-108,-301
-29,-88,86,-16642,-5273,-8589,31565,-226,-948
-24,-102,70,-22398,-5821,-9899,31031,-261,-1251
-27,-116,64,-22398,-9731,-9717,30516,-448,-1232
-22,119,74,-22398,-5180,-11995,29880,-219,-1259
-17,94,69,-22398,-4031,-12314,29227,-164,-1276
-11,59,59,-22398,-2026,-11641,28599,-67,-1332
-7,24,44,-20032,-1534,-10368,28049,-36,-1253
-3,-2,29,-14778,-2810,-8354,27606,-107,-1121
4,-24,13,-6630,-4104,-6466,27264,-234,-926
9,-25,19,-1003,-5725,-3067,27098,-357,-599
6,-24,15,4844,-4290,524,27126,-259,-326
0,-13,14,11083,-4235,3220,27293,-210,32
-3,-7,28,15083,-5740,5602,27590,-254,358
-22,6,40,22541,-6541,6732,27954,-217,853
-31,40,58,27489,-5943,6555,28301,-198,1175
-32,68,79,27628,-10360,5251,28579,-451,1211
-22,90,74,27628,-7402,5742,28884,-326,1255
-18,113,87,24942,-5567,6543,29237,-251,1152
-40,125,81,17262,-7673,6456,29579,-322,745
-15,124,77,14304,-7078,4842,29836,-329,610
-28,124,77,14663,-8034,3634,30029,-358,624
-15,-120,89,15675,-5428,5016,30300,-252,690
-19,-110,101,11795,-6270,4149,30520,-286,471
-19,-105,104,2473,-3938,-950,30469,-168,-2
-22,-106,87,-6807,-4064,-4901,30209,-169,-458
-21,-110,78,-11569,-6646,-6165,29876,-307,-703
-17,-110,84,-14088,-5873,-6666,29523,-268,-826
-18,-110,91,-18765,-7715,-7339,29134,-361,-1073
-9,-123,86,-22398,-5038,-8598,28678,-234,-1260
-10,109,71,-22398,-2192,-9597,28160,-88,-1283
-13,72,44,-22398,-1931,-9229,27671,-54,-1259
-11,38,25,-17938,-1878,-8363,27228,-31,-1047
-9,16,17,-12502,-3038,-7141,26849,-64,-822
-1,-4,7,-8217,-3055,-6350,26506,-100,-890
1,-17,5,-2263,-3828,-4217,26283,-210,-747
1,-19,13,1486,-5696,-1843,26185,-299,-490
0,-23,18,8709,-6333,232,26197,-309,-111
-13,-11,37,15207,-5283,2231,26318,-190,375
-20,4,54,22104,-6980,1710,26409,-265,795
-17,34,69,27628,-4821,4929,26670,-188,1160
-31,72,82,27628,-5038,9423,27169,-184,1213
-35,92,91,22399,-5592,7939,27598,-221,985
-35,96,84,14148,-4244,4850,27855,-146,558
-26,103,76,12191,-4755,3405,28036,-187,479
-37,101,66,11772,-1667,3116,28201,-8,462
-29,112,76,12494,-6132,2998,28363,-261,515
-44,116,91,11215,-8888,2179,28478,-378,417
-22,125,113,9199,-6287,1131,28538,-281,308
-40,-122,125,3796,-7531,-192,28528,-326,27
-38,-116,123,-3493,-6151,-2480,28394,-265,-340
-34,-119,107,-9980,-6415,-4924,28133,-274,-653
-31,-125,91,-13490,-5334,-6140,27808,-220,-819
-30,122,81,-16978,-7467,-6634,27463,-318,-977
-21,107,74,-19516,-7139,-6960,27087,-325,-1143
-17,84,67,-19935,-5919,-7936,26666,-257,-1160
-8,57,61,-19609,-3168,-7850,26250,-130,-1174
-13,32,50,-18898,-1936,-8017,25825,-41,-1182
-13,9,40,-16486,-3475,-7675,25411,-101,-1154
-6,-8,25,-13870,-3952,-6146,25085,-138,-1125
-5,-22,4,-6932,-3344,-3780,24884,-108,-987
-7,-25,0,912,-5086,-2354,24760,-186,-596
-2,-26,5,8647,-7207,-358,24740,-346,-209
-1,-18,25,16521,-8378,2439,24870,-407,353
-8,4,34,27628,-6499,5385,25155,-269,1084
-11,50,60,27628,-6650,8745,25619,-297,1214
-24,87,73,27628,-4278,10069,26152,-161,1251
-20,110,89,24595,-6035,7572,26561,-272,1127
-27,111,77,12790,-4316,4847,26818,-166,516
-11,108,58,9378,-1669,2620,26957,-56,373
-17,123,61,13500,-2461,4839,27213,-89,589
-38,127,65,16235,-6810,8673,27682,-286,730
-28,-109,94,16238,-10500,5157,27955,-489,702
-45,-89,-119,5157,-3471,-670,27920,-122,110
-40,-94,119,-7781,-5397,-5850,27609,-221,-535
-37,-109,99,-14593,-3689,-8945,27126,-136,-887
-39,-125,78,-16079,-4837,-10652,26562,-180,-940
-32,120,81,-18866,-8415,-10877,25985,-370,-1092
-26,97,76,-20043,-6430,-11560,25373,-272,-1165
-27,77,73,-16994,-5486,-10779,24791,-218,-1051
-20,56,72,-18245,-6474,-10553,24231,-270,-1129
-19,33,62,-17770,-5804,-9757,23714,-227,-1142
-11,8,47,-14878,-5552,-8835,23246,-224,-1066
-4,-10,36,-11062,-6002,-7165,22859,-279,-987
3,-26,21,-4855,-4792,-4897,22599,-259,-793
5,-25,17,1219,-5234,-1864,22500,-298,-506
4,-21,8,8259,-4092,2523,22634,-246,-189
-11,-10,26,13676,-5738,4026,22852,-203,279
-9,-2,36,18676,-7775,4706,23101,-328,587
-11,27,44,26367,-5580,7681,23508,-228,1118
-27,58,65,27628,-9760,8853,23977,-420,1216
-18,88,72,27628,-7117,7183,24365,-325,1283
-25,108,72,24737,-766,4423,24600,11,1129
-34,120,73,16391,-1571,3976,24807,-16,693
-22,114,60,11641,-4970,4216,25030,-206,486
-26,120,61,12810,-5084,4395,25267,-212,560
-26,-125,82,13536,-2292,4511,25506,-71,566
-34,-107,125,9835,-4861,2853,25658,-200,348
-60,-105,117,5278,-410,1113,25717,56,116
-65,-104,108,-3526,-3950,-3785,25512,-120,-329
-58,-110,90,-10263,-8571,-7937,25092,-353,-655
-44,-113,84,-16942,-9250,-8844,24623,-403,-984
-39,-125,72,-18532,-12641,-8983,24147,-577,-1059
-20,114,75,-17407,-10605,-8812,23671,-508,-1027
-23,99,70,-17734,-6444,-8795,23205,-276,-1038
-21,76,61,-18477,-6994,-9838,22683,-300,-1088
-11,47,52,-17469,-3526,-10202,22142,-136,-1070
-7,20,39,-13949,-4183,-8452,21686,-169,-960
3,-3,23,-9097,-3484,-6615,21335,-207,-842
9,-16,6,-2930,-2479,-4310,21107,-233,-719
8,-19,3,2709,-4786,-1055,21051,-324,-475
1,-15,9,8572,-7292,1698,21143,-384,-134
0,1,30,14622,-6666,2862,21294,-334,405
-11,17,51,16453,-7709,4564,21536,-337,561
-9,35,64,18322,-6586,4842,21793,-298,698
-19,61,73,17749,-5194,5278,22078,-216,728
-18,81,72,17012,-4480,6281,22411,-182,706
-32,87,74,18305,-5448,6781,22770,-207,771
-12,108,104,20794,-10465,6655,23123,-506,893
-39,120,114,19246,-8831,6084,23452,-396,828
-21,-126,118,23971,-7306,3157,23619,-337,1060
-22,-100,-126,24464,-3580,3569,23808,-149,1095
-43,-79,-103,7966,152,218,23820,56,249
-48,-85,109,-12171,-8285,-5366,23530,-368,-759
-28,-110,73,-14160,-7599,-6560,23182,-339,-821
-29,-116,72,-10253,-5034,-6887,22817,-206,-626
-29,-119,74,-15247,-9078,-7081,22442,-412,-884
-9,122,57,-21555,-7157,-8333,21992,-347,-1207
-19,96,53,-22398,-3353,-12053,21353,-124,-1249
-8,53,31,-19983,-2196,-11205,20759,-73,-1129
-5,17,27,-10911,-2054,-7757,20348,-58,-775
-5,9,47,-9550,-4720,-5634,20044,-213,-798
-1,-7,25,-8641,-3787,-5006,19784,-171,-846
-1,-12,14,-3103,-5260,-2455,19653,-239,-665
-3,-16,7,1814,-4850,-486,19628,-192,-507
-5,-11,13,8272,-7105,304,19644,-290,-72
2,2,33,13384,-10460,2521,19778,-539,353
-8,21,57,17250,-8554,3894,19984,-396,610
-6,41,84,18970,-9154,4815,20239,-442,721
-13,60,98,18770,-5065,5797,20552,-229,750
-30,78,102,18155,-5675,6040,20873,-228,721
-32,87,101,16773,-4662,4371,21104,-175,663
-39,98,104,18089,-8438,4289,21332,-360,737
-22,101,103,13618,-5734,1996,21439,-255,533
-30,106,115,14754,-4799,3395,21619,-192,570
-27,103,-128,8028,-5428,3035,21780,-230,213
-36,113,-119,5662,-3836,58,21783,-141,93
-48,122,-112,-1410,-5100,-2802,21632,-200,-266
-37,119,125,-7113,-5267,-5729,21328,-211,-540
-34,118,113,-9469,-4301,-6934,20961,-164,-650
-30,112,99,-12442,-4735,-8317,20520,-188,-792
-26,102,86,-12661,-4925,-8519,20060,-202,-810
-29,87,73,-12911,-4338,-8763,19595,-156,-812
-23,70,65,-11976,-5325,-8725,19133,-208,-776
-17,49,58,-11366,-4708,-8687,18673,-179,-771
-13,26,51,-9552,-4847,-7821,18250,-192,-736
-7,12,43,-7659,-4638,-6219,17921,-189,-675
-3,-2,22,-5971,-3896,-5397,17634,-153,-672
5,-14,3,-410,-5032,-3616,17446,-320,-634
6,-19,-1,4761,-5829,-484,17420,-376,-379
0,-8,17,8637,-5754,1532,17499,-290,-26
-12,11,42,11367,-8583,3371,17678,-367,286
-21,26,65,13599,-5760,4829,17934,-218,428
-26,49,83,15418,-4757,5662,18234,-173,554
-46,56,79,13929,-5379,4981,18503,-168,499
-21,72,90,15541,-7109,5109,18774,-311,594
-43,79,94,15847,-7883,5616,19072,-315,607
-28,100,106,15324,-6037,5507,19363,-255,601
-40,94,105,13667,-5512,4022,19581,-215,520
-35,98,122,14376,-8089,3739,19779,-353,533
-41,107,-112,11483,-5865,2890,19932,-239,378
-48,115,-107,5800,-6133,235,19945,-247,92
-49,122,-116,-1149,-7380,-1686,19854,-315,-249
-42,121,115,-7955,-6973,-4567,19611,-290,-573
-32,120,101,-10434,-6102,-6431,19271,-257,-685
-33,118,100,-16658,-5363,-8595,18815,-216,-1002
-21,102,84,-22255,-4660,-9529,18300,-198,-1303
-21,80,79,-22398,-1878,-10518,17743,-44,-1311
-18,41,60,-22237,-947,-10659,17178,14,-1346
-17,11,53,-13732,-1884,-8737,16715,-16,-1002
-13,-4,50,-8765,-3927,-7218,16325,-137,-822
-8,-17,39,-6299,-4904,-6221,15995,-198,-761
-1,-24,31,-3862,-6196,-4372,15764,-301,-694
4,-25,21,-2880,-5796,-2479,15632,-315,-690
1,-26,6,2409,-4020,131,15639,-215,-526
-6,-15,10,9244,-5483,3180,15808,-189,-83
-8,-7,27,14183,-7813,4802,16062,-325,317
-24,10,44,18385,-8071,6474,16406,-288,632
-25,36,66,22637,-11328,6458,16748,-494,911
-18,53,81,25365,-10399,5876,17059,-479,1073
-19,83,90,26628,-4338,7253,17444,-177,1175
-29,103,98,26507,-6636,6974,17813,-283,1181
-26,118,107,25042,-7897,7565,18222,-364,1138
-31,-126,111,22480,-5350,5929,18536,-223,989
-42,-114,-128,15629,-3053,2688,18679,-98,633
-51,-119,-125,6898,-5549,1221,18744,-215,180
-43,-119,126,2186,-7079,-749,18703,-306,-51
-42,-116,112,-4609,-5929,-3477,18519,-241,-384
-38,-119,89,-9470,-6725,-5821,18210,-282,-611
-33,-122,80,-12278,-6473,-7150,17831,-273,-744
-32,127,74,-16403,-8483,-8501,17372,-383,-968
-20,108,66,-18045,-7199,-9357,16876,-322,-1037
-18,85,61,-16739,-4427,-10036,16344,-178,-987
-20,63,64,-15367,-5596,-9732,15828,-225,-956
-7,40,64,-14995,-6028,-9019,15341,-281,-997
-8,17,53,-14558,-4126,-7662,14935,-168,-1016
-4,0,38,-11609,-4479,-6496,14591,-194,-938
2,-13,19,-7968,-1686,-5009,14325,-103,-896
-1,-23,6,-2634,-2754,-3657,14128,-123,-783
0,-23,9,2631,-6818,-719,14090,-332,-488
-3,-20,23,7559,-7722,924,14139,-362,-129
-6,-8,42,13240,-7173,3379,14318,-323,280
-21,6,77,13573,-10092,3839,14525,-453,372
-22,15,77,16424,-4627,5400,14811,-165,531
-27,35,88,21354,-4449,6538,15158,-154,821
-37,59,101,18662,-4204,6372,15496,-136,717
-44,63,93,16128,-4805,5001,15766,-155,614
-32,83,88,16516,-6949,4710,16015,-286,657
-33,87,77,19462,-7239,5187,16290,-297,825
-25,106,85,21634,-5843,5420,16578,-247,952
-31,126,117,20519,-6292,4810,16837,-277,899
-34,-112,-109,9704,-5071,2968,16995,-213,320
-43,-105,-121,1471,-6033,259,17008,-251,-86
-44,-103,121,-4643,-6007,-2631,16869,-247,-384
-33,-109,100,-12209,-6750,-5645,16564,-300,-763
-22,-122,79,-15581,-7284,-6405,16225,-330,-906
-22,123,75,-17141,-8836,-6285,15892,-407,-990
-15,104,75,-18766,-5078,-7725,15490,-218,-1071
-21,85,61,-20072,-2244,-9110,14998,-63,-1178
-24,58,42,-19784,-4560,-9564,14491,-151,-1154
-12,34,28,-18840,-2597,-9612,13982,-61,-1117
-7,8,10,-18646,-1392,-9228,13492,45,-1155
3,-20,-6,-13390,-44,-8242,13047,-36,-1317
6,-42,-14,-5126,-4121,-5166,12773,-237,-884
11,-41,-10,7631,-7198,-1695,12684,-420,-238
9,-21,16,18110,-10489,3987,12895,-602,377
4,0,47,22250,-11492,4665,13147,-610,804
-1,29,70,23938,-10912,5260,13426,-542,960
-12,50,75,24278,-8958,5761,13731,-416,1020
-7,72,84,25128,-9819,5606,14028,-477,1093
-10,96,85,27539,-6738,4967,14296,-323,1272
-22,122,83,26782,-2828,4940,14558,-102,1234
-30,127,79,20711,-3290,3481,14743,-114,930
-18,-121,87,15875,-8115,1378,14816,-379,686
-24,-120,95,12999,-5249,759,14857,-232,542
-5,-104,120,11592,-5503,-141,14849,-266,448
-25,-92,122,4568,284,-1955,14746,50,95
-34,-94,101,-6742,-5389,-3911,14538,-226,-464
-26,-106,77,-15496,-6897,-6441,14191,-315,-906
-22,-118,71,-18701,-5761,-7624,13787,-253,-1052
-27,123,69,-20684,-5821,-8199,13352,-245,-1164
-14,103,68,-22021,-5220,-8749,12888,-231,-1244
-19,77,67,-21745,-2670,-8849,12410,-88,-1283
-17,54,66,-21186,-3172,-9508,11906,-108,-1271
-12,25,42,-18570,-2262,-8708,11445,-50,-1173
-19,-3,31,-11094,-118,-8069,11017,128,-934
-3,-21,25,-5855,-3257,-7597,10615,-132,-806
-1,-28,28,-3710,-5779,-4308,10382,-285,-718
5,-35,7,867,-6087,-1849,10284,-337,-604
4,-27,2,8438,-6889,952,10334,-377,-236
2,-15,15,15152,-8349,4831,10590,-447,247
-6,12,30,22576,-8075,7766,11010,-369,909
-23,42,49,26846,-6386,8258,11448,-239,1169
-20,67,70,27031,-10590,6726,11804,-484,1197
-19,95,79,25206,-6544,7989,12228,-290,1133
-24,120,83,25417,-9256,7348,12624,-434,1185
-15,-120,85,26560,-6161,5236,12902,-285,1232
-20,-100,95,24621,-2192,4318,13131,-78,1136
-24,-90,107,15760,-2535,4200,13353,-94,679
-29,-89,106,3515,-6999,1644,13442,-321,60
-25,-95,92,-4760,-5994,-1557,13360,-266,-353
-27,-107,75,-9481,-5983,-4566,13118,-259,-583
-24,-120,63,-11709,-5079,-7215,12735,-215,-690
-23,126,67,-13451,-5681,-8318,12286,-250,-802
-21,116,72,-17327,-7733,-7944,11865,-350,-1001
-19,98,68,-20910,-7321,-8439,11418,-328,-1194
-18,78,72,-21307,-6025,-7837,11002,-259,-1247
-13,52,60,-19554,-3853,-7538,10603,-151,-1182
-22,26,63,-17189,-1525,-7941,10182,3,-1137
-14,5,45,-13390,-2600,-7609,9778,-53,-1004
-5,-8,42,-10828,-3453,-6908,9412,-138,-946
9,-21,24,-11289,-1555,-5877,9095,-138,-1088
5,-32,-2,-8384,-763,-3572,8906,-68,-1094
-4,-36,-9,1631,-5209,-915,8857,-233,-564
-6,-27,11,12021,-6686,1705,8947,-283,6
-15,-13,30,19756,-7837,4576,9195,-302,591
-19,19,45,27628,-6164,4582,9437,-219,1142
-16,51,66,27628,-8775,7930,9858,-394,1204
-17,79,64,27628,-8575,7113,10235,-390,1258
-11,105,66,27277,-5585,6507,10586,-262,1295
-21,127,71,25311,-6363,8324,11027,-283,1177
-15,-111,78,23383,-6363,9697,11541,-295,1086
-15,-100,82,20810,-5117,9439,12042,-233,958
-21,-92,92,18512,-2328,6192,12376,-87,851
-26,-66,117,13827,-3348,5085,12646,-136,586
-43,-58,115,203,-3826,504,12672,-144,-104
-33,-70,84,-14308,-7254,-6972,12303,-324,-820
-19,-87,57,-20626,-5767,-11451,11684,-267,-1136
-16,-107,50,-19982,-5439,-11325,11084,-245,-1083
-16,-125,61,-20178,-7153,-10394,10533,-330,-1118
-12,114,69,-22398,-6546,-10711,9966,-304,-1254
-8,106,70,-22398,-1544,-15948,9104,-57,-1284
-8,56,34,-22398,-1635,-15544,8280,-47,-1257
5,-2,9,-18632,-876,-10766,7710,-160,-1342
0,-17,11,-5289,-2512,-5534,7416,-124,-841
5,-19,16,1407,-6747,-2691,7271,-395,-472
5,-24,7,3612,-4221,-1652,7184,-259,-439
4,-21,4,7115,-7357,-546,7155,-417,-273
5,-14,12,13403,-8379,2884,7307,-483,148
0,0,25,20649,-7841,6226,7644,-403,715
-7,28,46,26480,-9294,8058,8071,-433,1123
-6,68,71,27628,-10505,9355,8567,-512,1233
-23,94,78,25669,-5273,6583,8916,-217,1154
-23,108,76,20359,-4607,4552,9161,-191,921
-21,120,73,19512,-7347,4115,9380,-332,875
-25,126,65,19117,-241,3224,9550,35,868
-21,-111,80,23164,-6756,3817,9753,-306,1071
-16,-90,101,23475,-4593,7856,10177,-211,1102
-21,-69,-126,14576,-5509,6023,10496,-251,612
-32,-60,121,-2145,-4410,-1336,10425,-184,-227
-20,-74,85,-15781,-7908,-6623,10074,-372,-893
-11,-94,61,-19597,-5969,-8293,9627,-287,-1087
-15,-111,53,-17874,-7089,-7357,9237,-331,-981
-11,-124,58,-18814,-8134,-7405,8844,-387,-1043
-17,116,54,-22398,-11118,-7492,8447,-528,-1231
1,83,43,-22398,-11047,-7896,8021,-568,-1259
7,47,40,-22398,-2644,-7328,7632,-154,-1291
2,10,27,-19340,-1096,-6185,7304,-71,-1248
2,-10,19,-11411,-954,-4451,7068,-66,-1043
6,-19,9,-4617,-201,-2716,6922,-71,-824
-4,-20,3,2165,-14,-1302,6853,52,-540
-4,-20,4,8583,-5622,505,6879,-231,-201
0,-8,17,17934,-6786,3071,7042,-334,463
-10,16,34,26673,-10281,5652,7348,-463,1131
-9,55,52,27628,-8649,4729,7598,-404,1241
-9,96,73,27628,-7928,6055,7919,-379,1267
-8,116,83,25030,-11196,7067,8294,-549,1142
-13,120,77,17267,-7367,4256,8524,-353,774
-1,-125,75,15988,-5148,265,8538,-253,705
-29,-127,65,13958,-907,-479,8512,6,606
-5,-119,86,16662,-9136,144,8520,-450,731
0,-105,111,15041,-5799,1625,8608,-293,646
-4,-96,121,6239,-3550,239,8620,-168,181
-5,-89,109,-4899,-5274,-2199,8504,-254,-370
-11,-95,84,-12693,-5167,-3913,8296,-240,-745
-12,-104,70,-16697,-5685,-5007,8026,-270,-954
-9,-118,63,-20730,-4412,-6319,7691,-203,-1142
-9,120,67,-22398,-3776,-7034,7318,-168,-1245
-7,99,70,-22398,-3008,-9095,6836,-132,-1268
-2,70,52,-22398,2356,-10896,6259,132,-1275
-13,27,30,-22398,75,-9868,5736,84,-1329
-6,-2,25,-15732,-2878,-7241,5352,-85,-1173
-6,-17,21,-10807,-4576,-5469,5062,-174,-1054
1,-27,9,-4343,-5910,-3332,4882,-312,-857
3,-36,0,5993,-2304,-1064,4825,-129,-383
-1,-21,12,15282,-4125,1433,4901,-192,195
-6,-2,15,22120,-4550,5618,5199,-129,739
-21,21,30,27628,-7118,6591,5549,-235,1177
-18,58,49,27628,-12221,8781,6023,-572,1275
-10,95,65,27628,-10821,10576,6583,-522,1278
-17,121,72,27628,-8707,9852,7106,-407,1292
-12,-128,72,20640,-5794,6375,7443,-269,942
-10,-117,71,16888,-7498,2946,7603,-366,777
-8,-114,75,18069,1730,2457,7733,107,818
-17,-94,93,18639,-691,3469,7917,-6,839
-26,-80,105,12349,-2114,4122,8135,-71,513
-32,-77,102,120,-5507,88,8140,-242,-105
-28,-85,79,-11416,-6312,-5257,7861,-280,-673
-20,-94,62,-16007,-5689,-8283,7422,-255,-890
-23,-110,53,-16430,-6893,-8363,6979,-309,-911
-11,-120,55,-14655,-7834,-8181,6537,-381,-838
-23,121,54,-15986,-855,-12020,5900,3,-904
-21,101,47,-20311,-2415,-16060,5049,-72,-1130
-12,80,48,-22398,-3138,-15973,4202,-123,-1256
-10,41,27,-22398,-4480,-12878,3507,-175,-1289
-6,8,16,-18713,-6261,-10961,2926,-238,-1200
4,-14,6,-13255,-6529,-8615,2469,-386,-1272
12,-28,0,-7773,-7394,-5442,2181,-463,-1009
9,-34,-1,1055,-7687,-715,2142,-455,-588
0,-29,11,11147,-8096,2976,2300,-403,-52
-10,-13,36,18615,-8483,5114,2571,-365,518
-12,8,62,23426,-10434,6452,2913,-480,874
-18,34,70,26286,-6360,7189,3301,-269,1117
-24,64,75,27345,-9163,7229,3684,-404,1198
-20,84,79,27628,-10924,6622,4035,-509,1241
6,119,95,27628,-7586,9439,4536,-388,1262
-24,-127,90,21273,-7498,7726,4953,-346,970
-3,-126,93,17195,-7321,2718,5097,-360,744
-11,-123,89,14820,-2986,-821,5053,-128,629
-7,-108,101,13443,-3189,-826,5010,-145,558
-14,-93,112,7392,-2272,1220,5076,-94,256
-27,-89,101,-4532,-5943,-1008,5022,-263,-346
-21,-98,78,-14756,-6210,-5599,4725,-281,-846
-18,-110,64,-19184,-4060,-8618,4269,-173,-1062
-21,-128,60,-20444,-3990,-9939,3732,-164,-1153
-22,111,66,-21799,-3983,-10693,3165,-155,-1226
-16,86,62,-21924,-5998,-10844,2590,-262,-1250
-13,58,58,-18853,-3554,-10199,2050,-137,-1131
-12,34,49,-16200,-4052,-9746,1523,-157,-1050
0,12,37,-16316,-6092,-9376,1026,-306,-1102
13,-14,7,-12833,-1269,-7989,603,-218,-1174
9,-29,3,-9384,-4882,-6344,267,-312,-1108
20,-37,-7,-1047,-4938,-2455,134,-363,-639
6,-31,-2,12271,-5600,2655,275,-325,-34
0,-5,8,26808,-8376,7607,678,-401,879
-11,53,20,27628,-10976,12176,1323,-507,1322
-3,106,51,27628,-12696,11642,1952,-643,1341
0,-116,82,27628,-7773,9206,2440,-388,1295
-18,-119,83,17403,-6413,3599,2631,-293,770
-3,-125,70,8954,-6349,-195,2620,-310,354
-9,124,60,9370,-6360,-348,2602,-306,392
4,-118,79,18464,-7121,1875,2701,-362,831
6,-93,108,19989,-611,5261,2980,-31,894
-15,-78,121,7758,-4159,3513,3166,-188,269
-14,-83,100,-7990,-5971,-2667,3022,-285,-523
-6,-100,71,-15903,-5480,-7131,2644,-263,-895
-3,-117,59,-15375,-2744,-8121,2214,-127,-862
-17,-126,63,-16312,-4918,-6504,1869,-215,-924
-15,116,61,-21844,-7319,-6617,1512,-344,-1235
-10,93,56,-22398,-3841,-7954,1090,-167,-1254
-12,58,51,-22299,-4949,-8308,650,-208,-1291
-1,34,64,-18467,-4909,-6952,281,-238,-1174
0,17,65,-19335,-1228,-6488,-63,-57,-1272
-3,-2,40,-18484,-1400,-6087,-385,-42,-1304
-2,-17,18,-13292,-82,-5353,-669,26,-1194
-5,-32,-1,-6078,-1618,-4765,-922,-38,-979
4,-38,-6,5197,-4319,-4356,-1157,-241,-392
10,-28,11,15565,-7993,1144,-1096,-473,195
4,-15,35,25150,-6176,3810,-894,-331,838
-9,24,71,27628,-9390,6929,-527,-442,1133
-16,50,98,22928,-9270,5026,-256,-440,946
-19,62,101,18596,-7410,3368,-77,-332,721
-25,69,91,17883,-5811,3265,96,-239,706
-17,77,85,20208,-7215,3253,268,-325,845
-14,97,85,25922,-8215,5128,545,-392,1188
-4,125,109,26578,-7675,7654,951,-377,1200
-2,-124,119,17711,-7787,7129,1329,-386,744
7,-114,126,9138,-4564,1680,1418,-234,310
1,-105,123,2247,-1114,-122,1411,-52,-28
-5,-108,110,-4863,-3952,-1316,1341,-187,-382
-6,-113,94,-11113,-2805,-3700,1145,-126,-687
-11,-123,79,-16042,-4136,-4902,886,-185,-928
-3,120,77,-18339,-3992,-5234,603,-194,-1069
-3,105,76,-21571,-3136,-3906,396,-145,-1229
-3,78,63,-22398,-5160,-4715,146,-246,-1284
1,51,59,-21207,1287,-4837,-111,68,-1264
-6,34,53,-20095,2361,-5367,-400,152,-1257
-9,8,42,-19004,2442,-6764,-759,178,-1269
-7,-12,26,-12458,4805,-7258,-1144,311,-1079
-5,-28,6,-6962,462,-7349,-1533,74,-993
13,-48,-15,3598,-2321,-3837,-1740,-170,-430
12,-36,0,14789,-4834,968,-1689,-314,120
-4,-8,25,19583,-5647,4538,-1449,-241,574
-15,13,43,21760,-9188,5562,-1154,-386,823
-19,37,58,24251,-10309,6778,-788,-464,1034
-17,59,72,27389,-10413,5937,-473,-480,1199
-15,90,84,27628,-7885,7469,-77,-364,1243
-20,113,87,27628,-9700,6528,269,-454,1264
-16,-122,83,24865,-4132,6079,597,-183,1171
-22,-123,77,17944,-2959,5020,863,-109,799
-23,-116,82,15150,-5395,4303,1091,-234,657
-24,-98,97,14510,-4961,4337,1321,-215,620
-34,-86,108,8043,-4388,2092,1434,-182,293
-32,-88,98,-3736,-5026,-3457,1251,-210,-304
-21,-100,74,-13361,-7062,-7751,840,-323,-773
-14,-115,61,-16181,-5910,-8110,410,-272,-907
-16,-127,61,-16042,-5750,-8151,-30,-264,-924
-12,115,60,-16516,-2125,-8912,-502,-79,-941
-20,97,63,-18849,1816,-11607,-1117,139,-1084
-31,80,63,-21915,-2588,-11061,-1704,-56,-1267
-23,53,49,-22038,-7885,-10839,-2278,-323,-1293
-17,25,52,-18976,-3192,-9799,-2798,-87,-1213
-15,1,36,-13936,-1679,-8622,-3255,15,-1049
-11,-14,25,-10028,-3273,-7049,-3628,-72,-969
3,-30,1,-5510,-2559,-6568,-3976,-150,-958
13,-38,-9,2850,-3499,-3876,-4186,-249,-467
22,-31,-2,13113,-5552,2041,-4077,-416,101
4,0,8,22676,-3467,8199,-3643,-292,806
-23,40,35,27628,-9805,13678,-2918,-396,1231
-24,78,59,27628,-13718,12224,-2258,-649,1287
-21,114,72,27628,-11257,13686,-1532,-530,1283
-33,-122,71,27238,-10160,13068,-840,-460,1276
-30,-115,70,17764,-12421,6303,-506,-580,801
-3,-122,70,15605,-3622,671,-469,-175,710
-10,-117,75,15788,-2428,-366,-489,-100,700
-21,-105,85,15346,-1654,3242,-317,-48,672
-30,-79,116,12267,-6205,4309,-89,-275,499
-40,-71,116,-1373,-4902,-2689,-234,-205,-193
-18,-78,93,-13823,-5996,-9600,-743,-276,-803
-20,-96,72,-18961,-6020,-8816,-1210,-272,-1053
-15,-112,61,-19345,-8587,-7516,-1608,-407,-1067
-20,125,48,-18831,-4927,-8483,-2066,-213,-1055
-18,100,43,-15805,-4461,-9736,-2582,-182,-891
-21,84,52,-15421,-6679,-8260,-3020,-284,-907
-15,64,51,-22398,-7895,-9580,-3528,-352,-1286
-3,27,26,-22398,-3475,-11153,-4130,-152,-1325
-2,-3,17,-15053,-2990,-8501,-4581,-114,-1163
0,-16,16,-7403,-3256,-4656,-4828,-149,-905
-7,-24,11,-2869,-4447,-3179,-4996,-156,-734
3,-30,5,3993,-6743,-1881,-5098,-366,-455
6,-20,20,12625,-6440,2218,-4980,-374,122
-11,0,39,19579,-8805,5124,-4709,-375,651
-11,26,56,24666,-8934,5580,-4413,-406,1004
-2,58,74,27628,-8350,6203,-4078,-419,1235
-21,86,83,25486,-3508,6707,-3722,-130,1128
-26,100,81,20014,-8252,4873,-3464,-366,868
-16,107,75,17200,-4164,3307,-3289,-175,744
-21,120,78,16605,-6020,2922,-3131,-270,736
-16,115,73,15296,-4677,3565,-2942,-203,657
-8,-125,84,19725,-3396,4163,-2721,-153,884
-31,-101,103,19753,-40,5572,-2426,43,877
-29,-84,121,8770,-1901,3021,-2263,-59,322
-43,-82,101,-6219,-5841,-2437,-2392,-241,-433
-28,-95,72,-14549,-6609,-5656,-2692,-292,-831
-24,-112,57,-16744,-5292,-8018,-3117,-226,-933
-26,-125,54,-17676,-5495,-9360,-3622,-236,-1002
-19,116,58,-20143,-7652,-9399,-4120,-348,-1123
-14,95,55,-21101,-4899,-10459,-4675,-212,-1186
-15,67,58,-19065,-3725,-10537,-5233,-144,-1124
-11,42,62,-17685,-3508,-9666,-5755,-139,-1129
-9,16,60,-16899,-4882,-8895,-6227,-206,-1149
-4,-6,50,-13011,-3259,-7044,-6600,-139,-1039
-6,-20,36,-7274,-2621,-4719,-6850,-93,-832
2,-27,25,-3010,-3367,-4218,-7078,-179,-693
6,-25,10,1591,-3284,-1881,-7178,-209,-527
3,-19,0,9137,-4976,1404,-7103,-281,-207
-6,0,11,18819,-6525,4531,-6863,-201,605
-11,26,30,25905,-8085,7221,-6473,-350,1150
-20,60,55,27628,-8209,9660,-5961,-355,1241
-10,88,78,27628,-7907,7052,-5587,-374,1250
-25,116,83,23232,-2850,7372,-5197,-97,1046
-28,124,74,16367,-3797,7244,-4806,-145,729
-26,123,66,15541,-8039,6643,-4453,-358,681
-28,-118,86,19813,-9133,5850,-4143,-417,887
-25,-97,112,18790,-2311,5516,-3851,-81,824
-40,-87,121,10308,-5914,3388,-3668,-255,397
-32,-89,112,-465,-5436,-1842,-3766,-232,-151
-30,-99,81,-10107,-6341,-6059,-4087,-276,-618
-23,-111,64,-14424,-7733,-7543,-4479,-344,-809
-23,-121,62,-16462,-8750,-8002,-4911,-410,-946
-13,121,67,-19540,-8280,-8300,-5351,-391,-1100
-13,100,69,-20710,-5262,-9575,-5859,-235,-1181
-10,74,60,-18303,-3250,-9633,-6369,-133,-1077
-14,48,54,-14584,-3376,-8314,-6818,-122,-940
-6,27,56,-11923,-5034,-7708,-7227,-225,-852
-8,10,50,-10942,-4968,-6496,-7571,-210,-860
1,0,40,-9668,-7006,-5302,-7852,-358,-843
0,-4,29,-10592,-3917,-3889,-8062,-195,-928
-4,-12,16,-10406,-2615,-4895,-8322,-76,-1026
-5,-36,5,-1175,-5430,-2161,-8436,-237,-723
0,-26,22,14847,-4088,1969,-8332,-198,207
-17,2,50,20502,-5875,5850,-8016,-219,723
-15,21,56,26229,-7130,6728,-7659,-297,1066
-21,55,75,27628,-7947,8020,-7234,-345,1198
-26,81,80,27628,-5915,8904,-6762,-242,1234
-27,108,84,26314,-8496,4390,-6525,-387,1218
-27,119,85,21176,-3138,4303,-6297,-109,942
-26,127,94,17331,-7508,3636,-6104,-337,743
-29,-124,103,14079,-5166,2667,-5963,-215,572
-32,-115,111,11047,-3502,2053,-5852,-134,426
-36,-109,112,4421,-5712,1084,-5795,-239,81
-31,-111,100,-3698,-7473,-1639,-5881,-332,-319
-27,-116,85,-9452,-7410,-3731,-6079,-332,-599
-22,-121,79,-13281,-8186,-4778,-6337,-384,-801
-19,-128,78,-20016,-6857,-5637,-6636,-312,-1134
-26,105,66,-22398,-3808,-8604,-7092,-139,-1263
-14,69,62,-22398,-3231,-9369,-7589,-121,-1298
-12,44,75,-18429,-3379,-8263,-8035,-135,-1183
-13,23,72,-16666,-4045,-6922,-8402,-160,-1124
-7,5,63,-13429,-6023,-6182,-8729,-273,-1010
4,-3,52,-10374,-4246,-4142,-8949,-228,-893
-4,-12,25,-7960,-1829,-2921,-9104,-50,-860
-9,-19,2,-3868,-5305,-3275,-9281,-163,-801
0,-22,-5,3562,-7425,-2661,-9422,-374,-472
0,-18,0,13707,-8719,645,-9388,-446,3
-3,1,19,27449,-8960,2836,-9237,-403,1065
-4,47,46,27628,-10092,6700,-8875,-499,1264
-6,84,65,27628,-14433,7752,-8465,-712,1266
9,116,80,27628,-10565,4652,-8218,-546,1278
-2,-118,89,24728,-3268,2510,-8085,-155,1138
0,-123,80,12285,-4140,228,-8073,-207,524
-17,126,65,7814,-6967,-434,-8096,-318,297
10,-126,73,12720,-12053,754,-8056,-622,540
24,-112,103,16259,-8641,2655,-7915,-464,693
17,-96,124,10539,-2787,3470,-7727,-157,406
0,-88,116,-2875,-3451,-648,-7762,-169,-272
-3,-87,99,-15293,-5134,-4008,-7974,-250,-887
-4,-101,81,-21627,-3796,-6070,-8296,-180,-1198
1,-117,77,-22398,-2434,-6144,-8628,-120,-1265
-10,117,69,-22398,-6176,-5873,-8939,-289,-1251
5,83,65,-22398,-6114,-4713,-9189,-316,-1280
7,50,59,-22398,-2505,-4673,-9437,-142,-1325
6,20,48,-19503,-1444,-4319,-9670,-97,-1269
6,-5,29,-13259,830,-3632,-9862,3,-1061
1,-15,16,-4629,3378,-4155,-10083,166,-760
-4,-18,14,-573,-1773,-886,-10130,-38,-577
2,-21,12,2430,-6122,-488,-10156,-335,-458
0,-20,13,8968,-3521,619,-10123,-173,-115
-4,-15,29,17246,-8148,3205,-9953,-377,419
-8,9,39,27628,-6457,4642,-9707,-273,1111
-18,68,52,27628,-4240,5147,-9429,-164,1286
-15,108,77,27628,-6539,7600,-9026,-299,1273
-19,113,85,21586,-4385,7089,-8651,-184,959
-20,114,68,8113,-7453,1346,-8579,-337,296
-7,104,50,5370,-3413,-528,-8608,-155,186
-7,110,50,12890,-3086,1459,-8532,-132,556
-7,-118,69,23447,798,5135,-8260,59,1097
-38,-92,90,22641,3254,6565,-7912,218,1041
-43,-72,106,8312,-3986,3512,-7722,-152,315
-45,-73,89,-7675,-7483,-1421,-7797,-323,-492
-38,-90,66,-16212,-8079,-5972,-8114,-356,-911
-28,-107,58,-18173,-6327,-9564,-8621,-275,-1006
-24,-119,66,-20727,-6921,-10162,-9170,-315,-1171
-20,124,70,-22398,-5188,-11924,-9802,-223,-1250
-19,91,55,-22398,1918,-13837,-10535,145,-1258
-27,57,51,-22398,1249,-13411,-11246,148,-1307
-22,28,44,-19227,-2105,-11831,-11885,-8,-1224
-13,3,30,-15967,-2974,-10682,-12451,-46,-1135
-7,-15,17,-9238,-4297,-8050,-12878,-144,-972
4,-25,10,-2333,-5722,-5737,-13182,-320,-729
12,-27,7,4660,-4699,-2444,-13314,-329,-354
6,-25,18,11491,-6172,1622,-13228,-350,24
1,-14,29,19023,-5991,6249,-12896,-310,515
-23,16,41,24237,-6533,8767,-12432,-215,960
-37,43,65,25805,-11077,8036,-11998,-465,1109
-27,62,76,25047,-8492,5800,-11690,-362,1075
-34,90,77,22480,-5605,6613,-11340,-212,983
-29,98,70,20427,-4144,6743,-10983,-149,899
-32,108,65,18057,-4234,6550,-10629,-154,812
-31,126,75,18458,-5320,7091,-10253,-214,818
-47,-115,90,17693,-6383,7173,-9873,-254,768
-16,-95,126,16038,-6461,3770,-9673,-302,674
-34,-80,-118,8028,-788,2087,-9560,0,272
-38,-78,118,-5387,-7112,-192,-9570,-313,-401
-27,-88,84,-15620,-8376,-3165,-9738,-386,-894
-22,-101,65,-19251,-6304,-6135,-10063,-283,-1063
-18,-116,56,-22003,-6611,-7673,-10478,-307,-1220
-17,115,50,-22398,-5116,-8950,-10952,-221,-1227
-16,88,46,-22398,-2596,-9588,-11460,-87,-1244
-17,61,47,-21949,-2495,-10318,-12007,-67,-1262
-14,34,45,-22093,-2628,-10035,-12549,-73,-1349
-9,9,36,-21216,-1626,-9632,-13060,-17,-1370
-2,-13,22,-16826,-1476,-8246,-13497,-45,-1328
0,-36,6,-9485,-2732,-6179,-13824,-136,-1148
3,-49,0,339,-3959,-4605,-14073,-213,-674
11,-49,4,9110,-6820,-2873,-14225,-391,-188
12,-34,20,19018,-5767,592,-14194,-356,398
3,-4,40,24055,-5607,7232,-13810,-297,851
-25,21,49,27628,-3653,7035,-13431,-79,1167
-23,59,75,27628,-6958,8259,-12993,-291,1205
-29,79,92,24598,-6492,7940,-12572,-268,1060
-38,86,91,19429,-6370,6099,-12249,-248,804
-10,103,93,20631,-4307,5873,-11932,-198,912
-46,115,87,21055,-1547,7887,-11513,0,920
-28,-122,102,21225,-5649,7390,-11122,-242,938
-32,-109,110,15111,-3533,5920,-10808,-132,629
-38,-102,112,5621,-6124,1350,-10735,-265,152
-35,-104,99,-3754,-5486,-3712,-10932,-227,-317
-30,-112,82,-9387,-6059,-6412,-11272,-259,-590
-32,-123,73,-12831,-7550,-8007,-11696,-328,-765
-25,123,71,-16110,-5711,-9683,-12219,-248,-949
-27,110,71,-20213,-7747,-10225,-12761,-340,-1155
-17,85,71,-22398,-6863,-10443,-13314,-306,-1289
-16,54,67,-20840,-5703,-9925,-13831,-234,-1236
-13,26,66,-18871,-5152,-8604,-14295,-217,-1240
-11,8,61,-17419,-4622,-7833,-14710,-185,-1202
-6,-12,47,-15959,-4176,-7055,-15084,-173,-1218
-6,-19,27,-12816,-5694,-5389,-15370,-241,-1140
0,-29,0,-5989,-3381,-3393,-15553,-166,-1014
0,-38,-16,5988,1168,-2812,-15702,70,-307
-2,-24,-7,17671,-3750,1249,-15636,-157,267
0,-2,7,27550,-7625,6936,-15268,-408,974
-15,34,36,27628,-6369,7216,-14886,-247,1219
-10,70,71,27628,-10972,9161,-14391,-536,1261
-20,86,76,23478,-8509,8672,-13932,-386,1036
-9,104,77,20294,-4585,6094,-13609,-210,897
-28,118,78,19116,-7015,6402,-13269,-304,843
-16,-121,103,20413,-9343,6749,-12905,-454,918
-8,-110,120,18861,-4828,6008,-12586,-228,814
-10,-103,-118,12212,-5288,3642,-12393,-250,464
-22,-100,-120,2940,-1904,413,-12371,-65,-4
-31,-101,121,-5310,-4554,-1954,-12477,-193,-418
-27,-107,106,-11373,-4447,-5388,-12762,-184,-712
-26,-115,91,-16294,-3483,-8369,-13206,-134,-952
-23,127,80,-19413,-6380,-9404,-13704,-282,-1108
-15,104,69,-21111,-2257,-10423,-14267,-81,-1218
-17,78,60,-20066,-2845,-11191,-14860,-96,-1163
-9,49,50,-18007,-2637,-9840,-15382,-97,-1089
-7,25,37,-14610,-1970,-8458,-15830,-56,-955
-7,7,29,-12830,-2751,-7665,-16244,-79,-959
3,-15,18,-9292,-3821,-6418,-16584,-225,-980
3,-25,16,-2832,-4321,-2957,-16741,-239,-716
1,-31,17,4541,-4141,-560,-16771,-213,-359
-6,-22,29,10956,-7302,2192,-16653,-333,71
-7,-7,48,15108,-8682,4084,-16436,-400,387
-13,12,62,17680,-8131,5939,-16121,-359,594
-15,34,72,19383,-8373,6975,-15752,-373,738
-26,53,72,20302,-7925,6446,-15403,-338,842
-15,76,78,20254,-10544,7188,-15022,-497,857
-17,91,86,21134,-9489,7354,-14633,-443,911
-6,107,96,21105,-11257,6481,-14289,-554,918
-12,120,96,20928,-8817,5289,-14003,-431,941
-3,-123,103,21078,-8725,4370,-13772,-432,933
1,-111,113,17637,-5396,3268,-13599,-269,757
-8,-98,120,8633,-2487,710,-13561,-109,301
-20,-93,111,-3541,-5177,-2504,-13696,-237,-310
-9,-102,90,-12067,-5652,-5223,-13973,-268,-724
-9,-108,77,-16087,-4273,-7531,-14372,-197,-917
-10,-124,68,-18544,-4379,-8445,-14820,-199,-1041
-5,116,74,-20268,-1247,-10592,-15392,-48,-1169
-12,95,65,-22398,-1347,-11265,-15989,-37,-1266
-6,65,59,-20294,-2510,-11382,-16592,-104,-1190
-2,35,55,-17140,-1602,-9957,-17120,-64,-1090
-6,11,49,-13941,-2030,-8187,-17562,-70,-1019
-4,-5,45,-12118,-2423,-6708,-17911,-93,-980
-3,-18,29,-11325,-4074,-5691,-18213,-178,-1051
-2,-24,14,-7094,-5073,-4043,-18427,-228,-943
0,-31,3,-913,-6068,-2357,-18554,-311,-726
1,-28,5,9115,-4935,-102,-18560,-253,-201
-6,-17,20,18211,-8944,4549,-18318,-391,426
0,9,34,27628,-9567,8484,-17869,-474,1117
-7,58,56,27628,-11425,13020,-17166,-564,1267
-18,98,70,27628,-12475,10262,-16622,-592,1271
-1,118,86,27628,-7498,6744,-16264,-371,1273
-10,-128,82,16976,-7705,4013,-16051,-369,744
-9,123,63,11473,-6593,1677,-15961,-318,496
7,-126,68,16998,-1845,1463,-15883,-98,766
-25,-107,79,20644,-1931,4551,-15642,-57,945
-15,-78,106,18435,-5508,5671,-15341,-256,825
-34,-65,112,5038,-3805,2133,-15226,-155,146
-28,-73,90,-11675,-7471,-5786,-15533,-341,-690
-12,-88,65,-21290,-6099,-10111,-16069,-286,-1158
-14,-106,55,-22398,-6256,-10417,-16621,-290,-1210
-12,126,55,-22398,-6586,-10284,-17176,-313,-1246
-7,108,67,-22398,-2740,-12495,-17839,-119,-1255
-14,75,59,-22398,-2347,-12492,-18501,-78,-1284
-10,36,53,-22398,-3546,-10641,-19065,-137,-1353
-10,6,53,-18094,-2328,-9409,-19573,-67,-1258
-6,-13,45,-13909,-4812,-7891,-19991,-206,-1121
11,-21,27,-11058,-3462,-5518,-20284,-239,-1055
7,-29,-3,-7938,-2712,-3358,-20462,-184,-1051
8,-27,-18,2380,-5683,-1036,-20518,-342,-442
6,-14,-5,13323,-6619,3575,-20328,-415,88
-7,-6,23,20768,-9052,5295,-20047,-383,649
-3,13,56,27628,-8976,5799,-19740,-436,1112
-17,47,77,27628,-6476,9839,-19209,-285,1207
-21,78,79,27628,-7567,9848,-18687,-334,1232
-24,115,83,27628,-7150,8206,-18252,-318,1269
-21,127,82,23528,-5835,6882,-17887,-257,1073
-10,126,71,14802,-4108,5566,-17586,-188,660
-22,122,56,12357,-3532,4768,-17334,-134,534
-19,-123,59,14916,-4105,6036,-17014,-171,670
-31,-110,75,17805,-8029,6184,-16686,-358,801
-10,-84,104,17609,-5596,5054,-16413,-271,799
-31,-71,110,4770,-3745,278,-16398,-150,127
-22,-75,85,-12484,-6494,-7492,-16795,-297,-726
-13,-86,56,-21774,-6184,-11828,-17422,-289,-1170
-11,-103,46,-21530,-6716,-11419,-18039,-324,-1174
-16,-126,47,-19904,-9190,-10351,-18588,-434,-1084
-7,109,60,-19010,-6402,-10805,-19160,-304,-1070
-7,85,62,-20339,-5495,-11068,-19747,-255,-1167
-9,61,65,-19908,-4557,-9789,-20276,-205,-1207
