-11,100,3,-18,-8,20,13,0,0
-11,100,2,-15,-67,30,15,-3,0
-10,100,2,-19,-80,19,16,-5,0
-10,100,2,2,-34,37,18,-3,1
-10,100,2,13,0,63,21,0,1
-11,100,2,33,-35,54,24,-1,1
-11,100,2,34,-91,35,26,-4,1
-10,100,2,0,-121,48,28,-6,0
-10,100,2,42,-68,46,31,-4,2
-13,100,2,221,-21,173,40,4,6
-35,98,14,4694,-2404,2516,173,-69,179
-95,-105,43,16497,233,7267,558,111,726
126,-34,49,3367,-18635,3635,755,-872,72
-74,-24,19,-21732,-16989,-11138,164,-818,-1153
-30,-46,-28,-25170,-13821,-18958,-839,-695,-1299
-14,-86,-21,-22221,-7392,-13565,-1558,-382,-1138
-22,-117,9,-22118,-4662,-10946,-2149,-230,-1159
-14,112,21,-25170,-5977,-11822,-2776,-300,-1306
0,74,3,-25170,-2024,-13025,-3466,-125,-1266
21,39,-26,-25170,3673,-12816,-4146,65,-1415
17,6,-47,-19550,4123,-8829,-4622,107,-1317
24,-3,-48,-4445,-1438,-1048,-4678,-203,-573
8,15,-28,5829,1933,3859,-4473,14,71
-2,35,-16,14025,-1523,8019,-4048,-86,641
-11,59,23,24855,-4197,14142,-3285,-203,1219
-30,-125,98,24855,-808,19316,-2261,-24,1138
-97,-70,-104,24855,11437,18811,-1264,644,1114
-125,-65,-89,21684,1431,13548,-546,152,938
125,-47,-86,12074,4588,4659,-294,316,468
-115,-52,-126,-7133,-3886,-3774,-494,-121,-498
-76,-75,83,-17782,-4353,-9055,-974,-163,-1006
-62,-94,64,-21379,-5293,-9176,-1461,-216,-1176
-38,-126,36,-25170,-3057,-12231,-2121,-120,-1366
-21,80,1,-25170,-4460,-14181,-2873,-191,-1315
13,29,-14,-19154,-3398,-9504,-3376,-289,-1087
18,-5,-18,-11851,1004,-5188,-3651,-143,-987
13,-15,-21,-5037,1457,-1806,-3749,-53,-722
17,-16,-30,3273,1303,1442,-3673,-67,-270
6,5,-17,11492,-1311,5313,-3391,-167,316
-4,39,10,17134,-1434,7454,-2996,-72,833
-19,72,45,20442,2270,7445,-2594,143,948
-53,118,100,23407,4817,10545,-2035,296,1041
-84,-107,-121,19909,5662,10366,-1496,348,832
-116,-90,-99,16623,5042,6906,-1130,338,673
-116,-77,-100,10626,186,3766,-926,88,387
-106,-72,-119,-2380,-152,-2111,-1038,66,-268
-88,-84,93,-14734,-5174,-6088,-1361,-191,-870
-60,-114,64,-18792,-3704,-8174,-1794,-128,-1057
-52,115,44,-24317,-722,-12916,-2492,28,-1356
-19,74,14,-25170,-3921,-15357,-3306,-168,-1326
3,29,-3,-25170,-1636,-14876,-4094,-132,-1290
16,0,-14,-20200,-204,-10964,-4675,-234,-1355
15,-7,-26,-12002,970,-4685,-4928,-93,-1010
13,-5,-36,-4413,1581,-960,-4979,-26,-591
9,4,-29,8584,-2158,4512,-4740,-205,139
-6,30,4,22524,-1718,9435,-4240,-66,1115
-29,68,61,24855,-2132,13135,-3531,-63,1134
-54,-121,121,24855,8981,16277,-2668,497,1113
124,-83,-81,24855,6081,13650,-1944,396,1083
-124,-72,-66,14826,1730,6537,-1598,163,576
-120,-74,-81,0,-1411,637,-1564,2,-171
-89,-89,126,-10662,-2080,-5376,-1849,-38,-687
-73,-107,88,-14939,-2462,-7958,-2270,-58,-884
-52,122,55,-17329,-1621,-9245,-2760,-22,-984
-35,92,35,-21127,-1721,-10987,-3354,-35,-1183
-16,55,12,-25170,-1083,-12242,-4003,-14,-1337
1,13,-12,-25170,-1799,-10686,-4569,-137,-1432
9,-11,-27,-19128,2,-6242,-4900,-92,-1390
14,-16,-41,-8161,1468,-846,-4945,-20,-838
6,-9,-34,4032,-1479,3251,-4773,-143,-187
5,19,-16,13977,-561,7154,-4394,-105,571
-13,62,16,20542,790,9836,-3873,63,996
-41,89,53,24855,4487,13554,-3141,292,1167
-83,124,118,24855,1126,16487,-2283,134,1070
-125,-93,-74,24855,3707,13964,-1543,271,1076
103,-80,-59,17930,-1341,8680,-1083,27,719
-125,-71,-75,6169,-3069,2238,-962,-81,146
-98,-78,-126,-8100,-3512,-4474,-1199,-107,-556
-62,-100,80,-15803,-3277,-7667,-1606,-114,-910
-51,-128,55,-17627,-1464,-8406,-2051,-19,-992
-39,105,43,-22208,-2729,-8797,-2526,-89,-1241
-24,74,14,-25170,-1007,-10527,-3084,-5,-1337
-7,37,-13,-25170,2473,-12508,-3747,140,-1340
5,5,-32,-21626,5338,-11450,-4354,210,-1395
17,-5,-41,-13267,-1004,-7840,-4778,-165,-1046
21,-9,-37,-2150,-3223,-2257,-4897,-306,-490
26,9,-20,11796,353,6258,-4566,-205,326
-6,42,6,24855,6149,14878,-3777,321,1243
-52,97,50,24855,7801,18438,-2781,481,1167
-105,124,93,24855,2365,20015,-1720,230,1096
115,-99,-108,24855,548,18270,-752,135,1080
105,-73,-69,19609,-750,11222,-157,56,812
114,-70,-79,4981,-3463,3694,41,-89,82
-107,-74,127,-4621,-3101,-2475,-89,-79,-379
-84,-82,92,-12942,-5992,-5440,-377,-237,-775
-56,-96,61,-20413,-6505,-7484,-774,-283,-1122
-36,-128,26,-25170,-3422,-10860,-1361,-139,-1356
-14,76,-7,-25170,-2428,-13332,-2067,-105,-1303
7,25,-22,-25170,-139,-12564,-2733,-82,-1426
12,0,-28,-18118,-153,-7102,-3109,-126,-1261
18,-6,-35,-13427,1980,-4798,-3369,-33,-1065
18,-6,-42,-5920,3047,-2621,-3508,38,-667
16,5,-34,8440,-996,4732,-3261,-174,118
-2,45,5,24855,1716,14239,-2507,75,1261
-42,107,58,24855,4799,19282,-1485,295,1155
-86,-119,89,24855,11302,18049,-510,671,1145
127,-102,-119,24855,1775,16188,347,193,1088
114,-75,-75,23080,3100,12112,989,248,993
103,-49,-85,14164,-1182,7417,1382,33,554
-114,-51,-127,-4756,-5216,-1484,1302,-194,-380
-78,-69,73,-18781,-5140,-8503,851,-201,-1048
-54,-92,39,-25170,-3000,-11567,238,-106,-1343
-45,121,18,-25170,-156,-14849,-548,47,-1341
-25,82,7,-24582,775,-17342,-1484,84,-1320
-3,34,-1,-22089,1988,-17264,-2399,100,-1124
19,1,-12,-18580,-1924,-11835,-3027,-349,-1263
29,-18,-31,-13043,-1597,-4439,-3262,-262,-1089
29,-12,-32,-2945,-2936,1893,-3160,-339,-549
14,6,-23,5723,-99,7488,-2763,-155,9
8,37,-6,15444,1143,12203,-2116,-17,749
-33,90,20,24855,8965,19454,-1085,510,1197
-110,-123,54,24855,12459,21144,56,770,1144
114,-92,79,24855,6007,20014,1116,431,1111
90,-63,117,24855,-2579,17559,2047,-11,1104
109,-48,-125,13950,-4670,13265,2750,-139,562
-116,-41,124,-1572,-7231,5893,3068,-299,-209
-84,-49,86,-16408,-6555,-3124,2903,-275,-930
-53,-74,46,-24345,-5615,-7935,2482,-247,-1297
-36,-110,24,-25170,275,-12690,1810,43,-1321
-28,106,7,-25170,2185,-16619,912,148,-1341
-5,59,-15,-25170,-3678,-17790,-30,-192,-1315
17,19,-29,-24910,642,-15526,-853,-97,-1482
27,-7,-44,-14808,-231,-8139,-1284,-161,-1118
28,-8,-44,-2979,-1463,-766,-1325,-230,-523
14,8,-26,7223,-1039,5754,-1020,-187,95
-11,34,5,18497,1512,11459,-413,124,885
-31,76,52,24855,3847,15792,423,246,1136
-67,110,86,24855,5438,17380,1344,354,1111
-113,-120,122,24855,3406,16953,2243,275,1088
-122,-94,-94,24855,-360,14144,2992,68,1085
118,-61,-74,15169,-1508,9087,3474,7,599
-113,-60,-109,-1420,-1469,-198,3463,-2,-221
-83,-74,96,-13978,-4063,-6551,3116,-144,-824
-53,-96,63,-18399,-3215,-8382,2672,-120,-1019
-46,-119,45,-21189,-950,-10251,2128,-2,-1153
-36,104,25,-25170,-2575,-11980,1481,-83,-1371
-10,61,5,-25170,-215,-14814,696,0,-1296
5,21,-5,-23363,1910,-14087,-49,20,-1238
18,-2,-19,-20018,-2221,-10162,-588,-307,-1376
30,-16,-34,-10908,471,-3719,-789,-154,-977
14,-14,-33,-895,529,1955,-685,-82,-464
11,11,-14,10501,-1924,7294,-299,-246,324
-15,37,19,21746,-1869,12438,360,-39,997
-21,77,52,24855,1233,17125,1284,90,1169
-62,-122,84,24855,6629,20699,2381,397,1139
-102,-100,109,24855,3961,17131,3289,289,1115
-126,-72,-115,24855,546,12892,3973,116,1107
-125,-44,-79,13220,-2491,6332,4315,-56,528
-115,-45,-110,-2881,-3902,-1905,4214,-127,-285
-87,-66,95,-15875,-7961,-9104,3731,-341,-918
-54,-98,60,-19852,-5917,-10646,3167,-255,-1092
-35,127,46,-21132,-4054,-10232,2614,-176,-1168
-25,100,31,-24819,-785,-11225,2019,-10,-1324
-10,66,0,-25170,4081,-13232,1318,217,-1290
5,27,-30,-23999,5777,-13545,600,240,-1387
6,7,-33,-17947,-726,-10134,53,-107,-1215
22,0,-33,-10854,-7813,-3926,-154,-556,-884
24,-5,-28,749,-2478,1620,-70,-313,-327
9,17,-1,14578,2317,8438,376,-20,653
-20,47,40,23761,6426,14120,1139,380,1084
-71,85,87,24855,16,17998,2093,96,1079
-88,116,-117,24855,1888,18074,3051,174,1071
-119,-93,-70,24855,4514,15338,3864,307,1076
97,-60,-61,12091,4709,7903,4290,338,444
118,-64,-109,-3183,-2273,-523,4263,-22,-321
-96,-86,93,-12349,-1973,-7921,3843,-20,-755
-66,-112,58,-18055,-3529,-11355,3241,-113,-1018
-41,112,37,-22370,-4492,-13180,2529,-181,-1239
-16,75,26,-25170,-3105,-15826,1690,-135,-1344
9,37,7,-25170,-329,-15724,857,-96,-1325
15,0,-25,-21270,-4250,-10646,293,-368,-1422
32,-8,-30,-13806,-1466,-6334,-48,-283,-1094
23,-13,-35,-4893,2300,-629,-82,-34,-652
11,7,-31,6796,-110,5182,192,-109,63
-4,37,-4,22346,-1273,12086,833,-61,1125
-26,85,54,24855,-3537,18545,1834,-148,1172
-42,-112,92,24855,6768,21494,2973,374,1149
-108,-77,-108,24855,4894,17826,3918,323,1107
-122,-62,-79,20752,3439,10752,4488,249,889
125,-36,-77,10877,1722,5778,4800,163,409
-108,-43,-125,-6437,-424,-4297,4572,46,-455
-73,-70,74,-20050,-2381,-11320,3972,-66,-1110
-51,-108,41,-24168,-4592,-12102,3331,-185,-1298
-34,111,25,-24838,-3003,-13611,2596,-113,-1346
-16,73,11,-25170,-2664,-15230,1788,-109,-1316
8,31,-5,-25170,-2322,-14937,997,-201,-1323
33,0,-28,-21621,3220,-10713,429,-61,-1435
26,-12,-41,-11240,5643,-3728,235,132,-950
13,-5,-39,-1050,1543,1247,302,-20,-416
-2,10,-18,10942,-651,4951,565,-28,341
-16,36,28,21196,-1690,9060,1045,-32,938
-44,78,87,24855,676,13439,1757,91,1084
-85,94,-128,24855,44,14887,2561,89,1080
-109,-128,-76,24855,2168,13313,3267,190,1056
-123,-112,-57,18739,-66,9566,3774,77,746
-121,-87,-85,12054,113,5623,4072,87,435
-98,-88,124,-1841,-3318,-667,4036,-96,-242
-67,-100,88,-11954,-1141,-6191,3708,-1,-723
-58,-115,64,-21927,-2760,-8390,3263,-83,-1216
-38,112,36,-25170,-2713,-10348,2715,-91,-1354
-20,72,7,-25170,-592,-13363,1993,7,-1346
11,29,-19,-25170,8831,-15161,1189,352,-1406
14,-5,-36,-17144,4535,-11309,590,120,-1240
32,-16,-40,-5509,-2476,-4175,369,-297,-683
19,-6,-24,3803,-1600,824,413,-260,-185
8,14,-1,13078,-661,7507,811,-184,563
-23,47,34,22946,1102,13223,1512,117,1029
-67,79,70,24855,2794,16671,2396,245,1088
-73,112,111,24855,-3467,15707,3244,-105,1114
-82,-98,-87,24855,-3772,15573,4069,-139,1091
-109,-53,-46,20543,36,8543,4522,58,873
-107,-43,-76,2480,193,357,4541,68,-26
-83,-59,119,-10734,-130,-6438,4193,47,-675
-58,-86,72,-21127,-1644,-10022,3662,-39,-1163
-36,-124,38,-25170,-1352,-11353,3060,-34,-1341
-29,92,13,-25170,-213,-12409,2403,33,-1332
-16,49,-9,-25170,760,-12745,1714,88,-1365
-3,13,-19,-20038,3871,-12132,1083,202,-1192
22,-3,-27,-18262,810,-11695,464,-137,-1287
38,-16,-45,-11192,-2844,-5996,146,-322,-965
35,-5,-35,6666,749,2372,274,-165,-15
11,31,-2,18204,4206,12894,957,110,872
-23,63,43,24855,3050,20126,2024,196,1140
-60,-128,75,24855,10445,24949,3346,594,1143
109,-94,106,24855,694,24071,4646,159,1121
118,-48,-84,24855,-4762,16531,5522,-159,1103
112,-28,-79,14297,-2446,7285,5909,-43,573
-108,-35,-116,-9653,-5530,-5037,5642,-216,-619
-65,-72,77,-25170,-6708,-10536,5073,-300,-1393
-47,-111,46,-25170,-3279,-12177,4427,-123,-1352
-46,112,42,-25170,-6291,-11881,3797,-260,-1371
-22,69,20,-25170,-5499,-11659,3180,-236,-1349
-8,28,5,-20806,-2360,-9904,2645,-80,-1134
9,-4,-11,-13457,-3492,-5446,2356,-348,-1089
17,-19,-26,-6295,-1195,-1228,2291,-198,-776
15,-23,-32,3695,-642,2615,2430,-143,-277
14,-1,-15,11382,-885,5432,2723,-244,243
-2,29,18,15463,3465,6789,3083,165,685
-8,62,57,13651,2233,8916,3555,110,550
-27,85,69,16888,541,12818,4235,59,721
-51,115,112,24070,-3173,13648,4972,-119,1085
-84,-111,-85,20514,1613,10806,5544,139,859
-85,-114,-55,10322,-3320,5433,5827,-115,314
-89,-115,-44,-224,-913,-1217,5763,5,-219
-67,-117,-75,-12066,1520,-8367,5311,119,-816
-54,119,123,-16541,-2018,-10545,4752,-57,-1009
-39,102,106,-15357,-1319,-8632,4294,-32,-947
-43,88,83,-14512,-1119,-6060,3973,-3,-899
-23,68,61,-14944,-1466,-5861,3656,-44,-922
-8,40,34,-16257,4305,-8316,3216,231,-965
6,15,14,-17364,2462,-8479,2766,33,-1043
17,-5,-10,-13643,2981,-5524,2473,-93,-1088
18,-10,-23,-8671,2584,-2421,2343,-37,-862
12,-9,-30,115,3581,1273,2410,69,-389
1,8,-22,16278,1604,8442,2858,41,573
-16,59,12,24855,142,13818,3590,42,1214
-40,123,74,24855,-1667,17294,4524,-48,1177
-68,-103,111,24855,3257,17609,5457,219,1129
-103,-58,-107,24855,1679,14909,6247,150,1120
-99,-30,-97,18852,690,10625,6811,89,826
-96,-27,-104,-1452,-632,-815,6767,18,-202
-61,-56,94,-19641,-5334,-9335,6272,-234,-1090
-42,-91,64,-23982,-2282,-10416,5720,-87,-1293
-43,-122,48,-25170,1014,-12417,5062,93,-1357
-30,100,24,-25170,-1140,-14600,4273,-18,-1363
-1,54,-1,-25170,-444,-17019,3371,-42,-1263
21,11,-19,-24389,1295,-14790,2587,-132,-1487
33,-9,-32,-13977,-1231,-9400,2089,-269,-1092
38,-11,-31,-5435,-970,-2789,1938,-272,-668
21,-1,-26,4970,1871,4270,2165,-86,-94
3,28,-11,17249,2027,11129,2755,50,807
-22,65,26,24855,-2498,16254,3616,-81,1179
-35,122,54,24855,-5799,17215,4546,-267,1203
-70,-29,-93,24855,5786,14097,5293,325,1138
-116,-21,-81,21355,6195,12736,5968,376,945
-116,-29,-88,5694,1557,3398,6148,143,148
-90,-47,-128,-10521,-2270,-6238,5811,-61,-667
-59,-75,88,-19678,-4518,-9387,5314,-189,-1097
-47,-103,62,-25170,-5178,-10177,4774,-225,-1362
-32,117,40,-25170,-5016,-10679,4208,-222,-1349
-18,74,15,-25170,-2977,-12361,3553,-122,-1325
6,30,-6,-25170,1559,-13233,2838,6,-1347
24,0,-24,-21063,2843,-9774,2320,-59,-1407
32,-13,-40,-11592,1834,-3800,2123,-84,-970
31,-4,-45,-398,3975,3134,2289,39,-370
13,20,-33,12050,2468,10351,2848,24,409
-10,61,-2,24404,3786,15598,3675,204,1229
-29,110,42,24855,4811,19523,4709,274,1191
-83,-93,70,24855,12717,20941,5819,722,1155
107,-63,-122,24855,4396,17554,6767,332,1130
89,-51,-91,21254,2938,11298,7366,253,912
96,-44,-84,7305,-3289,3529,7553,-71,206
-126,-48,-128,-10109,-2886,-6519,7208,-63,-651
-93,-64,73,-20475,-7260,-10320,6650,-303,-1161
-72,-88,44,-23227,-6170,-10609,6088,-249,-1262
-52,-122,23,-25170,-5335,-13323,5382,-213,-1346
-19,93,2,-25170,-3421,-16730,4495,-152,-1302
11,44,-21,-25170,-1469,-17234,3564,-154,-1393
34,5,-39,-23299,-2218,-11832,2937,-303,-1494
45,-15,-56,-12176,1501,-4093,2720,-100,-1001
32,-12,-54,2012,410,2559,2856,-124,-277
26,20,-34,13956,-1821,8463,3313,-253,489
0,61,2,23800,524,14045,4057,2,1229
-34,106,55,24855,1326,18339,5029,105,1164
-70,-104,107,24855,5963,19366,6056,360,1131
120,-76,-92,24855,3335,17212,6985,264,1115
114,-55,-45,20472,2722,11586,7599,217,860
106,-38,-68,4852,3381,3235,7771,257,81
-107,-56,122,-13125,-930,-6352,7434,25,-797
-74,-82,72,-20408,-108,-10357,6875,54,-1154
-51,-113,43,-24196,-2137,-11692,6255,-57,-1306
-27,108,22,-25170,-2509,-13138,5559,-97,-1327
-4,60,3,-25170,-988,-13922,4821,-58,-1275
18,18,-16,-23579,-1650,-11925,4189,-256,-1384
28,-7,-37,-16876,-1169,-6402,3849,-231,-1229
20,-14,-46,-8054,-511,-1758,3756,-142,-806
10,0,-38,1966,-2189,2068,3866,-200,-237
5,23,-29,13036,-1077,7642,4279,-114,493
-22,75,1,24855,412,14051,5023,61,1224
-40,-127,69,24855,-1615,15551,5848,-45,1163
-95,-95,-119,24855,4996,15738,6682,326,1106
-122,-63,-58,24855,3100,12284,7345,231,1113
109,-39,-48,14729,2208,7019,7717,191,577
-124,-39,-85,-4036,-2127,-1661,7629,-36,-356
-81,-67,97,-17447,-3309,-9642,7118,-109,-996
-53,-96,59,-20897,-2979,-10248,6565,-110,-1163
-41,127,34,-25170,-2997,-11393,5961,-108,-1346
-7,84,1,-25170,-1259,-14574,5188,-69,-1274
2,33,-22,-25170,4462,-16032,4338,184,-1392
19,2,-36,-20787,-1735,-12518,3662,-227,-1394
38,-9,-43,-12027,-272,-5893,3350,-203,-980
27,-7,-45,-223,1187,2271,3471,-90,-377
15,18,-31,14174,-672,9990,4000,-149,497
-14,65,8,24855,-1770,16554,4894,-69,1259
-52,113,61,24855,1644,15715,5727,147,1148
-91,-117,-122,24855,339,12085,6368,92,1093
-124,-118,-73,23961,877,10565,6927,132,1013
120,-87,-33,21333,104,8223,7372,83,903
117,-53,-32,2849,1130,-627,7338,130,-38
-107,-69,-117,-16731,-3469,-9660,6826,-103,-997
-75,-95,85,-19406,-1053,-11406,6222,10,-1102
-67,-115,50,-24180,-3700,-12900,5525,-120,-1350
-29,102,12,-25170,-4211,-15832,4702,-171,-1300
8,46,-22,-25170,-782,-15658,3856,-101,-1388
25,2,-38,-19528,-1726,-9414,3367,-243,-1297
33,-16,-43,-7748,-233,-2510,3231,-181,-802
25,-9,-36,594,471,2073,3341,-138,-353
18,7,-25,7331,-711,5917,3655,-202,92
0,30,-6,16086,1220,10061,4188,39,794
-29,70,33,24855,704,15298,5014,94,1184
-64,118,84,24855,4539,18220,5980,301,1123
118,-102,-124,24855,5986,15310,6791,415,1086
125,-92,-85,24386,-180,11724,7413,81,1055
104,-63,-56,15016,4088,6523,7765,300,594
108,-53,-92,-3851,590,-3368,7586,122,-359
-109,-67,103,-16591,-2873,-10428,7034,-64,-971
-92,-91,59,-21990,-4473,-11576,6420,-141,-1227
-56,127,22,-25170,-5263,-15188,5600,-204,-1380
-29,80,0,-25170,-7173,-16907,4704,-310,-1334
22,31,-20,-25170,-4826,-14987,3909,-396,-1430
36,-4,-35,-17609,-1532,-8049,3483,-284,-1251
40,-14,-43,-7754,-181,-558,3453,-199,-791
29,-5,-39,1469,3376,4242,3677,0,-283
22,20,-23,10541,5815,9312,4171,129,332
-9,59,2,19965,5227,16171,5028,276,1005
-50,97,47,24855,-1509,20001,6108,-3,1173
-91,-116,96,24855,-1199,21208,7232,26,1117
116,-72,-102,24855,2042,18723,8225,199,1096
78,-37,-56,19919,881,9841,8746,143,836
100,-33,-80,2198,-782,-2126,8633,49,-48
-108,-60,107,-13381,-5871,-9489,8121,-226,-819
-71,-88,63,-19841,-7787,-11032,7536,-334,-1102
-50,-117,38,-24464,-6076,-12791,6871,-251,-1292
-25,97,12,-25170,-9157,-14212,6118,-432,-1319
14,46,-8,-25170,-4356,-14693,5310,-323,-1382
31,2,-33,-25170,608,-11597,4707,-168,-1576
39,-20,-46,-12466,1865,-3393,4527,-83,-1041
26,-10,-43,-1250,3200,3820,4729,15,-443
8,8,-32,8434,215,8219,5173,-72,157
-7,38,-7,18918,1061,12186,5819,73,927
-35,81,39,24855,103,15354,6633,64,1159
-61,124,83,24855,5760,16389,7502,357,1131
-110,-109,110,24855,6858,15986,8365,453,1128
126,-98,-121,22796,5841,11966,8999,400,986
110,-73,-99,18738,1531,9960,9527,177,781
112,-54,-101,2610,-2636,2932,9682,-41,-26
-103,-73,102,-13209,-3530,-7061,9301,-103,-812
-80,-92,68,-18111,-5699,-8833,8833,-217,-1026
-59,-110,50,-21350,-6362,-10555,8273,-264,-1172
-35,116,27,-25170,-5652,-13234,7572,-246,-1339
-7,75,4,-25170,-3800,-14524,6788,-198,-1306
13,32,-14,-25170,-4057,-13465,6074,-315,-1377
28,-2,-40,-22330,-2328,-8958,5599,-283,-1479
24,-17,-50,-7049,-1860,-1159,5538,-219,-759
11,-4,-32,7394,95,4320,5771,-100,19
-1,33,-2,15075,2631,8934,6245,119,772
-24,54,26,22937,5013,11470,6853,315,1059
-47,81,71,24855,6179,15177,7657,383,1105
-94,-122,125,24855,155,17936,8626,91,1116
-113,-77,-82,24855,854,15355,9439,115,1093
117,-33,-55,17620,540,8784,9905,101,732
-127,-39,-103,-4609,447,-3423,9727,99,-374
-84,-72,87,-16366,-1824,-10702,9149,-29,-955
-60,-107,51,-19492,-608,-12045,8511,27,-1078
-44,118,31,-23691,-3782,-12635,7841,-137,-1278
-13,77,7,-25170,-1471,-14922,7050,-60,-1300
13,43,-10,-25170,3174,-17041,6130,71,-1363
29,11,-33,-25170,2681,-15528,5307,-46,-1556
44,-11,-60,-14155,-1256,-9013,4829,-232,-1089
39,-7,-56,3410,-1433,1941,4932,-237,-186
14,30,-25,17225,-2738,10305,5488,-247,745
-17,68,25,24855,-4241,16183,6346,-186,1192
-61,114,94,24855,-1147,18480,7326,6,1111
-107,-109,-127,24855,2563,15720,8159,220,1095
-125,-85,-88,24855,2641,10312,8716,222,1111
-123,-64,-44,15362,16,5286,8996,68,600
112,-49,-74,-1230,1881,-1220,8931,181,-229
-109,-66,114,-14567,-2667,-7293,8545,-56,-873
-83,-89,63,-20889,-2267,-10871,7958,-42,-1185
-60,-121,31,-24211,-4065,-12730,7283,-137,-1313
-22,91,5,-25170,-2454,-16245,6422,-94,-1311
17,43,-12,-25170,-399,-17225,5509,-128,-1359
39,4,-30,-20624,816,-10599,4937,-191,-1383
39,-13,-49,-11759,65,-2274,4816,-172,-979
23,-8,-47,-106,-305,3569,5005,-144,-375
14,17,-29,10284,-2723,7863,5422,-254,300
5,54,1,19678,-489,12359,6089,-72,1024
-25,105,39,24855,1596,17269,7005,107,1194
-69,-115,76,24855,4278,18985,8011,285,1146
-105,-81,127,24855,4486,16915,8907,306,1117
115,-78,-83,21313,-246,13470,9635,80,925
104,-61,-59,13532,710,7019,10007,125,507
118,-51,-95,-2191,-740,-1368,9936,49,-267
-106,-58,102,-15378,-4015,-7708,9527,-127,-903
-76,-73,59,-19870,-2729,-10918,8937,-79,-1115
-56,-104,30,-22316,-4579,-12643,8267,-178,-1200
-26,110,12,-23802,-3307,-13886,7531,-139,-1244
-1,64,-7,-24479,-1992,-14790,6747,-120,-1245
18,25,-21,-22816,-695,-13125,6039,-177,-1348
19,-6,-37,-19647,-1599,-9113,5556,-215,-1368
28,-16,-45,-10411,-2014,-5428,5268,-248,-931
22,-7,-34,-1069,1423,-2186,5152,-84,-428
18,15,-17,8968,3853,5244,5435,19,258
-15,40,11,18470,3465,12232,6084,233,861
-47,77,48,24613,5178,16404,6953,347,1113
-64,113,103,24855,-820,19803,8003,24,1102
-111,-97,-97,24855,5113,21582,9168,345,1111
91,-36,-60,24855,3214,17067,10073,255,1093
101,-28,-80,7762,-97,6371,10410,83,237
-114,-42,116,-4782,-1821,-3396,10230,-17,-366
-74,-59,71,-15978,-4334,-8158,9790,-171,-912
-43,-90,33,-24960,-4681,-10674,9224,-205,-1317
-29,121,5,-25170,-2179,-14442,8459,-82,-1309
-8,73,-19,-25170,-3379,-18540,7476,-170,-1320
31,26,-39,-25170,476,-19555,6420,-133,-1526
33,-1,-42,-21963,-749,-12713,5746,-216,-1455
41,-19,-54,-11859,-1756,-3945,5537,-258,-1000
28,-5,-46,3333,2494,3528,5724,-24,-188
6,26,-26,18146,1872,12326,6377,33,765
-23,87,21,24855,4503,19390,7424,266,1235
-70,-121,71,24855,4137,17330,8343,283,1145
-79,-112,102,24855,4151,16448,9215,282,1123
-117,-84,-107,24855,3338,15730,10033,250,1075
117,-49,-75,19466,768,12628,10715,121,843
123,-34,-92,4930,1908,4845,10971,174,102
-113,-42,104,-11974,-784,-5721,10668,36,-725
-80,-58,62,-20952,-6510,-7900,10249,-271,-1148
-49,-84,36,-24428,-2114,-11504,9628,-71,-1319
-31,-126,7,-25170,720,-15903,8785,64,-1309
-5,76,-16,-25170,-1171,-17699,7847,-69,-1305
22,31,-29,-25170,-488,-17919,6898,-159,-1450
36,-7,-47,-20644,2711,-14266,6127,-34,-1431
38,-17,-53,-8586,-3076,-5051,5859,-320,-830
30,-8,-44,4582,-1750,2970,6017,-249,-135
12,19,-15,15883,-841,8838,6485,-178,650
-5,58,25,24104,1840,12659,7169,90,1178
-52,100,80,24855,3538,14994,7964,244,1115
-80,119,123,24855,7219,15765,8799,442,1087
-125,-120,-97,24855,1956,17088,9705,197,1066
110,-86,-71,24855,2508,15503,10542,225,1097
108,-41,-60,10469,3821,8344,10984,277,363
-123,-50,-127,-14968,-4003,-5364,10700,-121,-898
-66,-85,69,-22109,-2839,-10112,10164,-90,-1216
-55,-117,45,-22777,-1856,-10549,9594,-39,-1263
-40,105,27,-24560,-4147,-10448,9041,-155,-1322
-29,60,6,-22571,-3934,-10900,8463,-121,-1229
-2,25,-7,-21870,280,-13732,7735,9,-1156
18,-10,-28,-17962,-1002,-11941,7090,-204,-1330
38,-19,-43,-9965,900,-4305,6862,-134,-914
20,-12,-37,1227,4028,2251,6981,72,-335
6,12,-22,10029,1816,6583,7324,7,281
-1,46,10,21228,1110,9825,7864,39,1094
-18,88,62,24855,-2278,13406,8575,-102,1145
-25,124,101,24855,1159,17355,9477,68,1107
-93,-52,-86,24855,8192,21134,10597,468,1116
90,-15,-62,20887,4678,12099,11251,330,922
127,-29,-90,3592,4129,-2764,11104,283,37
-109,-51,105,-11208,484,-8620,10647,100,-690
-82,-73,64,-19132,-2807,-9879,10124,-75,-1066
-72,-104,31,-23755,-1702,-11203,9519,-14,-1314
-43,109,8,-25170,-3317,-15706,8686,-108,-1342
-11,67,-3,-25170,-3307,-17961,7734,-156,-1293
17,19,-18,-22998,-5742,-15124,6933,-446,-1353
36,-15,-29,-15195,-1518,-10272,6378,-296,-1193
34,-24,-38,-8289,-2250,-4721,6128,-289,-857
27,-9,-36,-1579,165,-1169,6066,-159,-463
15,15,-31,5775,3402,4464,6302,52,57
-10,43,-7,18749,5864,10423,6865,332,932
-54,91,59,24855,3381,16116,7719,252,1126
-74,119,120,24855,594,17475,8646,99,1091
-103,-108,-94,24855,1390,16212,9505,146,1081
124,-75,-50,24855,2728,13412,10229,219,1100
104,-52,-51,8820,2789,5545,10523,227,269
-121,-61,-114,-6281,326,-4071,10307,97,-468
-85,-82,86,-16589,-2515,-8646,9849,-58,-956
-66,-105,53,-21414,-2451,-10274,9294,-63,-1200
-49,116,29,-24659,-3968,-12032,8656,-138,-1333
-26,76,11,-25170,339,-14297,7899,68,-1337
-5,31,-4,-22017,1304,-14700,7120,81,-1145
13,-1,-13,-17163,-768,-12718,6433,-248,-1242
31,-19,-20,-11689,-1934,-6969,6063,-317,-1038
30,-18,-27,-6734,-797,-2550,5928,-234,-771
19,-3,-27,3904,-2104,2896,6082,-274,-158
8,19,-11,14535,-688,8026,6515,-142,633
-4,59,27,24855,280,12787,7193,4,1190
-43,105,94,24855,-578,16017,8042,13,1112
-85,-121,-120,24855,6329,17151,8934,385,1067
-128,-94,-72,24855,4925,14061,9693,340,1098
118,-73,-48,13769,4007,8580,10148,284,511
112,-66,-79,-913,1734,1200,10211,178,-221
-106,-78,125,-12498,-856,-5478,9921,34,-780
-85,-99,80,-18944,-981,-9358,9416,27,-1103
-57,127,45,-22626,-2642,-11400,8811,-67,-1244
-32,94,21,-24741,-2266,-12496,8149,-66,-1322
-6,48,-5,-23579,-125,-13851,7415,-2,-1213
16,7,-27,-19044,397,-11961,6769,-123,-1266
24,-16,-35,-10713,-1484,-5527,6476,-227,-965
15,-15,-31,-4171,-2213,-2445,6346,-231,-642
10,-4,-22,3646,-3888,1474,6425,-326,-188
5,16,-4,13024,407,5030,6696,-77,607
-12,59,31,20186,1252,8788,7162,81,933
-34,95,67,24855,2655,12777,7839,176,1136
-80,127,115,24855,-308,14519,8609,59,1098
-76,-99,-72,24855,1201,11546,9232,106,1107
-119,-73,-43,22707,3220,10308,9779,230,968
-128,-49,-42,5558,2859,2493,9911,213,107
-107,-65,-124,-11653,1827,-6822,9549,166,-733
-76,-80,85,-16548,394,-9872,9026,80,-947
-59,-98,54,-22664,-2178,-11799,8389,-60,-1256
-27,112,20,-25170,-1911,-14317,7630,-68,-1322
-3,60,-5,-25170,-908,-14703,6851,-57,-1280
13,17,-19,-20655,-1337,-11361,6248,-204,-1238
22,-8,-33,-14075,-751,-6558,5894,-197,-1109
15,-19,-39,-6265,-622,-2028,5787,-134,-751
14,-8,-29,1363,-3572,1407,5861,-307,-324
9,17,-12,10536,-2927,5194,6137,-267,390
-7,44,23,19371,2287,8139,6576,128,913
-26,73,56,21784,5289,11510,7186,307,973
-55,109,86,23167,6315,13571,7906,382,1031
-100,-123,-126,24855,-1482,15558,8715,13,1062
-114,-94,-78,24855,600,13425,9440,107,1104
-125,-80,-58,14750,-726,8395,9885,38,564
-108,-68,-83,907,-112,1569,9968,60,-117
-91,-71,117,-9608,-106,-4080,9752,60,-617
-64,-85,78,-17353,-2042,-8157,9311,-55,-996
-46,-110,48,-21008,26,-11158,8720,42,-1141
-29,112,25,-24322,-1511,-13421,8008,-43,-1288
-4,70,4,-25170,-1021,-15486,7188,-61,-1275
10,29,-13,-25170,1368,-15102,6372,-28,-1399
23,-5,-29,-18514,-431,-10000,5842,-201,-1310
22,-21,-32,-9839,824,-5558,5547,-105,-947
22,-19,-26,702,-1874,-2561,5412,-256,-415
22,5,-7,11429,-2613,3298,5590,-428,308
3,31,25,21921,2157,10542,6149,64,983
-52,82,74,24855,3308,14228,6903,243,1098
-77,100,97,24374,6798,14028,7646,436,1061
-117,116,125,24855,1647,14365,8422,198,1091
-120,-107,-79,23838,507,12725,9096,110,1018
-123,-81,-73,11717,-1343,8354,9539,10,415
-114,-73,-100,-3946,-3289,433,9562,-91,-360
-74,-93,104,-12132,482,-7342,9166,84,-755
-62,-106,71,-14892,1942,-10583,8605,156,-860
-44,-126,50,-19061,-3742,-11165,8013,-145,-1052
-9,95,25,-24635,-141,-14807,7228,-10,-1291
1,52,6,-25170,3419,-17237,6297,145,-1307
17,9,-23,-25112,-4699,-13010,5608,-403,-1537
28,-23,-38,-14811,-4495,-8176,5174,-383,-1193
26,-26,-32,-3385,-4793,-2658,5034,-400,-633
17,-5,-17,7436,-1202,3867,5242,-260,1
12,23,5,15522,3936,9526,5747,64,693
-25,63,26,21671,9516,14808,6532,541,1007
-66,101,56,24855,7578,19045,7542,479,1128
-112,-114,114,24855,1279,18835,8540,166,1097
119,-96,-90,24855,-1148,14609,9314,39,1076
115,-80,-81,20076,1265,8846,9783,157,839
120,-56,-86,3524,-161,428,9806,76,15
-110,-73,111,-14453,-4884,-6910,9433,-169,-885
-76,-99,65,-17109,-4664,-8520,8981,-166,-974
-61,-118,48,-18276,-4198,-9045,8502,-148,-1021
-35,107,27,-22411,-3580,-11368,7899,-135,-1205
-12,68,7,-24812,-2361,-13561,7167,-106,-1308
17,25,-8,-23637,2467,-15803,6329,-30,-1326
30,-6,-27,-18881,6622,-12481,5668,122,-1331
29,-17,-35,-9730,-1266,-4491,5430,-234,-913
28,-7,-32,515,-2123,1938,5534,-297,-345
8,16,-9,9699,-995,7961,5956,-173,368
-15,45,26,20138,2255,13255,6659,154,916
-55,80,77,24855,1451,17061,7563,154,1091
-104,108,119,24855,4607,17767,8522,345,1091
-128,-128,-89,24855,-849,15367,9337,56,1056
101,-89,-47,18429,2097,10626,9900,202,734
106,-73,-62,555,528,-46,9898,119,-158
-119,-85,-124,-10776,-4453,-6393,9552,-140,-716
-77,-97,87,-15144,-2347,-9900,9028,-52,-889
-56,-120,49,-20892,-4177,-12546,8363,-152,-1152
-21,95,18,-25170,-3863,-14575,7590,-170,-1321
2,49,-3,-25170,-2022,-14993,6781,-143,-1299
23,11,-26,-25170,1566,-12475,6119,-101,-1544
25,-15,-44,-16555,480,-7426,5733,-113,-1226
28,-18,-51,-5586,-1657,-2176,5618,-221,-686
21,-4,-38,7845,-2602,4131,5841,-274,48
4,24,-10,19661,-576,11309,6440,-93,925
-22,68,35,24855,42,17012,7342,42,1165
-66,124,89,24855,4540,17702,8280,299,1123
-112,-121,-118,24855,1468,15037,9092,171,1103
-107,-97,-74,24855,566,12838,9773,99,1079
111,-68,-56,16617,1994,8019,10198,187,660
110,-46,-70,2675,-1491,-1646,10110,8,-31
-107,-50,120,-15479,-6269,-9459,9600,-253,-927
-59,-88,61,-24531,-7107,-12053,8961,-313,-1330
-32,122,23,-25170,-2804,-13892,8224,-110,-1326
-4,75,1,-25170,-1128,-14863,7437,-69,-1268
12,28,-14,-24831,-806,-11906,6794,-153,-1398
14,-2,-29,-19905,-1205,-7648,6388,-192,-1366
19,-15,-39,-12163,-1799,-4265,6162,-214,-1031
17,-13,-40,-2153,1225,-190,6152,-51,-511
8,6,-29,8829,4078,5986,6470,119,161
-9,41,-1,18410,8386,12178,7127,463,926
-42,76,39,24855,6139,18123,8088,392,1142
-93,111,94,24855,5737,19917,9143,397,1090
-124,-117,-115,24855,1874,18621,10130,198,1076
84,-68,-69,24031,73,14306,10903,109,1058
101,-48,-71,11545,-6178,8929,11376,-223,416
127,-45,-115,-4990,-2479,-1325,11306,-43,-396
-88,-67,76,-19875,-4407,-9619,10796,-155,-1111
-59,-109,33,-23495,-2973,-10806,10212,-92,-1291
-45,109,16,-25170,-2779,-11258,9616,-77,-1349
-16,72,3,-25170,-3818,-13500,8900,-168,-1306
17,26,-20,-25170,568,-15136,8113,-104,-1410
23,-12,-39,-20339,798,-10079,7569,-102,-1447
32,-21,-43,-9918,433,-4784,7315,-136,-925
25,-11,-40,136,201,1509,7395,-138,-380
13,12,-27,11726,199,8786,7861,-109,353
-8,50,9,24855,2142,15144,8679,122,1259
-55,101,71,24855,1283,18337,9651,136,1123
-74,-122,108,24855,3948,18365,10624,269,1112
-127,-81,-88,24855,-520,17030,11527,58,1089
114,-47,-62,19620,1173,10661,12102,141,847
116,-33,-89,3194,-191,989,12155,71,11
-101,-57,101,-13672,-1692,-9398,11657,-13,-812
-71,-100,52,-21553,-3141,-12049,11018,-91,-1188
-49,117,36,-23029,-6268,-11424,10401,-263,-1278
-33,82,30,-23674,-834,-13332,9694,16,-1294
-6,49,14,-25170,-85,-14993,8900,0,-1326
20,19,-9,-25170,700,-14825,8114,-164,-1453
32,-12,-40,-20346,421,-10158,7565,-153,-1440
37,-19,-50,-5478,-2595,-2114,7453,-298,-681
26,0,-34,9167,-403,6564,7801,-195,128
6,29,-6,18958,2346,12516,8465,48,921
-18,76,38,24855,2492,17296,9399,153,1198
-63,121,84,24855,4639,19768,10446,303,1126
-124,-119,109,24681,8965,17346,11366,571,1080
105,-109,-118,21333,5272,14347,12126,390,894
78,-74,-92,18575,-4001,12683,12811,-88,776
98,-42,-101,8180,-2481,2394,12936,-25,250
-110,-53,100,-9869,-4146,-8874,12465,-132,-621
-69,-83,52,-19782,-4745,-11834,11838,-183,-1086
-45,-120,25,-25170,-5050,-13044,11134,-214,-1362
-31,94,6,-25170,-6852,-14679,10356,-300,-1329
0,45,-14,-25170,-5074,-14521,9586,-279,-1323
20,10,-31,-23974,-143,-14811,8801,-160,-1491
33,-17,-45,-14738,-2959,-8438,8345,-315,-1168
33,-14,-39,-3356,-1001,-850,8300,-231,-567
17,1,-28,5488,-502,4622,8545,-173,-42
-2,35,-10,14498,1137,10056,9078,49,695
-20,66,32,24855,-20,15111,9894,34,1195
-53,118,102,24855,2207,18499,10875,163,1113
-120,-107,-93,24855,3600,18651,11863,272,1076
111,-79,-45,24855,482,10619,12426,110,1069
-127,-62,-42,12555,194,5106,12702,79,468
-112,-59,-101,-2731,1675,-2927,12547,156,-289
-94,-71,96,-15447,50,-10065,12013,74,-903
-52,-106,46,-23128,-424,-13825,11281,26,-1250
-41,104,16,-24811,-879,-15106,10465,15,-1353
-12,61,-1,-25170,-3430,-15318,9653,-153,-1301
7,23,-12,-24253,-2964,-14262,8897,-242,-1338
20,-8,-29,-18162,-1685,-9723,8382,-244,-1314
24,-20,-38,-7947,209,-5861,8065,-132,-842
25,-8,-26,3725,271,1226,8130,-181,-195
10,12,-10,12126,1547,7906,8549,-79,440
-8,46,18,20844,1354,13750,9278,82,991
-38,81,61,24855,3423,17870,10243,235,1148
-90,118,115,24433,2753,18465,11222,229,1064
-125,-120,-89,19864,685,15416,12039,129,809
86,-89,-46,18585,-1318,9330,12524,38,721
118,-71,-50,2301,320,-277,12509,97,-67
-106,-91,124,-10234,-1558,-6211,12180,4,-673
-71,-118,71,-12032,-250,-8579,11725,60,-730
-56,117,48,-16589,-1799,-10885,11148,-21,-946
-34,84,23,-21369,-2153,-12874,10453,-50,-1187
-14,43,6,-22133,-1905,-14138,9704,-50,-1178
7,6,-11,-17831,-1118,-13114,9008,-207,-1134
17,-10,-17,-13741,-1742,-8085,8580,-280,-1122
19,-18,-24,-6985,-2127,-2480,8446,-263,-819
14,-10,-23,2945,-995,2780,8593,-197,-266
8,14,-6,14898,1268,9474,9095,-76,635
-17,56,27,24855,-758,16105,9949,-2,1171
-39,103,71,24855,-834,17725,10906,0,1161
-78,-100,121,24855,4001,17483,11833,264,1119
123,-50,-89,24855,600,13863,12568,111,1106
-123,-30,-79,14280,1920,3578,12757,165,577
-105,-34,-112,-4146,-399,-5504,12460,40,-343
-69,-73,77,-16716,-1232,-10579,11899,-10,-942
-56,-107,43,-22755,-1128,-11871,11270,-2,-1233
-41,105,16,-25170,-450,-14519,10501,37,-1347
-19,60,-3,-25170,-479,-16025,9651,21,-1327
-9,21,-13,-23536,71,-14832,8850,60,-1342
6,-5,-20,-17241,-2682,-11457,8243,-228,-1270
17,-13,-29,-11260,-2076,-7500,7846,-244,-990
21,-14,-32,-1065,-1615,-1141,7785,-230,-470
15,3,-20,11923,-575,6393,8130,-201,311
-12,37,18,23580,-471,12450,8790,18,1103
-41,75,54,24855,-3228,14679,9568,-92,1120
-67,119,87,24855,-4247,13357,10276,-143,1119
-81,-86,-87,24855,-4260,10629,10850,-171,1123
-85,-61,-52,22411,1688,9217,11329,126,950
-98,-35,-52,7837,2407,4694,11578,169,241
-75,-58,-117,-12186,18,-4571,11336,44,-748
-56,-87,84,-19411,-2150,-6486,10986,-69,-1104
-45,-118,52,-24055,-1431,-8054,10559,-29,-1304
-33,97,24,-25170,-4745,-9038,10080,-193,-1346
-12,51,1,-25170,1777,-10890,9503,120,-1310
-5,16,-5,-21070,1933,-11004,8908,142,-1164
10,1,-15,-17994,2130,-8674,8449,-56,-1227
15,-9,-34,-14205,1232,-5080,8179,-54,-1111
13,-10,-42,-1365,9,-203,8168,-90,-458
10,12,-24,14091,-1252,6896,8541,-172,497
-5,50,16,24855,1374,12690,9213,68,1214
-22,112,74,24855,685,16141,10069,47,1151
-73,-119,118,24855,9852,17229,10982,564,1109
-121,-72,-79,24855,3604,16738,11886,262,1116
117,-35,-41,20313,1113,10725,12454,128,862
123,-18,-60,-253,1990,-1309,12385,169,-166
-87,-48,106,-18334,-1026,-10733,11816,4,-1040
-50,-91,49,-20886,2848,-13803,11071,187,-1149
-51,127,21,-23009,1710,-13047,10379,148,-1239
-34,75,-6,-25170,-5435,-14419,9615,-202,-1355
1,29,-15,-23039,-1651,-16623,8734,-122,-1257
17,0,-18,-18187,689,-14690,7941,-164,-1282
36,-21,-29,-10962,-960,-8520,7489,-254,-991
33,-25,-32,-1044,-687,-1225,7424,-217,-499
22,-1,-20,9157,822,5673,7725,-176,121
9,32,0,14107,4618,9812,8255,148,691
-20,65,27,19510,9046,15080,9054,499,908
-68,107,71,24365,6271,19930,10110,406,1095
-128,-112,119,24855,-977,20967,11222,62,1088
104,-97,-98,23946,-3108,15789,12058,-47,1028
104,-74,-67,13437,-3070,6954,12427,-61,497
127,-79,-100,-1192,-3895,-831,12383,-108,-230
-102,-88,117,-8694,-6728,-4700,12134,-261,-587
-74,-96,81,-16060,-4686,-8587,11670,-177,-944
-48,123,34,-23105,-3363,-12679,10998,-113,-1252
-17,75,11,-23222,-1537,-14350,10237,-52,-1217
3,42,1,-21675,963,-13240,9536,3,-1099
17,10,-15,-18481,1862,-9458,9025,-105,-1194
24,-8,-28,-9783,4384,-3643,8832,39,-882
11,-6,-27,-1155,4427,2056,8941,110,-444
-3,11,-9,6683,-1948,6544,9288,-78,197
-14,34,10,11881,832,8706,9758,104,531
-36,58,36,18166,9833,12846,10439,586,783
-109,87,89,24337,6461,17107,11345,467,1031
95,-126,-96,22398,710,17002,12246,162,925
63,-98,-71,13943,336,9246,12746,146,511
94,-84,-93,3120,-5591,2057,12855,-172,-27
122,-85,123,-11238,-3821,-5387,12569,-89,-732
-89,-111,67,-19482,-7876,-9728,12054,-309,-1115
-50,108,37,-20677,-2418,-13009,11351,-55,-1166
-22,70,18,-20797,-2282,-14535,10581,-72,-1121
9,27,4,-19413,-267,-14078,9835,-115,-1045
27,-5,-8,-14332,5215,-9672,9322,-42,-1105
18,-20,-20,-9982,6394,-3865,9113,174,-999
10,-20,-24,-4957,-1206,-125,9107,-160,-736
16,-2,-25,1417,-4618,4632,9352,-392,-280
-3,16,-9,11541,-3467,11183,9945,-163,489
-29,59,23,23797,11240,18269,10931,656,1131
-109,102,54,24855,13279,21717,12082,823,1090
106,-122,95,24691,2233,18938,13067,255,1046
77,-86,-114,22413,-1594,16583,13946,49,952
85,-56,-83,10663,-6366,9532,14461,-223,376
113,-65,-125,-7879,-4884,-1453,14384,-146,-556
-100,-94,76,-18957,-7438,-8301,13944,-286,-1090
-70,127,44,-21077,-3499,-11162,13352,-92,-1179
-46,92,28,-20810,-2475,-14480,12570,-50,-1175
-18,56,17,-20310,1322,-15754,11735,111,-1103
1,24,0,-20263,1365,-13512,11019,26,-1023
8,-7,-21,-17618,2552,-9513,10515,22,-1300
15,-14,-32,-9499,-1642,-4767,10258,-203,-912
10,-7,-34,-646,-2354,496,10284,-212,-412
8,17,-19,10865,-2676,6472,10627,-229,378
-16,45,15,22751,-402,13384,11336,27,1079
-50,84,58,24855,7273,17918,12304,457,1144
-122,-125,110,24855,8559,18699,13295,551,1085
88,-97,-89,23558,-1437,15116,14096,45,1000
68,-69,-63,11568,-654,6004,14414,81,393
97,-79,-99,-3679,-7640,-2603,14276,-278,-367
-113,-100,106,-13453,-6623,-7898,13850,-245,-850
-74,127,62,-19081,-8661,-9445,13349,-355,-1094
-46,96,38,-20390,-3475,-9794,12830,-105,-1138
-29,67,16,-21944,-3844,-8589,12375,-128,-1198
-7,34,-12,-21022,-78,-8779,11901,14,-1152
-4,11,-25,-14964,1339,-6467,11558,79,-996
6,-6,-28,-9341,-121,-4586,11315,-83,-857
14,-3,-20,-1039,-2549,-264,11301,-294,-420
8,4,-12,5227,4075,3749,11504,61,5
-21,18,13,16600,2455,8702,11956,269,640
-42,57,69,24412,3147,13440,12668,236,1049
-77,89,107,21318,6120,15175,13473,401,887
114,115,-104,20026,2813,13342,14193,267,820
79,-117,-57,14220,867,7201,14575,163,499
97,-109,-67,2760,-2800,-55,14572,-33,-70
126,-112,-111,-8560,-4270,-6498,14227,-113,-623
-81,123,96,-14693,-4563,-9485,13715,-151,-918
-56,100,64,-16623,-2995,-9618,13205,-75,-981
-42,64,38,-17411,-2064,-8880,12735,-11,-1027
-24,33,19,-15708,-2258,-7347,12345,-10,-945
-17,16,9,-12699,-1782,-6055,12018,49,-833
1,0,-3,-12124,158,-5971,11702,-80,-976
8,-13,-19,-10478,-1728,-4950,11440,-190,-994
22,-13,-26,-2399,-1377,-1000,11387,-242,-542
12,7,-13,6973,502,5107,11662,-159,114
-9,28,13,14778,3045,8822,12130,195,660
-43,56,63,23814,5548,14005,12872,365,1024
-103,98,-118,24855,1597,17007,13774,181,1049
110,127,-77,23378,7262,13243,14489,485,993
79,-106,-52,12358,-3052,7883,14907,-40,410
122,-107,-85,355,461,-715,14869,120,-178
-124,-114,122,-10428,-3350,-6135,14544,-61,-707
-77,119,82,-14599,-3720,-8368,14100,-102,-889
-63,97,57,-16358,375,-9996,13570,110,-970
-35,68,28,-21401,-2817,-11331,12970,-66,-1196
-8,27,0,-22365,2015,-12994,12281,144,-1179
4,-3,-20,-19115,-42,-9861,11748,-82,-1358
19,-24,-33,-11807,-1337,-5859,11438,-195,-1063
27,-17,-36,-2025,-54,-981,11386,-165,-518
16,5,-27,5900,-2148,5596,11682,-255,6
0,38,-8,16200,399,10899,12271,0,813
-26,82,39,24855,-1430,15911,13114,-34,1170
-73,-127,90,24855,3597,20472,14199,257,1122
-118,-70,-81,24855,452,17244,15113,97,1096
107,-60,-62,18191,-2013,10070,15657,-15,764
-120,-48,-81,11600,-1439,4329,15887,-2,433
-111,-55,-122,-11589,-2508,-5720,15583,-54,-726
-62,-98,64,-23252,-4408,-11123,14994,-169,-1274
-50,120,42,-21292,71,-11567,14369,65,-1192
-40,87,32,-19393,-3607,-10179,13830,-115,-1083
-23,55,20,-20269,-3741,-9754,13313,-130,-1122
0,23,-1,-21608,977,-12252,12663,28,-1086
14,0,-18,-19500,2348,-10293,12108,-51,-1342
25,-10,-36,-14619,765,-6294,11774,-119,-1132
20,-9,-41,-1581,116,2289,11895,-122,-462
10,19,-29,13686,-368,10480,12451,-112,488
-8,64,9,24855,-558,16396,13336,-23,1268
-39,117,76,24855,-1015,19806,14386,-14,1145
-84,-98,-124,24855,4417,18643,15374,288,1111
119,-64,-83,24855,1897,14527,16144,182,1094
121,-48,-63,14446,300,6533,16497,92,580
-125,-46,-93,-2810,-11,-2591,16359,74,-294
-93,-75,96,-16857,-2649,-9548,15853,-62,-977
-61,-113,55,-18351,-1880,-12473,15192,-34,-1027
-51,121,42,-20356,-1706,-13030,14489,-26,-1144
-25,87,17,-24608,-3512,-12997,13800,-140,-1303
-7,46,-4,-25170,804,-14177,13048,50,-1295
13,13,-20,-23658,2454,-13923,12310,-17,-1420
31,-5,-38,-19756,1278,-11930,11666,-114,-1383
37,-16,-50,-6629,246,-4477,11429,-152,-730
34,7,-40,8509,-763,5969,11739,-224,125
6,35,-13,22093,-2,15178,12544,-61,1061
-27,88,49,24855,2065,20709,13662,141,1183
-86,-121,116,24855,4841,22618,14861,323,1103
96,-92,-100,24855,3720,19041,15870,304,1075
90,-71,-54,19640,-3911,11922,16502,-99,806
112,-69,-62,1010,-3078,376,16522,-72,-130
-109,-87,-117,-12308,-4059,-6432,16181,-126,-785
-72,-109,96,-17650,-5942,-7940,15760,-238,-1028
-50,125,67,-20716,-840,-9431,15260,9,-1163
-41,92,34,-23309,1544,-11325,14649,145,-1302
-17,53,9,-23418,2846,-12390,13992,188,-1244
-5,18,-12,-20779,4146,-11419,13387,237,-1176
11,-5,-29,-16336,2652,-9512,12883,24,-1205
17,-19,-38,-7021,-1774,-4232,12654,-207,-796
23,-6,-32,4067,-933,2434,12783,-212,-165
11,23,-12,13782,1885,9169,13269,-24,584
-16,58,25,21275,3785,12709,13943,223,1001
-57,78,72,20327,8423,16032,14793,516,862
-115,103,-120,20381,5990,18136,15772,421,842
63,105,-76,17214,-355,14474,16539,127,629
67,-127,-65,18357,-5699,9616,17049,-157,702
101,-90,-80,7858,-5470,2899,17202,-172,206
-115,-92,123,-11179,-6357,-5962,16880,-237,-736
-70,-118,65,-20603,-4157,-10465,16326,-138,-1160
-50,100,38,-20261,-2011,-11846,15698,-26,-1133
-25,68,21,-20683,-2030,-12671,15026,-49,-1130
-4,30,5,-21376,-1110,-12565,14348,-53,-1131
16,2,-12,-19808,207,-10167,13809,-221,-1309
17,-12,-29,-15016,-1970,-5406,13522,-239,-1180
23,-12,-38,-2586,279,967,13574,-133,-529
5,5,-27,9626,2383,7588,13983,53,205
-2,38,4,17176,1216,11314,14583,53,869
-38,78,56,24468,2125,16899,15479,170,1106
-98,111,107,23297,6558,17334,16380,431,979
116,114,-104,21550,4211,15274,17205,339,898
88,-120,-71,21756,-1973,12703,17878,19,887
84,-74,-65,11888,-1173,5277,18158,47,411
112,-80,-123,-8047,-2282,-5993,17840,-8,-576
-82,-109,69,-17388,-2598,-11952,17195,-52,-1020
-61,115,39,-19572,-909,-13950,16455,35,-1098
-30,79,22,-20776,-2999,-14558,15684,-97,-1133
-4,42,8,-20586,565,-13486,14969,27,-1070
7,14,-9,-18296,1331,-11511,14347,-47,-1081
17,-7,-26,-12368,353,-7466,13952,-141,-1013
22,-6,-29,-4557,759,-2227,13834,-131,-605
12,5,-24,4609,-2369,5430,14121,-249,-52
-14,30,-2,15821,-1690,11542,14745,-14,746
-57,67,45,24167,-3937,13696,15471,-84,1065
-92,94,114,24855,-572,15038,16268,73,1062
106,121,-79,24201,2440,11896,16898,238,1007
110,-122,-42,15034,-2763,6296,17238,-47,554
120,-100,-67,8028,-1600,2180,17354,9,210
-113,-99,-114,-7459,-4256,-4879,17095,-129,-550
-85,-121,89,-15579,-1982,-9083,16614,-15,-936
-66,114,55,-20318,-3597,-10664,16038,-100,-1175
-38,81,30,-22563,-1603,-12546,15373,-11,-1246
-18,45,9,-22708,1160,-12979,14685,119,-1226
0,11,-14,-19758,-1553,-11908,14054,-96,-1180
19,-9,-29,-15343,-1295,-9784,13525,-222,-1190
31,-18,-38,-6909,-1910,-3086,13362,-266,-768
25,-6,-37,4494,-1241,3908,13565,-220,-144
11,22,-15,15667,-1344,11093,14153,-188,659
-8,61,19,24855,130,17752,15112,9,1239
-59,125,64,24855,1556,24949,16434,145,1150
-100,-63,122,24855,3010,22229,17612,222,1133
118,-23,-77,23575,2436,12412,18270,199,1048
-121,-35,-77,3143,100,-9,18269,71,11
-96,-63,-125,-9142,-627,-6463,17927,32,-599
-77,-91,90,-15471,-1735,-9509,17423,-24,-903
-65,-112,66,-19595,-4113,-9933,16896,-145,-1102
-45,117,39,-25162,-3113,-12035,16246,-106,-1386
-29,73,7,-25170,-590,-14374,15485,32,-1345
0,28,-15,-25170,-761,-14129,14736,-62,-1364
16,-4,-28,-19236,1820,-10158,14197,-54,-1344
19,-17,-39,-11720,680,-5161,13919,-86,-1028
21,-13,-42,148,-595,779,13960,-159,-390
12,17,-26,12366,564,8406,14405,-79,421
-8,59,6,21991,2261,13967,15146,121,1105
-57,98,57,24855,2231,15993,16009,197,1156
-82,126,110,24855,6761,17168,16919,423,1100
108,-104,-97,24855,2357,17311,17837,231,1070
81,-74,-58,20418,315,9822,18357,122,843
112,-64,-79,6355,-1248,575,18388,25,156
-110,-76,121,-10640,-3875,-7243,18005,-114,-684
-73,-102,71,-18731,-5568,-9444,17504,-215,-1060
-55,124,41,-21075,-2577,-11393,16900,-64,-1163
-41,90,25,-21157,-2678,-11606,16273,-68,-1183
-21,55,11,-21499,-1696,-12245,15624,-29,-1160
-10,21,-1,-21999,-660,-12889,14941,47,-1201
13,-2,-27,-20546,-2545,-11230,14346,-260,-1396
26,-18,-44,-10379,-3964,-5137,14069,-347,-950
24,-8,-40,5364,-2119,3532,14256,-257,-102
13,31,-14,16226,1206,11071,14843,-51,722
-17,57,15,24855,3588,15239,15650,224,1202
-39,102,65,24855,4403,18267,16637,274,1167
-90,-106,125,24855,-324,20510,17724,56,1107
114,-52,-71,24855,3820,16488,18581,274,1071
90,-25,-63,13585,1336,7073,18956,158,526
120,-35,-109,-7695,-1478,-5893,18638,6,-541
-86,-73,82,-18908,-6140,-10592,18076,-244,-1068
-55,-106,49,-20708,-3621,-11446,17470,-132,-1132
-39,117,30,-22995,-3444,-13247,16768,-128,-1236
-1,71,6,-25170,-2905,-15199,15947,-171,-1298
20,20,-22,-24353,-459,-14457,15181,-186,-1436
32,-14,-42,-14968,-1460,-8106,14751,-243,-1154
26,-15,-40,-6390,-380,-2098,14640,-167,-730
14,-6,-36,-190,-3682,2084,14750,-299,-380
9,16,-30,11349,563,5849,15066,-55,365
-3,55,9,24336,4768,11747,15689,230,1222
-43,111,78,24855,3242,16397,16558,209,1135
-93,-116,122,24855,8063,17236,17471,491,1100
113,-77,-85,24421,5020,14889,18275,354,1087
96,-61,-65,14354,-468,9072,18756,72,548
115,-53,-94,2768,-1607,670,18792,6,-19
-99,-68,108,-12835,-3077,-9201,18304,-83,-779
-62,-100,60,-19625,-4753,-11143,17702,-190,-1107
-41,119,34,-23215,-2441,-12985,17014,-75,-1252
-18,80,14,-24791,248,-15542,16190,39,-1300
3,37,-6,-23756,2996,-16448,15318,104,-1229
20,-1,-26,-17583,1520,-12938,14620,-95,-1255
27,-13,-34,-10750,-4800,-4956,14357,-417,-951
23,-11,-32,-2575,-5942,1630,14443,-462,-530
4,8,-22,8626,-2537,6835,14806,-200,184
-10,39,3,20394,1391,11040,15402,104,1021
-43,80,42,24855,6491,14212,16155,406,1141
-79,120,80,24855,3052,15640,16984,245,1118
-124,-92,-112,24855,2848,14787,17768,238,1093
106,-70,-68,20937,768,10678,18334,132,882
119,-52,-67,7165,-661,3977,18545,45,195
-109,-61,-128,-8409,-2976,-3049,18383,-76,-564
-72,-76,84,-15747,-3695,-6660,18030,-133,-901
-59,-103,47,-23350,-3443,-10179,17480,-122,-1290
-35,114,21,-25170,-5057,-11545,16869,-215,-1334
-17,70,0,-25170,-2168,-13275,16165,-78,-1311
13,19,-19,-23966,-1763,-13662,15441,-219,-1396
27,-11,-30,-17745,1131,-8899,14960,-129,-1314
30,-22,-43,-9144,352,-2865,14808,-134,-890
21,-5,-39,-766,1207,1628,14895,-76,-402
14,18,-32,8527,1781,7349,15284,-19,207
-6,47,-5,19623,4331,11783,15921,231,1000
-35,95,32,24855,9678,18434,16898,544,1183
-109,-99,105,24855,8284,20399,17979,516,1114
80,-64,-92,24855,6007,18394,18954,419,1085
57,-55,-66,14180,-147,9333,19458,110,545
93,-54,-97,2121,-2,-131,19451,104,-59
-121,-68,100,-11589,-2137,-8172,19018,-15,-723
-83,-98,50,-17407,-800,-11355,18416,41,-986
-73,126,23,-19044,-4660,-11784,17779,-148,-1086
-26,86,4,-22178,-4810,-14882,16991,-200,-1172
-14,49,-1,-23108,-4250,-16195,16132,-175,-1216
26,17,-17,-23792,-4511,-15468,15312,-443,-1429
46,-8,-35,-19778,71,-9691,14789,-227,-1391
49,-11,-50,-9275,9057,-3263,14616,259,-843
25,3,-44,3017,3600,6111,14940,37,-162
11,39,-21,15859,-182,13896,15677,-91,707
-27,81,31,24855,-700,21147,16818,8,1205
-100,-127,102,24855,192,24949,18141,110,1098
87,-83,-110,24855,6080,21483,19279,431,1081
36,-70,-61,16482,-2466,10717,19837,8,618
89,-74,-78,4758,-3620,1554,19921,-79,59
125,-79,121,-7282,-2657,-5517,19628,-35,-525
-87,-102,72,-15728,-6605,-8842,19160,-252,-920
-53,125,42,-20469,-2572,-11901,18529,-67,-1130
-32,92,18,-23802,-2002,-15222,17707,-52,-1296
2,46,1,-23537,4138,-17684,16770,172,-1185
15,5,-15,-21002,4515,-14806,15985,32,-1343
25,-18,-32,-14040,-3524,-7338,15596,-340,-1145
23,-15,-36,-3928,-2908,-439,15572,-299,-615
10,1,-25,6581,-2840,5673,15873,-262,9
6,48,-5,13552,829,11432,16479,-11,679
-40,58,15,19423,2494,15258,17287,236,867
-77,99,80,24855,6404,19051,18316,432,1120
103,-128,-116,24829,-673,18941,19320,95,1055
85,-102,-78,23109,-3610,13738,20048,-65,969
95,-78,-62,11155,-5008,6394,20387,-154,374
-123,-85,-106,-5079,-2539,-3753,20184,-43,-431
-92,-102,98,-14706,-3825,-8654,19726,-112,-886
-69,124,64,-18869,-5221,-9578,19218,-185,-1083
-48,104,49,-19682,-2805,-10930,18639,-76,-1110
-26,75,20,-24524,-1323,-13322,17919,-18,-1340
13,38,-10,-25170,2512,-14829,17133,24,-1351
26,4,-38,-22096,6300,-11190,16540,157,-1435
29,-12,-52,-10956,-3609,-3629,16348,-324,-937
29,-4,-44,5719,691,4363,16583,-122,-57
0,27,-11,17538,1314,11957,17217,39,826
-29,70,34,22887,1968,15726,18051,156,1059
-69,97,70,23905,2158,18690,19041,203,1061
-126,121,117,24285,-140,17422,19965,115,1042
121,-113,-86,24855,-2183,14383,20727,-11,1064
92,-83,-54,15652,-1903,9092,21209,4,597
120,-78,-92,99,-3523,811,21252,-87,-169
-102,-90,106,-10597,-2797,-5919,20932,-60,-690
-71,-110,70,-16618,-3469,-9744,20416,-106,-957
-52,121,53,-19905,-3548,-11609,19801,-119,-1112
-20,87,29,-22888,-3588,-12808,19122,-157,-1228
-5,50,9,-22866,-4599,-12943,18436,-233,-1187
26,15,-18,-22921,-2725,-11508,17814,-357,-1417
30,-13,-54,-15261,-2331,-6053,17493,-257,-1160
24,-10,-56,651,-872,2329,17617,-163,-340
7,23,-29,10777,2329,7839,18032,45,362
-11,58,0,15310,4765,12073,18684,265,775
-41,89,36,24855,6593,16604,19564,403,1163
-95,-119,97,24855,6937,19354,20590,445,1112
-124,-94,-111,24855,3532,17063,21494,273,1092
107,-74,-82,22471,1405,13140,22204,170,985
98,-42,-85,9566,-550,5525,22497,66,322
-121,-54,117,-12223,-3063,-6814,22136,-71,-755
-79,-88,62,-18396,-3511,-11428,21530,-108,-1033
-62,-120,53,-16319,-5107,-10316,20973,-198,-943
-45,124,52,-18827,-4920,-10033,20441,-201,-1048
-28,92,17,-25170,-2736,-13051,19750,-96,-1334
-9,51,-15,-25170,-1629,-14632,18974,-68,-1331
15,14,-42,-24819,684,-13621,18238,-67,-1551
24,-13,-57,-11235,2839,-7964,17816,30,-953
30,-7,-52,3723,-133,-961,17765,-153,-172
32,19,-30,12458,1078,5074,18034,-137,394
17,55,-2,18939,6364,11180,18638,233,935
-35,94,44,24855,5247,18121,19599,317,1166
-89,-122,117,24855,-457,21847,20735,58,1075
125,-71,-68,24855,-984,21126,21854,30,1086
71,-12,-16,21806,-172,14143,22618,79,951
117,-35,-79,-3022,477,-3538,22430,103,-309
-96,-67,101,-16783,-1961,-10209,21889,-28,-973
-72,-96,58,-18208,-1704,-9732,21374,-19,-1021
-63,-120,41,-19833,-1087,-11640,20745,14,-1118
-30,99,15,-25004,-3770,-13558,20026,-149,-1322
0,51,-16,-25170,-1222,-14468,19260,-90,-1325
20,4,-29,-21379,-658,-11900,18629,-194,-1392
33,-14,-38,-14054,739,-6802,18261,-143,-1125
25,-24,-45,-4844,-911,-674,18226,-176,-681
25,0,-38,6450,-1189,4326,18455,-220,-2
5,34,-18,14955,-586,8826,18923,-88,669
-14,70,19,24855,-3666,12893,19619,-170,1238
-32,-123,89,24855,1845,16835,20511,113,1148
-99,-89,-117,24855,4268,17008,21413,290,1107
-127,-83,-79,22123,4388,12627,22082,306,945
112,-54,-50,19146,-1863,10309,22639,-15,813
-122,-30,-56,1542,414,1301,22708,84,-79
-100,-40,115,-18061,-466,-9134,22224,39,-1033
-54,-81,47,-24685,-1189,-12782,21546,-19,-1319
-37,-126,13,-25170,3262,-16008,20682,207,-1345
-15,78,-2,-24282,-3466,-15913,19838,-157,-1253
11,30,-14,-21648,812,-14713,19059,-55,-1199
23,0,-26,-17228,-2092,-9664,18546,-299,-1214
30,-18,-43,-8424,1020,-3464,18359,-104,-846
21,-8,-41,1803,1098,1961,18463,-74,-281
14,22,-28,10170,-314,7348,18845,-127,315
-6,54,-5,17516,717,10909,19424,38,880
-23,98,39,24855,2306,13551,20155,144,1215
-60,-116,92,24855,-335,17200,21067,36,1137
-106,-80,-122,24855,9637,17119,21974,567,1114
82,-48,-69,23827,1046,13355,22682,155,1035
91,-27,-66,8105,2610,3302,22861,225,255
117,-38,122,-9573,-494,-8690,22400,66,-622
-90,-62,64,-17192,-4792,-12181,21754,-173,-967
-58,-95,33,-20000,-5303,-12732,21080,-216,-1081
-32,122,12,-23934,-3840,-13016,20377,-166,-1277
-19,77,-3,-25170,-4128,-12697,19704,-178,-1312
9,27,-26,-24399,739,-15177,18899,-45,-1400
26,-7,-33,-16773,-908,-11889,18269,-219,-1229
37,-18,-42,-9329,-3111,-4471,18028,-343,-888
28,-14,-43,106,-2488,713,18065,-281,-392
25,11,-26,9944,1346,5986,18383,-120,241
-5,50,6,19642,4147,11393,18987,208,987
-51,99,57,24855,991,16483,19877,122,1163
-75,-126,106,24855,3788,16583,20756,264,1110
115,-101,-102,23020,4768,14132,21505,348,983
106,-91,-88,17727,2320,9920,22030,222,713
124,-81,-103,9420,-162,5474,22326,84,318
-104,-88,116,-4912,346,-942,22276,100,-395
-84,-108,69,-13507,1007,-5858,21966,134,-805
-63,-125,50,-15675,-5015,-5560,21671,-182,-898
-49,110,44,-16802,-2846,-8164,21230,-82,-968
-43,79,32,-17614,-1833,-9740,20714,-11,-1006
-28,51,24,-18412,-3374,-11900,20083,-91,-1055
3,25,12,-20292,-1931,-13196,19384,-155,-1113
19,0,-13,-21097,-311,-10840,18798,-266,-1432
19,-25,-37,-10980,197,-4132,18579,-110,-1016
19,-13,-28,3196,-4927,1622,18664,-399,-259
10,15,0,12649,2442,4505,18902,-36,533
-13,45,26,18300,118,9535,19417,39,840
-27,92,62,23556,1178,12256,20067,89,1078
-56,121,102,24855,4747,14774,20850,294,1115
-107,-117,-103,24855,3841,13572,21569,279,1077
-116,-95,-58,18807,86,9841,22091,77,762
117,-73,-56,7925,3353,4000,22307,257,224
-124,-64,-96,-7302,2648,-4626,22062,215,-531
-99,-82,101,-17995,529,-10500,21505,106,-1045
-58,-110,66,-21482,-1618,-11474,20897,-27,-1191
-47,115,38,-24771,-2324,-11725,20264,-60,-1369
-11,75,1,-25170,396,-13824,19531,29,-1289
7,21,-35,-22205,-289,-12852,18850,-79,-1342
19,-9,-45,-10425,-3208,-5906,18537,-278,-905
15,-14,-39,-1892,-1890,-1749,18443,-204,-507
10,-2,-29,2320,-2371,79,18447,-226,-231
8,22,-22,8913,1122,4128,18666,-24,295
-19,52,-1,22863,3833,10414,19218,251,1107
-38,106,59,24855,2959,15170,20037,198,1179
-72,-110,119,24855,2200,15651,20866,170,1116
-103,-84,-96,24855,3043,13278,21570,224,1099
-112,-65,-95,22173,2785,10898,22148,213,971
120,-37,-89,8276,-973,5036,22420,29,276
-96,-59,109,-11279,-3995,-4974,22156,-136,-693
-76,-86,61,-19315,-2508,-9829,21635,-61,-1076
