-3,100,6,-664,-641,70,43,-19,10
-4,100,5,-576,-49,71,47,-18,-16
-5,99,4,-530,136,115,53,-6,-14
-5,99,3,-475,168,138,60,-5,-11
-4,99,3,-460,98,301,76,-9,-9
-5,98,3,-230,80,312,93,-8,0
-4,100,3,-321,-24,380,113,-17,-1
-5,98,3,52,-40,511,141,-14,15
-6,100,5,154,-124,419,163,-16,16
-7,100,5,-64,-888,486,189,-55,4
-7,100,5,-146,-801,135,196,-49,-1
-6,101,4,-387,-1301,-283,180,-78,-9
-4,100,4,-329,-1379,-251,167,-86,-3
-3,99,4,-431,-1485,-337,149,-92,-7
-3,99,4,-460,-1453,-242,136,-92,-7
-3,101,4,-455,-1530,-229,124,-96,-6
-4,101,3,-470,-1430,-193,114,-88,-8
-4,99,3,-503,-1214,-429,91,-78,-10
-2,99,3,-499,-1443,-205,80,-92,-7
-3,99,3,-370,-1424,40,82,-91,-3
-3,101,3,-525,-1228,-13,82,-79,-10
-3,101,2,-412,-827,-240,69,-59,-3
-3,100,2,-379,-904,-337,51,-63,-1
-4,100,2,-170,-940,-153,43,-62,6
-8,99,3,70,-433,-655,7,-29,11
-8,98,1,-164,-607,-1083,-49,-36,0
-4,101,-2,352,-1568,-675,-85,-95,33
-11,104,-2,1003,-2776,25,-83,-141,52
-11,95,-3,-171,-10424,1757,10,-538,-10
-26,96,0,2195,-10824,3627,203,-514,77
-70,112,12,3661,-19250,2835,353,-877,83
-50,114,-22,2085,-25070,3628,545,-1208,31
-1,-121,-17,13729,-25070,8889,1025,-1323,710
-21,-98,0,16379,-9653,6365,1363,-486,830
-30,-70,-16,5480,-16379,3111,1528,-821,264
-10,-56,-36,-7535,-12247,3803,1729,-637,-398
0,-71,-65,-20700,-6062,-1830,1630,-339,-1122
17,-97,-79,-25195,383,-7284,1244,-28,-1362
22,-128,-64,-25550,2763,-7586,842,79,-1384
6,100,-62,-25550,1717,-6477,499,49,-1399
28,65,-33,-25550,-1964,-6213,163,-212,-1432
24,39,-30,-25550,11743,-15471,-656,465,-1449
1,31,-17,-25550,17293,-19635,-1696,842,-1389
7,8,-16,-25550,5283,-15916,-2540,154,-1535
2,-9,8,-20340,7876,-9571,-3057,344,-1584
-3,-15,2,-13060,7166,-1638,-3144,384,-1297
-36,-33,-3,-9119,1833,376,-3124,258,-964
-22,-28,13,1059,-3103,5192,-2848,-42,-467
-53,-26,31,9503,-7211,9335,-2344,-188,69
-70,13,69,20836,-8246,13484,-1630,-265,759
-72,19,118,24476,-11709,11228,-1035,-496,945
-63,68,105,24476,-1610,17288,-118,0,1029
-92,91,-108,23991,-8360,12596,561,-347,1021
-66,88,89,24476,-304,14951,1353,70,1067
-70,-104,43,24476,-8191,19018,2361,-347,1160
-37,-73,55,24476,-14627,16422,3232,-725,1193
-16,-76,65,19698,-11744,9586,3749,-614,967
-3,-94,50,9356,-4435,892,3797,-247,434
-5,-84,16,4235,-4956,-255,3783,-271,221
4,-102,-18,-1371,-6161,2293,3905,-345,-70
-5,-114,-48,-5291,-132,1500,3986,-23,-321
-11,-126,-42,-10025,1720,435,4009,80,-556
-2,-114,-36,-13161,4691,-3257,3836,216,-698
4,-119,-22,-24918,6280,-7079,3461,285,-1278
8,118,-27,-25550,10477,-18493,2462,500,-1351
10,102,-26,-25550,19841,-25159,1129,960,-1334
3,90,-21,-25550,6730,-25159,-204,306,-1326
22,52,-37,-25550,701,-23335,-1441,-65,-1431
18,0,-32,-25550,9550,-17278,-2374,349,-1659
-21,-21,-18,-18115,7366,-10471,-2929,497,-1402
1,-58,-26,-8824,-2792,-5526,-3221,-172,-1043
-28,-47,10,1422,-4450,2948,-3065,-129,-488
-35,-26,16,10157,-7233,8499,-2606,-205,58
-56,-15,37,13493,-6394,8739,-2143,-133,302
-64,8,60,18522,-9059,9521,-1638,-301,632
-81,12,111,23622,-9731,11619,-1023,-376,891
-71,12,126,24476,-12064,13015,-320,-534,957
-51,57,-100,22217,-11430,12635,349,-538,875
-49,67,96,24476,-2871,16850,1225,-77,1017
-56,-120,109,24476,166,15592,2052,54,1105
-29,-110,94,21171,-2105,7703,2468,-97,989
-31,-116,88,13457,-9605,5473,2758,-471,577
1,119,60,11574,-3340,4042,2972,-198,509
-16,106,24,18061,3965,3978,3183,210,884
-38,124,11,24476,3549,4457,3423,226,1225
-51,-105,4,21595,257,-1775,3329,63,1050
-47,-96,-10,7720,-5722,1548,3411,-250,353
-37,-107,-40,-7670,-9169,1215,3476,-437,-444
-32,-97,-56,-18497,-6308,-2294,3352,-309,-1020
-17,-108,-73,-20879,-1297,-7407,2959,-68,-1142
3,-126,-87,-20307,1540,-7890,2541,46,-1139
10,107,-76,-13602,-2893,-7474,2145,-191,-806
6,86,-39,-7955,4964,-8732,1673,215,-482
2,72,-1,-17876,1614,-8971,1198,48,-890
-6,52,11,-25550,3054,-13217,497,156,-1329
-9,60,9,-25550,7159,-24816,-817,374,-1322
-5,39,-19,-25550,-16,-25159,-2176,3,-1404
22,-5,-34,-25550,-303,-21211,-3300,-171,-1662
10,-31,-37,-14670,5482,-8413,-3746,205,-1234
-20,-32,-6,-6893,4752,-243,-3759,345,-906
-17,3,20,4532,-1747,6444,-3411,45,-66
-53,-27,19,10223,-3416,9227,-2922,30,84
-73,16,68,9363,-8085,9101,-2439,-251,181
-95,25,88,24476,-11375,12251,-1790,-420,956
-73,29,119,23568,-11834,9899,-1255,-516,937
-72,75,-119,24476,-3116,18563,-271,-85,1017
-81,73,122,24476,-4254,19992,787,-123,1019
-75,-117,108,24476,1087,20776,1888,122,1099
-87,-121,126,17935,-16176,3189,2060,-762,763
-25,100,86,14836,-8064,920,2109,-393,616
-32,-125,76,18105,11185,4879,2368,591,819
-65,126,26,17427,6686,9981,2897,422,797
-35,-107,-7,24476,-8185,11757,3532,-396,1242
-37,-100,-14,23196,-3269,13441,4244,-138,1150
-28,-106,-27,890,-5787,7181,4625,-277,13
0,-112,-57,-11777,-5102,709,4662,-284,-657
6,-128,-77,-16710,665,-5030,4391,-1,-963
16,-125,-73,-16519,3949,-9101,3908,149,-931
13,117,-69,-19545,1159,-8991,3432,9,-1090
19,103,-48,-17099,22,-9871,2909,-62,-949
1,110,-14,-19483,211,-9494,2396,-17,-1012
6,64,-9,-22349,7037,-17009,1494,310,-1148
-12,52,-7,-25550,-874,-14068,749,-18,-1332
-3,4,2,-25550,8766,-17389,-172,559,-1449
-20,17,12,-25550,6466,-20697,-1290,484,-1511
-22,0,7,-25550,-2364,-19071,-2300,137,-1622
4,-18,5,-25550,-372,-15574,-3126,-96,-1911
-21,-35,6,-19877,8272,-9994,-3656,519,-1573
-25,-66,-6,-16939,2002,-8205,-4099,160,-1485
-31,-54,12,-5235,-2626,-1515,-4179,-42,-831
-39,-63,5,3347,-2298,6262,-3847,-16,-394
-55,-42,51,7161,-5646,8425,-3401,-153,-84
-74,-23,49,12206,-3630,13957,-2647,1,242
-87,-4,62,19681,-7832,16256,-1785,-207,660
-108,37,85,24476,-7147,19637,-744,-192,973
-105,72,-128,21026,-12835,13146,-48,-537,832
-101,54,108,24476,-14124,12302,603,-585,994
-55,80,97,24476,-15166,7381,995,-702,1056
-33,104,90,24476,-11199,10306,1541,-540,1101
-15,121,58,24476,-3766,12990,2229,-191,1167
-19,-98,78,23554,1108,10386,2780,55,1118
-34,-99,28,16055,-6344,4877,3043,-306,797
7,-99,20,15119,-10389,-166,3034,-565,765
7,-111,8,13786,-2720,-2249,2915,-176,712
-15,-121,-8,6185,1431,1702,3005,73,313
-19,-121,-23,-1112,273,4272,3236,20,-80
-25,120,-50,-9770,2762,0,3236,158,-569
2,117,-56,-10637,3851,-645,3202,166,-615
0,110,-59,-15106,3656,-1148,3141,158,-852
-4,-124,-54,-19886,5717,-6045,2815,277,-1093
14,111,-33,-22787,7694,-12967,2127,337,-1203
-1,86,-4,-25550,6240,-22600,907,300,-1309
27,51,-6,-25550,13366,-25159,-426,542,-1387
-10,51,10,-25550,11205,-23241,-1681,601,-1362
-23,23,6,-25550,-10914,-14729,-2447,-397,-1428
-6,-17,-4,-25550,-9172,-11480,-3055,-417,-1896
-13,-18,24,-22477,-1290,-10622,-3618,4,-1610
-25,-29,20,-15179,8393,-5797,-3931,551,-1286
-21,-60,-6,-12195,1795,-2855,-4082,142,-1231
-39,-33,20,-363,1334,4228,-3858,222,-500
-42,-27,32,8878,-2714,9216,-3370,14,11
-67,-25,48,8530,-1817,12106,-2716,81,41
-83,-2,72,13417,-1506,13747,-1987,92,346
-92,0,68,20042,-6259,15918,-1144,-129,689
-91,46,88,24476,-9553,16539,-267,-342,994
-73,80,125,24476,-19287,15857,588,-920,1052
-36,88,122,24476,-20944,12870,1270,-1037,1051
-16,116,106,24476,2936,10254,1814,147,1102
-49,-127,61,23456,5604,11387,2417,334,1096
-36,-114,50,23171,-7359,11195,3022,-353,1135
-20,-104,47,23174,-5100,11923,3654,-256,1133
-24,-102,31,19591,-6245,6179,3981,-307,967
-20,-89,18,7248,-6881,3322,4157,-348,359
2,111,-34,1901,-9702,896,4206,-533,57
-3,114,-34,1078,-654,573,4236,-53,14
-7,-113,-5,-4245,687,706,4274,20,-202
-3,-106,-24,-16486,-3053,-3719,4076,-176,-847
17,-117,-52,-17038,4614,-6569,3722,186,-941
14,114,-54,-16406,4638,-5453,3433,184,-910
8,122,-33,-16289,6201,-6317,3098,273,-863
7,98,-27,-17429,5333,-5620,2800,229,-924
7,76,-2,-23542,4675,-6745,2436,192,-1217
-17,69,21,-25550,889,-10223,1894,74,-1360
1,61,12,-25550,-2229,-18422,917,-144,-1318
13,40,-6,-25550,9667,-20605,-174,392,-1355
7,-1,-3,-25550,20414,-20149,-1262,779,-1702
-7,-28,-4,-25550,14169,-18419,-2238,757,-1921
-13,-36,-2,-16913,6899,-9866,-2761,408,-1467
-7,-73,-23,-7002,1756,-2728,-2906,84,-973
-28,-48,2,-1252,-2190,5023,-2634,-15,-632
-37,-39,23,12981,-4133,11341,-2033,-79,161
-54,-24,37,17681,-5906,18048,-1077,-125,484
-69,15,71,24476,-6077,20273,-2,-161,948
-78,43,91,24476,-13480,24867,1340,-573,1016
-66,118,123,24476,-539,24005,2612,31,1074
-73,127,-117,17436,-7325,18276,3581,-313,711
-87,121,75,18955,15069,21966,4745,866,818
-104,115,25,24476,-9000,17532,5692,-326,1125
-32,-97,46,24476,-20145,15353,6505,-1006,1194
-31,-115,25,13993,-9043,14596,7279,-436,676
-24,-121,3,13028,-9782,4015,7492,-482,649
-7,-101,8,10050,-6953,3444,7678,-374,531
-19,-102,10,-1689,-5002,-1636,7591,-251,-89
-11,-117,-19,-8308,-11168,-3895,7385,-575,-431
5,-120,-20,-5153,-2971,-331,7367,-185,-270
-3,-126,-26,-4431,-720,-942,7316,-57,-248
-4,-109,-16,-8214,2677,-1093,7258,116,-415
-1,-97,-21,-14928,-137,-5599,6961,-30,-761
20,118,-46,-16806,5093,-11575,6348,197,-919
13,84,-46,-14831,6277,-8338,5898,267,-860
-13,80,-21,-14966,6291,-6306,5563,329,-803
-42,85,8,-25550,5702,-12846,4883,370,-1380
-8,67,-14,-25550,-616,-23716,3626,-29,-1327
0,41,-7,-25550,14620,-25159,2267,727,-1338
2,18,-28,-25550,5838,-25159,933,256,-1497
4,-12,-25,-25360,4923,-15668,103,190,-1720
-4,-46,-25,-9271,2336,-5838,-205,111,-1049
-28,-44,-2,-1599,6434,3348,-25,435,-646
-78,-38,21,1834,5214,5401,261,482,-340
-82,-58,23,3689,1979,6938,628,285,-281
-76,-70,14,7638,-1317,7452,1023,93,-112
-47,-39,42,14081,-9709,8480,1481,-372,271
-71,-8,61,22144,-7806,20912,2590,-226,773
-77,11,89,24476,-15965,17728,3529,-675,936
-67,81,-123,24476,-15882,20235,4582,-725,1004
-52,57,94,24476,-6966,20257,5675,-286,1049
-43,-104,68,24476,2720,24867,6993,170,1161
-59,-109,68,24476,2075,20728,8092,160,1147
-44,-87,22,24476,3659,17812,9036,218,1207
-48,-73,16,18854,-11932,16673,9937,-585,943
-41,-95,-15,4052,-13518,4704,10186,-656,173
3,-124,-38,5033,-13346,-6204,9857,-711,218
5,126,-38,11996,-5014,-1792,9762,-290,570
7,-127,-8,4109,-3279,3783,9966,-208,221
12,112,-59,-8695,-8034,7070,10341,-457,-528
-21,-124,-58,-13830,3013,-661,10306,161,-776
-4,-126,-62,-17573,3271,-6166,9979,148,-967
2,-115,-35,-24588,6841,-10916,9401,318,-1279
9,124,-28,-25550,11714,-21895,8218,563,-1351
1,-128,-26,-25550,5816,-25159,6885,268,-1318
0,75,-19,-25550,2559,-21876,5725,102,-1329
-5,33,11,-25550,-5019,-15295,4915,-244,-1357
-3,14,16,-25550,850,-15268,4090,52,-1497
3,6,16,-25550,13125,-17364,3170,600,-1542
-5,-27,-25,-25428,10027,-10469,2615,516,-1813
-19,-26,-7,-8277,2802,-3971,2405,259,-958
-13,-70,-29,5591,-1708,828,2449,-73,-302
-20,-24,20,10118,-6241,7744,2860,-214,21
-27,-24,22,13504,-3233,11086,3447,-32,217
-61,-17,38,16733,-3485,16283,4310,18,464
-72,40,87,23890,-8035,14117,5073,-294,984
-71,58,78,24476,-8101,20478,6158,-293,1029
-64,121,91,24476,-8113,20442,7242,-346,1102
-49,-81,62,24476,-5196,24867,8559,-231,1176
-28,-64,87,24476,-3267,18124,9538,-164,1194
-60,-98,49,14191,8479,7999,9962,485,645
-14,-118,22,14553,-12262,2389,10089,-625,724
-8,-101,7,20755,4242,6899,10454,203,1066
-41,-78,6,12142,-1161,12398,11124,-33,604
-30,-100,-40,72,-17551,5450,11413,-876,-39
-3,-112,-41,2075,-2404,-5060,11145,-143,68
-1,-117,-37,3161,-3065,-2908,10990,-179,129
-3,122,-54,-5793,-7533,2115,11105,-411,-368
4,106,-58,-10060,637,4807,11360,-1,-598
13,107,-64,-16096,1191,4847,11616,10,-915
-3,124,-61,-22184,5691,-2917,11462,268,-1205
18,120,-52,-22446,9631,-15327,10634,442,-1234
4,89,-38,-24449,11742,-25159,9301,562,-1309
-3,81,0,-25019,15475,-25159,7967,771,-1254
-18,79,17,-25550,9811,-25159,6634,524,-1342
-12,49,4,-25550,-13695,-22484,5420,-680,-1355
12,9,-13,-25550,-10072,-21700,4269,-686,-1525
-2,-5,-3,-25550,-3679,-22191,3093,-142,-1859
16,-45,-36,-13906,1606,-9801,2574,-8,-1234
-4,-35,3,-6031,1113,-966,2522,57,-972
-17,-13,18,2429,2582,7685,2929,257,-321
-38,-35,0,8310,-2590,11870,3558,31,-79
-51,-2,33,15882,-4359,16053,4409,-19,467
-81,29,73,24476,-7644,18748,5421,-239,996
-102,42,104,24476,-7740,19893,6476,-250,977
-88,83,107,24476,-9021,20486,7561,-353,1037
-123,115,125,24447,-8191,15035,8358,-299,1044
-60,92,95,21001,-9023,9807,8878,-387,894
-47,-125,97,24476,-1290,14757,9660,-26,1115
-36,-125,87,20200,7955,14951,10453,430,912
-79,-114,68,16169,1469,9475,10955,155,705
-53,-103,51,7844,-2714,5112,11231,-94,331
-65,-117,16,689,-11641,1394,11305,-518,-40
-23,127,-1,4111,-19237,2758,11451,-962,195
-14,111,-13,7515,-14283,4099,11668,-724,370
-1,-120,-5,13056,-9091,7600,12079,-495,694
-16,-111,-5,4556,2249,3651,12272,114,232
-8,-111,-15,-10241,-490,-4405,12039,-38,-519
12,-125,-39,-17477,2754,-9399,11541,94,-930
22,118,-43,-16477,5282,-3913,11329,206,-916
0,116,-37,-20125,6454,-5520,11037,301,-1067
0,111,-13,-25550,11942,-7426,10643,582,-1300
-18,89,-15,-25550,4249,-14264,9887,235,-1331
-11,81,7,-25550,18027,-22613,8666,941,-1335
-5,53,7,-25550,5504,-24241,7381,276,-1309
-4,35,12,-25550,2069,-23450,6138,107,-1353
17,-1,5,-25550,10059,-23403,4898,195,-1654
2,-19,-9,-20791,5598,-17958,3928,234,-1657
12,-51,-20,-11164,1804,-8517,3477,15,-1160
-2,-59,-7,1127,-3069,3011,3636,-172,-604
-31,-49,16,6213,-1711,11439,4243,11,-233
-65,-42,40,13222,-2773,17831,5205,22,237
-82,-21,48,16289,-5196,19899,6260,-60,447
-103,30,83,24409,-4659,21982,7425,-65,962
-103,41,78,24476,-9251,22060,8594,-298,984
-110,123,-123,24476,-15324,16706,9497,-694,1078
-70,91,104,15584,-11024,8711,9958,-479,604
-55,94,89,22145,-2781,9788,10477,-75,962
-37,102,39,24476,1,15270,11286,49,1160
-23,-101,31,24476,-10113,21533,12449,-515,1240
-13,-74,44,20638,-8975,17267,13364,-465,1021
-37,-119,11,2434,-7182,6322,13699,-330,88
-3,-114,22,7060,-15888,362,13719,-828,351
2,-97,13,8152,5791,-1993,13611,270,430
-8,-104,-12,-1827,-3210,-1832,13514,-176,-88
11,-112,-47,-10432,-3033,-993,13461,-197,-578
17,-123,-56,-13633,6192,-2090,13350,261,-761
35,126,-57,-15199,6396,-4429,13111,248,-872
6,-123,-51,-18260,8119,-5821,12803,376,-985
14,100,-50,-15414,9114,-8426,12356,408,-865
16,72,-21,-18005,2978,-6397,12017,77,-968
-8,62,0,-20286,1569,-8635,11551,86,-1054
-7,48,18,-23370,7708,-14158,10800,399,-1252
-25,59,26,-25550,5612,-19248,9780,346,-1400
-15,46,2,-25550,3626,-24373,8488,230,-1344
15,17,-20,-25550,3840,-24513,7165,49,-1521
-1,-49,-52,-22138,3278,-20226,6093,145,-1631
3,-53,1,-6502,-472,-8039,5667,-65,-1005
-8,-52,29,1416,3182,1099,5725,169,-498
-33,-77,30,1887,775,6909,6098,101,-473
-56,-33,55,5966,1977,12348,6753,238,-120
-77,-35,46,9600,-1008,14615,7527,134,70
-79,2,68,12147,-5695,11691,8147,-118,292
-57,16,76,18426,-7141,14586,8935,-250,661
-80,49,103,22390,-5022,17516,9863,-141,890
-81,71,105,24476,-7310,18583,10848,-267,1026
-67,98,123,24476,-14004,15275,11657,-646,1053
-39,104,76,24476,-8145,17526,12604,-379,1138
-24,-81,58,24476,-10818,17639,13539,-546,1194
-16,-74,60,24476,870,8625,13996,38,1198
-42,-87,26,9561,-3724,-592,13965,-159,448
9,-107,0,5439,-14135,-863,13918,-773,295
2,-104,-21,8494,-7405,5686,14219,-406,427
0,-105,-23,2034,-3672,5446,14508,-212,95
-13,-114,-22,-7138,5995,-368,14488,301,-377
-13,-108,-33,-17600,6833,-4954,14226,341,-921
6,121,-64,-23502,-323,-9305,13723,-54,-1302
5,100,-57,-19395,3556,-9201,13236,144,-1078
14,99,-17,-18593,3151,-6489,12892,102,-969
4,71,-2,-25550,-601,-5450,12603,-70,-1288
-9,66,16,-25550,9266,-12203,11944,485,-1360
-5,50,16,-25550,5211,-15746,11109,264,-1349
-10,40,25,-25550,2791,-17334,10191,164,-1408
3,0,14,-25550,10156,-16664,9307,436,-1634
-11,-15,-7,-25550,6964,-14110,8545,469,-1849
-12,-41,-1,-13770,4465,-10257,8002,268,-1324
-9,-33,14,-4032,793,-3864,7797,71,-785
-21,-33,17,-4849,-2585,2883,7950,-39,-781
-44,-26,23,9987,-526,11541,8573,151,74
-62,0,47,16061,-5500,15047,9370,-94,486
-73,24,79,20988,-3121,16490,10244,-19,786
-53,72,79,24476,288,24867,11562,94,1061
-128,-126,-105,24185,-4256,18382,12555,-115,1054
-82,98,97,13044,-12183,10873,13120,-511,469
-61,105,99,22530,7765,6905,13486,461,982
-99,89,83,15025,-4166,7596,13889,-81,570
-38,116,53,24476,-9382,11383,14504,-445,1178
-49,-95,38,24476,-8313,20366,15583,-382,1188
-39,-101,32,17560,-13843,14338,16343,-674,848
-44,-116,10,7522,-5464,2856,16495,-233,338
-32,-121,-6,6818,-6604,109,16500,-314,326
-13,-115,-8,3781,-7948,3619,16692,-408,194
-5,-119,-24,-2447,-1099,3189,16861,-72,-137
8,-127,-51,-4915,-4278,199,16872,-258,-309
-6,-128,-43,-11162,3799,-7393,16473,182,-626
17,104,-63,-15867,4389,-10089,15938,165,-907
-1,103,-49,-18973,3061,-4941,15676,133,-1038
-10,104,-30,-22485,2400,-5242,15398,118,-1184
-17,105,-12,-25550,-1491,-6522,15046,-64,-1343
-3,78,22,-25034,8524,-15122,14244,418,-1309
-19,73,42,-25550,-727,-16802,13354,-12,-1400
6,44,24,-25550,3895,-14104,12606,144,-1391
-16,28,27,-25550,-892,-15153,11788,17,-1488
6,-11,-19,-25550,6626,-12079,11148,248,-1752
-14,-39,-30,-16687,1411,-7732,10738,110,-1378
-17,-43,-10,-4670,3421,-2283,10617,232,-829
-14,-29,11,6998,-2251,2873,10772,-47,-203
-38,-23,47,8358,30,5952,11088,118,8
-47,-15,56,8656,1676,7870,11505,215,61
-59,10,62,10311,-1156,11081,12092,86,221
-84,0,82,14477,-3288,9939,12629,-13,418
-84,28,95,17175,-4155,12360,13284,-75,592
-99,49,-122,17293,-2385,9012,13762,-8,613
-94,58,123,13903,-3062,11300,14361,-43,458
-98,59,-123,12377,-4930,5374,14651,-146,388
-59,52,115,12484,-8385,6403,14990,-350,391
-74,56,93,14032,-4198,7303,15377,-103,483
-62,86,70,20374,-15579,7795,15790,-700,875
-22,91,79,17230,-14815,4817,16051,-752,754
-8,90,51,17228,-3607,5318,16332,-190,784
0,115,46,21384,8506,7276,16718,405,1028
-21,-127,42,15274,9417,5322,17000,489,725
-14,-123,30,6613,3460,102,17006,178,314
-39,-104,12,3532,-4144,1946,17109,-179,147
-18,-121,-4,1588,-2891,-939,17059,-141,76
-16,-104,-7,-388,-3728,-432,17036,-190,-18
-12,-105,-20,-5714,2551,-2317,16911,125,-304
14,127,-47,-13418,-1559,-2369,16785,-128,-738
4,121,-44,-15930,-331,-815,16742,-51,-863
15,-122,-14,-13922,5291,-9155,16257,217,-715
19,109,-4,-16314,-70,-14665,15465,-69,-858
13,93,18,-18553,6797,-15495,14644,287,-972
-9,77,31,-25550,5306,-16959,13745,270,-1363
-8,58,8,-25550,2528,-18062,12788,137,-1318
-9,28,-8,-25550,-2004,-16400,11902,-57,-1394
-12,7,7,-25550,-1058,-12991,11213,110,-1517
5,4,-4,-25550,10881,-14043,10469,360,-1507
-30,-28,-11,-18080,8097,-10862,9893,563,-1417
-11,-52,-15,-10678,10015,-7571,9484,541,-1163
-12,-61,-22,-3993,-5310,-3874,9279,-254,-803
-21,-75,-2,8410,-3490,3643,9472,-140,-200
-40,-63,29,17421,-5185,12770,10149,-170,347
-87,-1,87,19572,4417,18096,11126,383,680
-115,-7,97,17570,-4469,17111,12033,-54,551
-112,13,122,19134,-8791,12021,12658,-295,642
-80,36,99,21067,-6675,12524,13322,-216,802
-88,67,85,20825,-8183,11432,13940,-294,862
-36,77,56,24476,-11824,13038,14631,-544,1109
-26,119,67,24476,3966,14201,15383,218,1147
-13,107,45,20291,5375,15558,16208,273,965
-37,-118,20,24476,24263,18873,17227,1292,1227
-53,-106,31,16189,12761,13488,17942,699,762
-71,-113,5,7458,-514,9580,18450,54,300
-32,-126,-6,4960,-12057,8165,18882,-583,223
-18,-118,-12,4419,-11091,7835,19306,-569,219
-31,-112,-29,4495,-6791,5908,19619,-322,190
-17,-101,-30,-2973,-11084,-500,19592,-565,-173
-8,-97,-42,-6865,-6517,-8777,19127,-345,-381
11,-104,-51,-9982,-3465,-9747,18601,-221,-566
-7,-99,-63,-19346,-5124,-7717,18191,-276,-1044
12,-120,-70,-19937,121,-11821,17565,-38,-1097
24,106,-47,-19283,-2736,-13992,16823,-212,-1059
12,96,-25,-14694,-356,-11749,16189,-72,-798
-4,84,2,-17406,-914,-3990,15977,-61,-870
0,51,1,-23209,232,-8315,15537,-10,-1161
-21,53,23,-25550,10273,-18602,14551,577,-1396
-14,47,-8,-25550,-1884,-19834,13500,-56,-1347
-6,5,-13,-25550,-6912,-18328,12510,-281,-1571
7,-35,-29,-15818,4753,-16925,11613,179,-1335
-9,-37,20,1971,2456,-8249,11176,148,-467
-20,-23,56,384,1457,942,11225,121,-399
-28,-34,31,-9865,6035,3735,11427,413,-1001
-56,-32,29,-2593,4957,10328,11975,434,-572
-62,-14,17,15579,-4556,17125,12882,24,411
-75,38,69,21042,-5657,16949,13781,-139,820
-54,65,79,23806,-6778,19307,14823,-266,1039
-70,101,106,24476,-1528,21256,15950,-1,1066
-70,-114,98,23031,-943,22707,17153,14,1038
-90,-112,89,24331,1543,19893,18208,165,1099
-56,-98,63,19675,8075,10200,18759,466,935
-67,-128,22,9129,4504,8722,19221,312,376
-42,105,-2,10303,-7822,10830,19795,-336,464
-26,120,7,10965,-8953,14557,20566,-431,534
-21,110,-6,11958,-6205,10150,21114,-303,601
-32,121,-2,12578,3508,4223,21338,211,608
-22,110,-17,12758,8235,507,21365,438,619
-40,112,-19,6067,-3685,1942,21468,-136,250
-1,116,-33,1968,-10327,6433,21816,-559,66
-6,-122,-43,-2905,-8654,7025,22188,-455,-192
-16,-85,-49,-6601,-9662,5044,22455,-496,-375
8,-110,-77,-13680,-6062,-3599,22265,-346,-780
27,-117,-75,-13661,-5381,-8029,21831,-343,-800
20,-113,-62,-15887,-2640,-8693,21370,-190,-879
12,-111,-50,-18883,1013,-8545,20917,7,-1011
0,113,-77,-22718,-4543,-9107,20435,-258,-1265
15,74,-49,-13855,-765,-11401,19819,-104,-829
20,59,0,-14309,-1424,-9290,19326,-173,-774
-1,62,25,-19344,6338,-10898,18749,300,-1044
-21,58,27,-25550,1127,-16832,17857,103,-1393
-8,39,10,-25550,5113,-19448,16806,285,-1370
-16,10,0,-25550,201,-20521,15719,212,-1500
-7,-18,-1,-21635,-3680,-13346,15011,-129,-1705
12,-34,-6,-8060,2190,-4931,14750,9,-1016
-21,-32,16,-5816,-642,881,14798,61,-835
-18,0,33,5203,-821,8628,15255,48,-72
-66,0,39,9157,1224,13960,15995,275,131
-73,36,63,14220,-2014,15046,16792,53,472
-89,51,80,23558,-6342,16721,17695,-181,982
-77,67,107,18926,-6969,13227,18396,-254,739
-70,91,109,24476,1138,16396,19265,137,1053
-90,104,124,11173,-1196,12579,19932,29,374
-75,85,83,11758,2420,11644,20549,227,414
-87,100,94,12443,-5407,8407,20995,-171,453
-55,98,63,12016,-6284,6123,21319,-243,476
-40,112,35,19381,-3942,9079,21801,-150,912
-23,-119,21,21888,-3124,12160,22457,-149,1110
-19,-100,9,18877,-11011,16272,23320,-557,956
16,-98,9,9398,-10993,10821,23893,-608,479
5,-109,-19,2889,-7169,1635,23980,-398,143
9,-110,-22,-1731,-1631,-2310,23855,-125,-99
0,-116,-27,-7479,1459,-5300,23574,49,-396
-2,121,-57,-13274,115,-7043,23201,-15,-749
-11,-127,-45,-17360,5720,-10428,22648,285,-935
2,118,-42,-22399,5856,-17274,21715,274,-1211
-6,109,-21,-25550,2694,-18142,20754,124,-1318
3,73,-9,-25550,5985,-22971,19536,267,-1303
-2,52,-3,-25550,9907,-25159,18203,491,-1290
-13,20,-9,-25550,-5876,-18116,17225,-205,-1454
-7,0,8,-22885,1349,-17874,16277,212,-1512
-11,-8,7,-16893,-3851,-12208,15630,-44,-1319
-23,-34,20,-16671,-13781,-9673,15117,-604,-1372
-24,-35,35,-12699,2553,-8363,14666,211,-1146
-13,-42,21,998,-387,1931,14768,17,-518
-45,-40,27,1913,5867,9284,15260,444,-383
-65,-26,37,7997,5366,13599,15981,466,-1
-101,-12,55,13428,534,12549,16659,244,339
-107,-2,72,16004,-3056,8856,17128,42,478
-97,28,97,12814,-4978,7977,17551,-104,366
-85,22,96,13935,-2348,11819,18177,17,416
-88,58,99,10040,-2685,11238,18784,-14,283
-76,51,73,15374,-5883,12327,19438,-163,554
-76,62,108,21863,-7598,12966,20125,-286,881
-49,86,80,24476,-6804,19925,21181,-281,1083
-91,-95,94,24476,338,14980,21990,95,1140
-67,-101,76,10006,-12931,8567,22444,-598,404
-23,126,49,6348,-5543,2441,22573,-268,257
-36,111,31,5248,2977,-135,22566,194,201
-40,103,18,1293,-182,1528,22649,49,1
-47,115,-1,1353,-2460,5766,22954,-62,8
-37,-124,-5,-859,-2035,4292,23182,-66,-79
-18,-107,-7,-3440,-2711,942,23232,-135,-177
-14,-106,1,-10447,-1396,-6064,22904,-75,-536
11,107,-26,-16128,-4124,-9595,22396,-260,-852
18,96,-10,-6460,4363,-5087,22126,153,-349
-23,119,6,-8469,6864,-3274,21952,368,-449
-14,110,24,-16310,88,-7468,21549,6,-875
-8,91,27,-22557,7800,-19851,20497,390,-1190
-16,64,19,-23141,6256,-21461,19359,346,-1235
-25,41,32,-24754,-164,-16648,18477,67,-1411
-33,27,28,-25550,-1952,-14439,17697,34,-1530
-13,9,21,-25550,968,-19493,16664,142,-1550
3,-18,-2,-21759,5747,-16207,15805,227,-1752
-14,-22,0,-17009,6416,-11915,15174,436,-1421
-7,-69,-15,-8176,-894,-5306,14887,-49,-1059
-15,-55,2,-2147,-5882,670,14923,-261,-737
-17,-51,12,11229,-5377,9588,15431,-226,-30
-56,-29,37,11815,-2280,15499,16252,55,173
-84,-3,67,14993,-4569,13446,16978,-56,438
-93,17,88,17093,-6366,15538,17802,-166,568
-96,30,94,15443,-3248,13090,18483,-11,489
-92,65,97,21044,-3747,15840,19322,-63,842
-80,74,97,24247,-7700,14935,20114,-284,1023
-42,95,70,24476,569,16071,20982,81,1133
-50,-122,84,24476,-428,17347,21901,22,1129
-55,-124,58,17762,-8497,16737,22788,-374,806
-29,-115,47,20546,-4434,12131,23431,-207,988
-27,-91,31,19584,-947,9504,23944,-37,986
-35,-98,8,15542,-1404,3714,24141,-46,766
-26,-107,-18,4943,-4843,187,24151,-231,230
-13,-125,-39,-2944,-9266,678,24187,-475,-192
5,-126,-34,-4711,-8273,1328,24259,-463,-275
-11,122,-24,-7865,-4454,-114,24253,-231,-422
0,119,-28,-10241,708,-2084,24142,11,-546
6,115,-27,-11044,4539,-730,24104,192,-588
-8,-121,-37,-16642,8595,-2332,23978,433,-897
-10,121,-35,-24309,6194,-11900,23347,307,-1276
-6,106,-11,-25550,11614,-25159,22013,578,-1300
13,94,-2,-25550,7845,-25159,20680,341,-1303
-2,66,-6,-25550,417,-25159,19321,3,-1320
-1,0,-8,-25550,-5144,-22027,18154,-246,-1609
13,-31,-16,-22392,3227,-18404,17178,53,-1696
4,-38,-11,-286,-1070,-3067,17016,-105,-634
-4,-32,23,6532,-5027,2984,17177,-259,-206
-25,-19,34,5443,7379,9935,17704,483,-150
-35,8,42,7805,934,13102,18398,178,100
-64,5,41,13510,-742,14487,19166,164,371
-58,30,58,18198,-7818,12845,19860,-266,692
-40,64,68,24476,-6781,19208,20878,-278,1069
-45,-90,39,24476,10996,24867,22196,592,1194
-82,-71,64,24476,-5737,24867,23514,-226,1155
-72,-87,47,15534,-1322,11331,24126,-4,724
-37,-99,56,8432,1255,5488,24416,88,363
-67,-115,38,5713,4716,2102,24528,312,203
-41,126,29,3093,-13948,4143,24747,-664,97
-16,122,35,8067,2662,701,24785,142,374
-53,-118,18,7958,-437,3374,24964,36,343
-24,-114,15,3397,-16990,6637,25316,-851,154
0,121,6,-5512,-9089,4669,25563,-487,-264
-2,86,-36,-3100,-10785,5051,25836,-578,-224
2,110,-12,5754,70,6188,26164,-26,294
-15,-116,-5,4777,4462,2112,26276,226,244
1,-83,7,-7523,3585,-789,26234,154,-365
29,-82,-4,-14511,4872,-3834,26027,189,-762
29,-102,-22,-20314,4625,-11893,25397,167,-1059
13,-124,-41,-21825,4135,-13179,24698,161,-1155
19,100,-25,-20758,-2082,-7964,24276,-174,-1098
-7,72,3,-19096,4179,-7781,23856,215,-989
-13,58,31,-21842,4322,-14509,23087,240,-1205
-4,33,16,-25550,6201,-20175,22018,316,-1378
-7,19,-6,-25550,6747,-23042,20796,398,-1377
4,-15,-13,-25550,8198,-20607,19684,353,-1849
0,-40,-19,-8818,2252,-7967,19261,84,-1036
-26,-10,40,-5847,1089,-2737,19116,158,-679
-19,-42,19,-644,3261,2264,19236,230,-592
-51,-11,53,681,5024,6135,19568,406,-331
-52,-11,35,7926,2523,11915,20199,319,30
-90,-5,50,10976,612,12664,20870,248,213
-82,26,69,18806,-4495,14105,21618,-62,680
-97,52,89,19863,-4045,16731,22521,-63,784
-80,76,92,24476,-395,18454,23500,90,1040
-107,105,96,21197,462,18109,24459,145,891
-83,121,75,19136,-7963,14552,25231,-309,829
-85,116,81,12646,-13869,10277,25786,-620,502
-30,118,70,16154,-15508,10464,26330,-750,703
-45,-123,62,13042,-2419,9727,26845,-80,571
-18,119,48,11858,-10964,8587,27300,-551,538
0,110,22,13667,-3292,7277,27693,-197,690
-10,124,20,17486,-4108,7406,28093,-220,893
-2,-126,7,12846,-258,4575,28336,-33,666
-4,123,-27,4420,-4388,2135,28449,-240,202
9,127,-35,-1962,1158,2017,28558,17,-138
8,127,-50,-10032,3891,-3631,28366,157,-570
22,124,-51,-9601,4331,-6271,28033,156,-557
0,-114,-35,-14523,4270,-5306,27752,190,-766
20,-99,-9,-15754,3153,-7705,27336,108,-821
16,123,-26,-20577,6169,-13941,26597,257,-1076
14,97,-17,-18844,2633,-13099,25903,73,-984
-11,95,14,-23512,8735,-12432,25244,446,-1212
-17,97,25,-25550,-1967,-14122,24481,-88,-1367
-15,72,6,-25550,-22,-19002,23474,19,-1323
14,9,1,-25550,-1118,-18180,22511,-300,-1491
7,-19,-2,-16969,5882,-10032,21979,193,-1469
-30,1,32,-10741,12629,-7020,21600,800,-883
-6,-24,-10,-17330,4441,-8324,21158,254,-1464
-31,-22,-6,-7846,6446,-5151,20885,513,-872
-24,-57,-16,-3715,5520,92,20890,344,-772
-40,-41,22,5878,307,6753,21248,151,-200
-55,-42,41,13422,1420,12847,21929,218,224
-82,-18,58,13699,-150,17318,22847,179,323
-96,4,81,22100,-4068,17255,23762,-33,801
-79,33,95,22729,-4761,18299,24750,-119,907
-87,82,111,24476,-3015,21119,25869,-50,1034
-63,99,108,17798,-2995,21248,26995,-84,727
-90,118,69,20535,5535,21409,28130,389,897
-87,125,73,14376,-12803,13453,28856,-564,603
-28,97,50,18947,-8204,13071,29549,-384,868
-45,-116,28,24476,5620,21687,30699,331,1189
-54,-95,33,18094,-11697,21189,31822,-547,862
-22,-101,26,5644,-4901,11607,32449,-247,270
-21,-95,8,-6423,-9527,1836,32546,-479,-331
12,-107,-20,-5486,-12376,93,32551,-674,-287
32,-108,-24,-5618,-5471,-410,32529,-353,-319
22,-114,-39,-7844,-6747,780,32571,-410,-449
44,126,-40,-8176,2844,-5067,32303,45,-489
49,126,-31,-7310,4739,-7704,31894,132,-443
21,-128,-31,-13986,7406,-8472,31445,313,-750
19,127,-25,-18351,5453,-12539,30768,221,-979
10,114,-7,-25550,6808,-15683,29937,298,-1297
9,94,19,-25550,7766,-21594,28792,345,-1325
4,65,12,-25550,13764,-24647,27486,657,-1318
-14,31,-3,-25550,-586,-20881,26379,43,-1373
-2,-6,-39,-25550,-2717,-19655,25318,-153,-1692
16,-31,-45,-18977,-9803,-13829,24585,-590,-1431
4,-25,-19,-11523,2237,-7974,24162,56,-1125
-2,-18,-1,-1377,7992,-1500,24083,407,-731
-26,-42,0,-5486,4026,-729,24043,307,-851
-42,-33,40,4908,933,4080,24260,176,-201
-50,-52,53,10264,389,12331,24913,129,48
-115,-33,77,9602,4281,15860,25754,407,102
-97,0,78,13982,-6262,12506,26429,-145,392
-84,17,79,18984,-5198,13728,27157,-106,668
-51,57,74,24476,-6291,18130,28118,-230,1043
-58,-126,97,24476,-5492,21225,29243,-226,1109
-38,123,83,21256,-4738,18025,30216,-213,982
-46,-120,69,18939,4339,14606,30990,262,865
-42,125,57,23713,-2326,15290,31801,-75,1115
-22,-97,33,23909,257,19057,-32725,19,1187
-48,-109,9,14868,-6882,16886,-31813,-309,724
-17,120,-14,13125,-14116,12410,-31156,-711,653
-17,115,-27,15213,-7772,8451,-30708,-387,739
-5,-118,-28,16516,-1391,3970,-30497,-87,821
-5,-118,-27,4739,-6460,3791,-30292,-351,227
12,-110,-45,-4999,-9851,5586,-29996,-546,-297
20,-95,-46,-12549,-4304,101,-29991,-273,-680
36,-74,-61,-19705,-706,-7173,-30371,-105,-1060
50,-66,-71,-25080,6238,-16442,-31259,241,-1370
48,-103,-93,-24098,6522,-18303,-32229,245,-1335
25,93,-102,-22462,8919,-9819,-32749,386,-1308
17,89,-49,-19029,-2259,-870,32740,-179,-1061
-20,79,-18,-21790,5907,-8837,32263,335,-1176
-12,77,14,-23371,4988,-18183,31299,263,-1216
-9,49,10,-25550,12908,-25159,29966,674,-1337
-6,30,5,-25550,5656,-25159,28633,305,-1332
-5,0,5,-25550,-2759,-24144,27329,5,-1627
16,-33,-22,-24451,-8869,-15741,26494,-565,-1777
1,-27,1,-17160,2815,-9925,25968,101,-1547
14,-47,-26,-4226,-3632,2595,26106,-270,-776
-38,-29,9,5916,-2099,9837,26637,69,-171
-40,-11,24,16136,-4727,15609,27464,-42,435
-72,30,69,20803,-3552,17949,28416,-32,794
-64,50,75,23898,-6166,19749,29463,-197,991
-73,85,95,23457,-670,17787,30405,59,1003
-63,118,93,24476,-4727,20650,31500,-174,1098
-44,-117,85,22404,4133,17516,32428,245,1030
-38,-110,48,22211,4288,21308,-31979,248,1066
-44,-88,59,15929,10335,19709,-30914,565,758
-110,-91,10,10013,6979,20889,-29807,464,401
-87,-102,17,7097,-18506,9975,-29278,-850,269
-28,-111,21,2554,-21268,2660,-29137,-1063,103
0,-127,5,3903,-25070,5948,-28816,-1324,221
33,123,10,8838,-12485,4021,-28603,-721,414
13,124,-14,11734,-107,385,-28583,-55,589
18,-123,-37,10938,-131,1940,-28480,-62,514
3,-105,-32,1135,8982,6930,-28106,435,38
-1,123,-70,-17871,-5893,-6900,-28471,-324,-999
19,102,-89,-16294,1658,-11939,-29104,26,-969
18,118,-46,-9880,4764,-11237,-29700,182,-566
10,-115,-38,-11940,821,-13424,-30425,0,-653
14,111,-35,-13509,3223,-11771,-31048,109,-734
6,102,-11,-18254,1666,-7545,-31448,43,-930
-23,91,1,-25550,4259,-10793,-32020,248,-1329
0,65,-2,-25550,9630,-22276,32313,476,-1304
-18,66,6,-25550,10823,-25159,30979,587,-1338
1,19,-27,-25550,11,-24348,29689,-32,-1491
-14,-30,-39,-25179,-9272,-13935,28950,-434,-1758
7,-39,-22,-9135,-3259,-8851,28472,-233,-1042
-12,-27,25,-1921,-4166,-4139,28253,-166,-609
-26,-35,24,3142,4067,1860,28351,310,-349
-24,-22,42,2303,-4516,4735,28602,-147,-311
-49,-2,60,13521,2718,12358,29270,272,363
-77,-10,50,8192,3293,13956,30009,366,58
-104,43,97,14426,3058,12296,30661,307,470
-99,23,80,12874,-3140,14151,31411,13,364
-97,52,98,13614,-4550,14026,32169,-97,457
-98,56,89,18690,-6104,17151,-32458,-164,710
-107,94,101,17841,-7835,13448,-31746,-274,706
-87,91,100,14916,-14121,11873,-31116,-613,565
-51,99,61,23029,-2714,7616,-30705,-72,1066
-51,-113,46,24476,-1688,9302,-30212,-36,1170
-37,-113,42,18722,-7596,6949,-29844,-355,894
-23,-125,15,10800,-10761,5383,-29558,-532,529
-9,111,8,12285,-6965,7059,-29177,-367,638
-10,118,-3,10102,-1623,6065,-28856,-88,520
-22,127,-10,2166,843,4973,-28592,56,94
-34,-102,-26,-8755,-5583,4117,-28374,-259,-480
-9,-117,-30,-9764,401,-2632,-28516,10,-530
4,-127,-29,-12883,1842,-10619,-29079,59,-679
12,117,-35,-15204,6787,-12981,-29767,296,-815
12,94,-46,-15783,2544,-10663,-30332,76,-882
0,91,-20,-9512,1977,-4468,-30573,77,-516
-16,76,-4,-5564,-1691,-3248,-30745,-63,-305
-10,87,29,-11287,3018,-4789,-30999,154,-624
-26,63,19,-19377,3722,-10557,-31559,251,-1069
-38,67,15,-19997,6342,-15217,-32381,419,-1135
-31,53,14,-21731,-10142,-12915,32471,-423,-1209
-12,23,27,-16767,9370,-18084,31513,525,-1032
-39,14,33,-14500,13156,-20505,30426,834,-1007
-20,0,13,-22524,6751,-21606,29259,554,-1506
-25,-25,2,-23396,-3108,-13534,28542,-3,-1700
-11,-69,-27,-11058,-5343,-4998,28277,-262,-1161
-44,-39,9,-6859,-6179,1930,28379,-150,-845
-50,-30,18,12461,-1803,11699,29011,100,196
-78,9,53,12920,-3746,16715,29897,5,347
-87,44,80,20819,-4320,18124,30857,-71,809
-83,62,85,22021,-7946,22090,32006,-270,878
-84,102,97,24476,-4379,24684,-32222,-125,1067
-56,126,84,24476,-8219,24867,-30879,-370,1142
-27,-96,54,24476,-3271,24867,-29561,-155,1190
-44,-78,68,18795,9194,15321,-28749,494,885
-69,-103,12,14052,-2130,13631,-28026,-36,643
-35,-106,-3,11358,-8404,10660,-27451,-408,563
-35,-109,-10,5032,-11269,6628,-27099,-544,227
-18,-128,-47,-4578,-19409,-581,-27130,-983,-290
24,108,-46,474,-11967,-2361,-27255,-682,-52
3,106,-28,5577,-4097,-3203,-27428,-244,257
-5,-124,-10,4571,1942,-980,-27480,83,239
-25,-90,2,-8209,-4959,5005,-27215,-242,-425
-15,-90,-2,-24538,-571,-3305,-27390,-33,-1241
2,-99,-26,-25550,5988,-14397,-28168,281,-1334
13,-120,-45,-25550,4191,-12645,-28838,165,-1348
-1,110,-31,-16658,2533,-4787,-29092,105,-883
-15,110,11,-11285,2844,-461,-29116,151,-586
-20,93,31,-18744,-5830,-1121,-29177,-281,-1030
-3,62,16,-22466,4617,-10943,-29757,221,-1174
-16,34,30,-25231,11763,-21638,-30904,649,-1438
-9,12,10,-25550,8735,-22661,-32105,534,-1469
-6,-8,16,-23588,-288,-17283,32498,39,-1652
0,-20,16,-19110,6889,-11668,31880,325,-1506
-9,-35,1,-14957,2120,-3955,31670,140,-1393
-35,-52,9,-10978,3205,-3818,31468,271,-1110
-11,-65,0,-4751,-4793,1235,31534,-234,-898
-50,-47,19,3548,-2972,10102,32070,0,-316
-67,-40,46,15484,-5091,13656,-32742,-93,350
-69,-5,71,18745,-7346,14727,-31962,-223,610
-81,17,94,22071,-4488,14961,-31154,-97,844
-72,45,114,21767,-12930,16694,-30269,-561,848
-51,60,109,23798,-7441,18922,-29266,-314,984
-54,106,84,24476,-1771,23620,-28014,-29,1100
-72,-107,56,24476,-4407,18928,-26992,-156,1170
-41,-90,58,24476,-16712,11558,-26380,-823,1180
-12,-70,57,20231,-10669,6746,-26022,-554,987
-9,-96,48,9836,-3080,654,-25987,-170,459
-15,-106,12,2674,-6898,-2977,-26148,-360,136
0,119,3,-2074,-4456,-1906,-26249,-251,-83
-12,108,3,-4241,-4858,803,-26207,-245,-216
-17,105,1,-1261,-2530,3606,-26015,-116,-74
-25,112,-8,-118,1747,2288,-25892,115,-31
-30,-122,-8,-4047,4339,677,-25856,246,-231
-32,-113,-15,-14573,7434,-4858,-26113,402,-769
-9,119,-37,-20814,595,-9919,-26639,21,-1102
0,111,-12,-17886,4664,-9394,-27146,214,-925
-5,114,11,-17857,5311,-10181,-27686,255,-905
-15,101,41,-22424,8116,-16807,-28577,419,-1206
-9,91,43,-25550,4970,-20564,-29667,247,-1374
-23,55,24,-25550,5698,-21944,-30852,352,-1420
-29,29,12,-25550,-1368,-19648,-31893,76,-1463
-4,-7,-10,-23177,-341,-16304,-32757,31,-1642
-4,-11,27,-25550,-1011,-14407,32015,-40,-1722
-13,-23,-7,-15855,8975,-8458,31558,557,-1379
-4,-59,-26,-10390,1982,-7913,31139,90,-1122
-4,-53,-16,4535,1102,3465,31323,49,-389
-15,-47,-6,7820,-1006,10947,31903,-6,-216
-55,-45,14,14769,-1616,15410,32735,86,279
-78,-12,62,15103,-2220,13864,-32066,64,408
-96,2,82,12417,-1140,15563,-31241,114,305
-111,18,93,15395,-2336,18935,-30238,53,481
-117,42,117,17882,-4504,17141,-29312,-86,652
-81,44,126,14884,-10475,13094,-28631,-422,476
-83,71,99,18020,1545,16206,-27772,189,700
-107,89,93,16063,-1098,9918,-27247,76,614
-66,70,51,18260,-8901,8789,-26772,-337,773
-56,89,72,20252,-7788,13771,-26042,-317,875
-69,91,61,17275,-55,16135,-25187,100,724
-79,110,32,19459,-3950,10515,-24630,-88,867
-56,-115,35,14684,-4765,7688,-24214,-188,688
-51,-105,16,6371,-4950,3982,-24003,-202,273
-31,-113,-11,2097,-7450,-1033,-24058,-354,81
-19,-117,-26,1651,-4533,-2243,-24177,-225,59
-21,-106,-26,-921,-5453,-361,-24197,-276,-71
-15,124,-46,-9617,-3848,-782,-24238,-195,-546
-5,-124,-33,-11788,-2521,-4130,-24457,-145,-629
0,124,-12,-19976,6464,-14836,-25243,303,-1011
-13,-108,-2,-25550,7991,-22389,-26452,409,-1317
-2,107,-13,-25550,12572,-25159,-27786,619,-1302
-18,69,-8,-25550,4969,-22163,-28960,287,-1338
-24,47,12,-14796,769,-14122,-29709,118,-844
-16,28,12,-16903,3133,-15705,-30557,246,-992
-41,9,6,-15748,-3167,-17535,-31486,108,-1080
-2,-14,-3,-14284,-2251,-16642,-32368,-96,-1351
-29,-33,6,-11780,-3125,-13812,32435,-20,-1121
-10,-35,12,-3795,-222,-6234,32099,24,-792
-25,-54,19,-8477,-3824,-3379,31920,-126,-1002
-26,-43,11,-6257,-120,3149,32087,88,-878
-41,-56,2,6440,-4679,10983,32669,-118,-218
-64,-3,39,13197,-4335,16680,-31966,-16,341
-91,25,64,19584,-4799,22402,-30779,-58,715
-108,49,91,19768,-5830,19493,-29746,-137,750
-84,84,102,19164,-8780,21425,-28610,-343,773
-91,94,104,18472,-4412,19188,-27574,-122,762
-82,96,97,21045,-2894,20287,-26499,-49,887
-82,114,82,22377,5324,22542,-25304,366,984
-106,-124,47,24476,-8539,18564,-24320,-312,1108
-57,-111,74,14058,-9134,9123,-23828,-422,625
-50,123,9,10686,-7812,5886,-23516,-334,481
-18,-117,3,13008,-6526,7229,-23133,-327,659
-18,-100,2,10828,-1430,7213,-22750,-71,551
-10,-100,-15,-1025,-6351,3711,-22550,-339,-52
-6,-95,-41,-11134,-11598,3067,-22387,-607,-596
9,-118,-69,-13337,-5227,-4293,-22615,-306,-758
6,105,-64,-12099,4964,-12289,-23266,214,-713
12,94,-47,-10684,298,-10591,-23838,-37,-636
-4,98,-16,-13981,2825,-10394,-24389,127,-723
-22,103,-11,-18006,1363,-9293,-24882,91,-942
-14,87,-6,-15758,1070,-9131,-25366,65,-814
-21,81,23,-14244,4144,-9117,-25849,240,-781
-34,76,39,-23866,3665,-16839,-26758,252,-1347
-22,63,29,-25550,298,-21657,-27906,60,-1392
-7,19,2,-25550,4797,-25159,-29239,302,-1360
-14,-14,-8,-25550,-4484,-20214,-30311,-90,-1791
5,-27,-9,-15595,-3837,-13717,-31052,-271,-1414
-8,-48,-11,-6902,-1398,-6924,-31419,-59,-978
-1,-47,10,347,-1306,322,-31401,-84,-624
-41,-26,57,-2680,-3541,2952,-31245,-71,-550
-38,-48,38,5445,2076,9138,-30751,210,-215
-66,-32,50,4607,-609,13369,-30043,134,-182
-81,-15,64,20745,-297,17934,-29092,162,690
-87,26,84,13196,-6560,13358,-28384,-180,388
-56,40,73,20919,-3801,14346,-27610,-88,846
-69,57,82,19987,-8766,17042,-26723,-324,778
-38,102,80,24476,-8906,17622,-25789,-412,1108
-38,-122,92,24476,-11148,23499,-24544,-540,1126
-34,-87,42,24476,2790,24867,-23201,163,1225
-53,-53,49,24476,-6462,18222,-22235,-297,1195
-26,-80,5,16019,-15410,6319,-21900,-776,808
8,-123,-33,9950,-20650,6773,-21541,-1091,475
9,-109,-11,7852,-9751,7081,-21159,-546,411
5,-106,-18,1587,-5463,-1590,-21243,-312,79
4,-127,-39,-7189,-1790,-7336,-21632,-124,-406
3,117,-57,-11222,-158,-7086,-22008,-40,-648
-10,-127,-43,-13124,-712,-2838,-22161,-45,-728
-4,111,-54,-16277,1482,-4613,-22406,57,-904
-8,-103,-30,-21206,5135,-4177,-22627,248,-1097
0,116,-19,-25550,9336,-15152,-23430,450,-1310
-5,106,-20,-25550,6453,-20239,-24523,321,-1342
6,62,-25,-25550,9988,-18002,-25477,459,-1364
-28,38,0,-23711,4024,-14691,-26256,324,-1324
-34,26,19,-16068,-1602,-13884,-26992,79,-1015
-29,11,32,-10788,3089,-11571,-27617,294,-833
-31,-5,26,-11927,-616,-13693,-28342,140,-969
-18,-20,17,-12152,7243,-13704,-29069,478,-1105
-2,-56,3,-16785,-4400,-10777,-29640,-241,-1528
-10,-48,0,-16231,-1742,-6836,-30009,-69,-1486
2,-59,-3,2005,-6201,6359,-29672,-350,-574
-46,-20,26,10623,-4479,16173,-28815,-35,126
-68,9,66,14103,-5762,17922,-27865,-135,409
-70,35,73,19186,-6992,18019,-26892,-226,740
-76,71,83,20035,-3197,18324,-25921,-49,816
-65,110,79,24476,-8969,17663,-24984,-379,1101
-22,-120,91,23007,-7044,15868,-24143,-352,1060
-43,-115,56,24476,9808,18918,-23122,546,1189
-43,-98,42,24476,-2185,16762,-22233,-77,1189
-38,-87,60,12186,-5235,12405,-21576,-243,556
-32,-124,42,1166,-16898,5617,-21278,-833,0
-14,-128,35,4720,-11779,5606,-20975,-610,206
-23,121,20,10581,-6462,1424,-20900,-311,508
-12,-117,7,18968,2769,-3069,-21063,135,969
-42,-102,2,16022,7043,-1821,-21159,394,781
-30,-91,1,8719,-9847,448,-21135,-494,437
-11,-110,-31,-2918,-5599,-478,-21160,-292,-172
-18,-124,-66,-10380,-6866,1667,-21072,-346,-610
-11,-111,-69,-16479,-5704,-1640,-21159,-300,-914
-4,123,-66,-23986,-1357,-7946,-21588,-89,-1329
-1,107,-41,-18995,1041,-5919,-21902,30,-1022
-6,92,-26,-17622,4092,-2206,-22019,198,-934
-11,87,-18,-22405,4048,-4200,-22241,210,-1168
-17,60,-21,-25550,5577,-8501,-22701,325,-1396
3,27,-7,-15313,8214,-14994,-23495,367,-817
-18,49,38,-1972,5082,-11297,-24094,298,-235
-64,65,87,-6177,16910,-13871,-24829,957,-521
-53,47,37,-25550,-3517,-14536,-25614,-40,-1513
-53,35,30,-25550,-13700,-16603,-26494,-526,-1512
0,-1,-9,-25550,969,-17314,-27412,0,-1680
-22,-18,-13,-24867,2534,-18896,-28413,284,-1733
-6,-22,-16,-6449,2294,-10371,-28973,147,-875
4,-41,-13,-3462,-4095,-2209,-29090,-259,-789
-13,-38,11,9252,511,8582,-28636,76,-120
-31,-32,35,21535,-2349,17566,-27705,-10,626
-54,21,76,24476,-8514,23872,-26415,-329,988
-66,68,103,24476,-6879,24867,-25097,-263,1029
-44,-98,-100,24476,-25070,24867,-23780,-1255,1090
-38,-116,-111,24476,-9427,13874,-23044,-462,1085
-25,-113,126,20345,-5777,9206,-22547,-294,915
-20,115,97,18479,4190,5476,-22257,218,805
-32,-125,53,23000,7989,6765,-21898,432,1095
-36,-105,53,21133,3654,3418,-21717,210,1011
-53,-98,8,10009,-7576,381,-21696,-344,471
-4,-117,-19,4706,-18666,745,-21657,-968,234
11,-127,-49,5796,-23005,4946,-21395,-1216,238
19,122,-22,3862,-7583,2299,-21273,-447,169
3,109,-11,-54,-5751,-1038,-21329,-331,0
-2,96,-9,-370,2517,-2618,-21468,107,-14
-1,80,-19,-3161,2044,1879,-21368,83,-186
0,91,-12,-5017,2645,10227,-20826,107,-258
-13,-112,-21,-15576,7949,5460,-20531,407,-819
13,-100,-11,-21981,11866,-9870,-21054,558,-1115
8,-97,-1,-25550,10211,-25076,-22383,481,-1284
23,-107,4,-25550,15024,-25159,-23717,703,-1307
8,92,18,-25550,18434,-25159,-25075,910,-1344
0,46,-2,-25550,9181,-22239,-26254,439,-1282
-9,-6,-8,-22864,-2282,-14922,-27045,26,-1609
-2,-15,6,-17020,-4246,-11488,-27654,-203,-1463
-16,-35,0,-11563,-3905,-6371,-27998,-127,-1190
-22,-35,12,-9743,3145,-4353,-28229,259,-1041
-30,-36,12,-4729,275,383,-28209,139,-761
-41,-48,-1,-3435,1753,4286,-27982,227,-702
-49,-40,-1,8707,-975,10759,-27411,126,-46
-61,-35,25,19131,-7727,13759,-26668,-206,549
-62,41,93,24476,-9772,15402,-25852,-397,994
-55,41,93,24476,-4732,19773,-24804,-151,997
-48,122,124,24476,-3259,21259,-23677,-129,1083
-57,115,91,22789,12001,24116,-22375,682,1037
-90,-112,76,21777,14846,20438,-21292,845,978
-92,-122,59,12207,-14020,14998,-20497,-610,492
-48,-125,33,19564,-11202,14457,-19730,-517,927
-41,-110,32,19263,-10357,16297,-18850,-500,947
-61,-102,18,14241,-16314,14806,-18066,-770,662
-31,-114,9,9608,-14380,4986,-17801,-707,464
-12,-127,-2,5652,-12117,-2634,-17941,-620,293
0,-123,0,4493,-3141,-1361,-18015,-187,259
-2,-106,-24,205,-5224,113,-18009,-288,1
-10,-109,-28,-11052,-1737,-6607,-18359,-98,-581
-6,-126,-49,-21074,-2375,-9798,-18878,-136,-1127
8,110,-47,-21360,-575,-5671,-19184,-71,-1173
3,93,-31,-14769,1240,-1485,-19263,29,-798
-5,117,-16,-8145,6804,2257,-19143,331,-419
-18,127,-17,-8475,12399,-1386,-19217,637,-447
-31,113,-17,-11017,4982,-6176,-19550,293,-613
-18,84,20,-15758,3809,-13387,-20260,214,-845
-3,90,30,-25550,1763,-23060,-21482,71,-1346
0,79,4,-25550,-808,-25159,-22816,-68,-1284
19,34,-5,-25550,-1107,-25159,-24174,-199,-1417
19,-9,-25,-25550,11901,-25087,-25504,434,-1694
-18,-34,-8,-25550,7761,-21466,-26642,477,-1870
24,-77,-51,-12966,-415,-11902,-27272,-106,-1205
20,-77,-40,884,-8301,3022,-27109,-507,-524
-12,-39,17,16665,-3941,16702,-26224,-163,269
-38,-17,38,21097,-8482,21678,-25075,-287,670
-48,59,83,24476,-8249,24829,-23759,-344,1040
-49,89,89,24476,-4243,24867,-22416,-159,1101
-71,-119,112,24476,8040,24867,-21098,471,1096
-83,-121,79,14074,5570,21651,-19951,369,582
-92,-115,70,19280,4190,19080,-18939,309,850
-81,-123,67,13201,-1916,12320,-18274,-10,558
-64,122,53,18085,-12320,12574,-17608,-548,810
-94,-112,70,11706,-16114,10010,-17077,-723,466
-44,-127,47,9131,-25070,7583,-16675,-1230,386
-33,-116,28,10975,-11037,5357,-16386,-545,527
-30,-126,18,9147,-9789,599,-16354,-471,431
-24,-113,28,6503,-11083,1915,-16253,-551,300
-12,-92,36,-2265,-2827,3168,-16085,-152,-140
-24,-92,-9,-13068,-2518,-3813,-16291,-122,-685
-13,-107,-32,-15867,334,-9268,-16782,11,-832
-15,-123,-43,-13943,-2474,-5537,-17075,-126,-757
-12,119,-21,-7773,70,-1384,-17149,0,-413
-15,-126,0,-8693,7869,-2581,-17288,408,-449
-13,-117,17,-24766,3327,-5307,-17569,164,-1268
-2,115,1,-25550,2228,-15470,-18389,93,-1278
18,96,-16,-25550,7450,-22264,-19569,310,-1329
17,28,-24,-25550,7458,-20066,-20653,261,-1480
6,-27,-27,-19857,16927,-14783,-21436,798,-1518
-16,-45,-4,-6396,7019,-7394,-21828,409,-936
-17,-38,13,-4044,4388,-3797,-22030,288,-781
-22,-44,15,-1833,-785,-616,-22063,36,-661
-40,-29,29,-5104,2840,178,-22053,294,-712
-23,-36,24,947,-2412,3729,-21856,-35,-469
-55,-22,34,3484,-1585,8162,-21423,109,-229
-53,-25,37,12839,-1263,11509,-20802,107,247
-72,16,57,15574,-2730,14772,-20019,36,500
-59,19,71,24476,-4950,15909,-19191,-118,936
-89,76,72,24110,5791,21839,-18034,430,1029
-75,109,59,24476,-11772,23696,-16754,-510,1131
-43,-81,66,24476,-10403,24080,-15478,-503,1176
-63,-66,55,24476,-5072,24867,-14160,-213,1178
-49,-51,58,24476,-12928,19226,-13141,-631,1191
-31,-89,35,4466,-11400,6242,-12804,-575,196
-5,126,6,1527,-11234,-1833,-12901,-587,90
0,105,-19,9256,-559,-2970,-13058,-55,457
-15,117,-27,14857,3778,602,-13027,195,723
-14,126,-27,4644,-3042,1301,-12956,-157,213
-7,110,-28,-3007,-4767,3460,-12773,-253,-183
-7,109,-20,-4307,-3614,4354,-12542,-194,-235
-6,116,-12,-6986,2831,407,-12520,130,-355
1,-119,-22,-12665,3713,-204,-12532,164,-665
12,-99,-27,-19373,9483,-1239,-12597,439,-1000
25,-106,-41,-23068,4538,-2239,-12716,167,-1216
16,-115,-66,-18728,7995,-2929,-12871,357,-1027
3,80,-66,1390,2348,-7532,-13278,88,-58
-9,114,12,-4599,9516,-15439,-14096,476,-237
24,78,39,-20916,9133,-25159,-15430,377,-1158
-12,77,20,-25550,9486,-23487,-16674,492,-1341
-18,61,-1,-25550,-2598,-20199,-17765,-93,-1363
0,12,-14,-25550,-6912,-19038,-18774,-378,-1474
0,-8,17,-24600,12342,-17942,-19725,591,-1689
-10,-21,-6,-16236,8512,-11675,-20344,509,-1395
-12,-37,-19,-4355,-2926,-4731,-20600,-109,-789
-14,-31,0,4805,1628,-139,-20607,154,-349
-22,-10,5,16369,-6812,10607,-20045,-125,401
-65,23,82,16423,-5497,9982,-19516,-155,553
-74,23,104,17440,-1462,13265,-18799,38,613
-86,57,120,8445,-327,12528,-18135,89,182
-99,58,98,14818,8085,17636,-17201,549,513
113,61,98,16774,-2530,14252,-16445,49,599
-90,55,86,24476,-9082,16707,-15543,-331,1032
-101,-121,122,24476,-15179,13853,-14809,-681,1075
-53,108,99,12828,-10397,5699,-14507,-475,496
-38,100,54,19322,1657,7230,-14124,133,875
-41,-114,36,24476,3460,9952,-13586,216,1211
-41,-116,15,16126,-256,8426,-13139,26,778
-23,119,-19,8642,-7321,4843,-12883,-354,410
-8,-121,-26,6299,-10923,10365,-12333,-568,302
1,-86,-21,1838,-9383,13451,-11607,-514,95
-4,-120,-32,-9332,-2529,5968,-11291,-147,-500
9,100,-55,-15045,2067,-7428,-11684,60,-854
9,109,-34,-15089,7514,-7681,-12092,337,-812
2,103,-17,-25096,10975,-16431,-12979,538,-1310
-20,-123,1,-25550,10825,-20768,-14080,560,-1307
-10,107,4,-25550,9968,-20886,-15187,504,-1296
-20,79,2,-25550,8131,-15321,-15999,444,-1329
-61,47,19,-24092,11679,-16331,-16864,768,-1411
-14,9,19,-17350,-2969,-13514,-17594,-46,-1148
-42,8,51,-17958,358,-15602,-18421,147,-1216
-19,-13,21,-19800,-5570,-12738,-19096,-161,-1437
-13,-29,2,-15922,-8707,-13174,-19794,-368,-1400
-10,-30,-11,-10935,3440,-6706,-20156,222,-1152
-14,-47,-1,2235,-2768,-149,-20164,-98,-509
-39,-23,37,6603,522,3329,-19988,167,-90
-32,-33,42,10704,-382,7850,-19572,78,85
-70,-18,66,12303,2790,10754,-18991,301,262
-65,6,66,17645,-1407,13599,-18270,80,582
-89,23,101,20497,-5634,12240,-17634,-144,731
-79,56,95,20058,3390,17993,-16680,289,786
124,82,-128,18140,-7982,9992,-16141,-275,704
-59,63,94,13572,-5117,9541,-15635,-175,477
-85,74,76,24476,-1002,14522,-14865,77,1045
-45,105,54,24476,-10936,17051,-13962,-498,1137
-22,-123,32,24476,-1525,15885,-13104,-67,1231
-31,-105,18,24476,-833,11827,-12477,-21,1219
-23,-116,1,14600,-429,3514,-12291,-9,732
-19,-122,-20,4374,-7771,1066,-12234,-388,203
-11,-122,-37,6588,-4930,1089,-12175,-262,305
-18,-113,-14,7301,6103,1367,-12103,314,361
-31,-119,-31,-5865,-6950,-912,-12151,-328,-342
-8,-118,-39,-13226,2270,-4470,-12388,103,-709
12,-125,-43,-17271,-73,-5242,-12671,-49,-943
-10,-117,-54,-22364,1177,-3844,-12875,50,-1196
-8,-120,-52,-21823,7331,-6151,-13201,360,-1167
2,89,-67,-11177,-2669,-5154,-13474,-166,-687
-11,78,-14,-3795,-3214,-4961,-13742,-160,-221
0,71,10,-8223,2564,-9949,-14269,103,-424
9,56,23,-7122,-3548,-8815,-14737,-240,-430
-28,77,48,-11169,7116,-12232,-15385,406,-685
-32,52,44,-24427,-1056,-16221,-16261,19,-1424
-16,25,34,-25550,4,-17882,-17209,55,-1496
-35,6,9,-25550,1791,-13780,-17939,355,-1591
-13,-24,-8,-25550,-6360,-11132,-18529,-237,-1857
-16,-27,-8,-21215,1782,-12373,-19197,186,-1654
-25,-28,19,-6145,-866,-4701,-19446,76,-808
-16,-49,5,-1491,-1243,901,-19399,-15,-691
-33,-9,45,8481,-137,10598,-18837,109,60
-61,9,58,15833,-4187,16383,-17952,-59,515
-65,47,88,15542,-2973,17110,-17045,-44,553
-87,75,106,18312,-5425,17271,-16130,-167,715
-90,77,110,17215,-5178,14705,-15351,-154,658
-89,96,120,18253,-4282,11328,-14739,-128,746
-80,95,125,14519,-3664,9025,-14261,-103,537
-69,64,91,21890,-746,6822,-13899,63,897
-36,122,90,23812,-12245,10757,-13329,-595,1085
-32,-113,45,24476,-298,17577,-12380,7,1211
-52,-104,14,23043,4591,9252,-11889,283,1121
-59,-108,3,7764,-7636,1484,-11811,-326,335
-27,-127,-2,-2529,-7803,-3510,-11997,-374,-149
-32,116,-17,-7031,-10267,-5622,-12300,-496,-407
-4,101,-16,-1555,-5716,-4197,-12523,-305,-88
-13,119,-16,4396,-3365,-965,-12574,-172,211
-23,-103,-5,2249,-353,1266,-12507,-8,106
-24,-123,1,-2827,1404,948,-12456,88,-159
-41,-115,-23,-12630,717,-3155,-12623,75,-689
-9,127,-13,-18460,5133,-6762,-12981,252,-940
-13,121,-31,-20072,-831,-12909,-13665,-43,-1056
-1,74,-17,-13854,15317,-17943,-14634,771,-743
-35,78,1,-17596,93,-13313,-15340,76,-964
-33,57,9,-21599,-2661,-13085,-16034,-41,-1195
-35,46,23,-25550,-11958,-13940,-16772,-495,-1443
-3,6,13,-25550,-10685,-14514,-17556,-523,-1564
1,-20,11,-25550,1437,-17195,-18468,34,-1873
-1,-32,15,-22406,10283,-13071,-19160,508,-1725
-11,-45,-1,-25550,-606,-12610,-19829,0,-1934
-11,-59,-16,-9393,2166,-2319,-19954,129,-1104
-15,-61,-1,3602,-2411,6201,-19625,-93,-453
-39,-15,29,10881,-2072,11954,-18992,65,149
-60,-18,44,17383,-1988,16236,-18131,79,497
-62,32,63,18213,-5117,15920,-17271,-126,691
-79,54,81,24476,-4694,18541,-16307,-103,991
-70,77,99,20203,-7127,14611,-15533,-271,825
-69,103,89,24476,-197,19274,-14511,72,1082
-79,121,95,20950,-3753,16566,-13617,-111,930
-52,127,74,24476,5091,14435,-12852,311,1130
-90,-112,73,13715,-3585,10480,-12296,-91,570
-42,113,48,13358,-6470,6596,-11947,-279,590
-42,-124,36,18381,-2075,11422,-11330,-65,889
-43,-119,19,17226,425,8855,-10860,65,827
-35,-120,-17,15859,-5709,6282,-10527,-258,770
-26,119,-58,15690,-4514,735,-10488,-210,713
-8,122,-41,7022,-5217,-1209,-10554,-281,315
-8,110,-44,2048,-12590,2616,-10415,-649,43
-13,106,-39,-3399,-3028,3706,-10219,-153,-230
-27,113,-36,-6656,-5121,4221,-9995,-234,-398
-45,-89,-28,-13263,4037,1024,-9940,244,-730
-7,-127,-66,-21649,-1911,-7549,-10340,-110,-1182
26,127,-54,-22223,9125,-8345,-10782,394,-1204
13,103,-47,-24084,452,-10177,-11321,-30,-1299
-21,121,-9,-21147,11075,-12546,-11999,588,-1111
-1,87,-1,-25550,6394,-21155,-13120,303,-1277
-14,59,1,-22762,11283,-23661,-14374,603,-1185
-9,38,8,-21500,377,-18901,-15376,45,-1135
-20,5,15,-25550,-5037,-16055,-16243,-78,-1607
-7,-13,1,-23044,-5518,-14527,-17013,-191,-1748
-9,-39,-1,-17143,3904,-11927,-17645,225,-1511
-38,-34,27,-9036,11571,-10345,-18193,726,-937
-45,-38,20,-6111,-8556,-4664,-18441,-276,-793
-25,-46,19,-2588,-2750,55,-18438,-62,-687
-39,-31,25,798,-2721,8295,-17998,14,-425
-50,-29,30,13965,-3693,16154,-17142,-13,271
-82,8,59,14762,-3607,19267,-16121,6,438
-81,40,86,21750,-5015,17097,-15197,-123,870
